"sutta_id","title","nikaya","nikaya_name","folder","status","completion_score_pct","has_sutta_text","has_commentary","has_transcript","has_quiz","has_knowledge_graph","has_video_audio","has_mp4","has_srt","has_metrics","has_en_translation","has_jp_translation","youtube_id","youtube_url","sc_link","available_languages","json_file_path","mp4_file_path","srt_file_path","metrics_file_path","active_features_count","features_list","last_edited_timestamp"
"AN 1","Crossing the Flood & Emancipation","AN","Anguttara Nikaya","1","RAW","85","False","False","True","False","False","False","True","True","False","False","False","","","","Count IsFixedSize IsReadOnly IsSynchronized Length LongLength Rank SyncRoot","Anguttara Nikaya by Bhante Hye Dhammavuddho Mahathera\1\1.json","Anguttara Nikaya by Bhante Hye Dhammavuddho Mahathera\1\1.mp4","Anguttara Nikaya by Bhante Hye Dhammavuddho Mahathera\1\1.en.srt","","11","COUNT ISFIXEDSIZE ISREADONLY ISSYNCHRONIZED LENGTH LONGLENGTH MP4 RANK SRT SYNCROOT TRN","1786962846753"
"AN 1.1","Rūpādi Vagga","AN","Anguttara Nikaya","1_1","RAW","85","False","False","True","False","False","False","True","True","False","False","False","","","https://suttacentral.net/an1.1-10","Count IsFixedSize IsReadOnly IsSynchronized Length LongLength Rank SyncRoot","frontendoptimised2\downloads\Anguttara Nikaya by Bhante Hye Dhammavuddho Mahathera\1_1\1_1.json","frontendoptimised2\downloads\Anguttara Nikaya by Bhante Hye Dhammavuddho Mahathera\1_1\1_1.mp4","frontendoptimised2\downloads\Anguttara Nikaya by Bhante Hye Dhammavuddho Mahathera\1_1\1_1.en.srt","","12","COUNT ISFIXEDSIZE ISREADONLY ISSYNCHRONIZED LENGTH LONGLENGTH MP4 RANK SC SRT SYNCROOT TRN","1786962846771"
"AN 1.2","Nīvaraṇappahāna Vagga","AN","Anguttara Nikaya","1_2","RAW","85","False","False","True","False","False","False","True","True","False","False","False","","","https://suttacentral.net/an1.11-20","Count IsFixedSize IsReadOnly IsSynchronized Length LongLength Rank SyncRoot","frontendoptimised2\downloads\Anguttara Nikaya by Bhante Hye Dhammavuddho Mahathera\1_2\1_2.json","frontendoptimised2\downloads\Anguttara Nikaya by Bhante Hye Dhammavuddho Mahathera\1_2\1_2.mp4","frontendoptimised2\downloads\Anguttara Nikaya by Bhante Hye Dhammavuddho Mahathera\1_2\1_2.en.srt","","12","COUNT ISFIXEDSIZE ISREADONLY ISSYNCHRONIZED LENGTH LONGLENGTH MP4 RANK SC SRT SYNCROOT TRN","1786962846994"
"AN 1.3.1","Unworkable","AN","Anguttara Nikaya","1_3_1","COMPLETE","100","True","True","True","True","True","False","True","True","False","False","False","","","https://suttacentral.net/an1.21-30","Count IsFixedSize IsReadOnly IsSynchronized Length LongLength Rank SyncRoot","frontendoptimised2\downloads\Anguttara Nikaya by Bhante Hye Dhammavuddho Mahathera\1_3_1\1_3_1.json","frontendoptimised2\downloads\Anguttara Nikaya by Bhante Hye Dhammavuddho Mahathera\1_3_1\1_3_1.mp4","frontendoptimised2\downloads\Anguttara Nikaya by Bhante Hye Dhammavuddho Mahathera\1_3_1\1_3_1.en.srt","","16","COM COUNT ISFIXEDSIZE ISREADONLY ISSYNCHRONIZED KG LENGTH LONGLENGTH MP4 QZ RANK SC SRT SYNCROOT TRN TXT","1786962847133"
"AN 1.3.2","A Controllable Mind","AN","Anguttara Nikaya","1_3_2","RAW","85","True","True","False","False","False","False","True","True","False","True","False","","","https://suttacentral.net/an1.22","en","frontendoptimised2\downloads\Anguttara Nikaya by Bhante Hye Dhammavuddho Mahathera\1_3_2\1_3_2.json","frontendoptimised2\downloads\Anguttara Nikaya by Bhante Hye Dhammavuddho Mahathera\1_3_2\1_3_2.mp4","frontendoptimised2\downloads\Anguttara Nikaya by Bhante Hye Dhammavuddho Mahathera\1_3_2\1_3_2.en.srt","","6","COM EN MP4 SC SRT TXT","1786167769400"
"AN 1.3.3","Unworkable","AN","Anguttara Nikaya","1_3_3","COMPLETE","100","True","True","True","True","True","False","True","True","False","False","False","","","https://suttacentral.net/an1.21-30","Count IsFixedSize IsReadOnly IsSynchronized Length LongLength Rank SyncRoot","frontendoptimised2\downloads\Anguttara Nikaya by Bhante Hye Dhammavuddho Mahathera\1_3_3\1_3_3.json","frontendoptimised2\downloads\Anguttara Nikaya by Bhante Hye Dhammavuddho Mahathera\1_3_3\1_3_3.mp4","frontendoptimised2\downloads\Anguttara Nikaya by Bhante Hye Dhammavuddho Mahathera\1_3_3\1_3_3.en.srt","","16","COM COUNT ISFIXEDSIZE ISREADONLY ISSYNCHRONIZED KG LENGTH LONGLENGTH MP4 QZ RANK SC SRT SYNCROOT TRN TXT","1786962847187"
"AN 1.5.6","Luminous Mind","AN","Anguttara Nikaya","1_5_6","COMPLETE","100","True","True","True","True","True","False","True","True","False","False","False","","","https://suttacentral.net/an1.41-50","Count IsFixedSize IsReadOnly IsSynchronized Length LongLength Rank SyncRoot","frontendoptimised2\downloads\Anguttara Nikaya by Bhante Hye Dhammavuddho Mahathera\1_5_6\1_5_6.json","frontendoptimised2\downloads\Anguttara Nikaya by Bhante Hye Dhammavuddho Mahathera\1_5_6\1_5_6.mp4","frontendoptimised2\downloads\Anguttara Nikaya by Bhante Hye Dhammavuddho Mahathera\1_5_6\1_5_6.en.srt","","16","COM COUNT ISFIXEDSIZE ISREADONLY ISSYNCHRONIZED KG LENGTH LONGLENGTH MP4 QZ RANK SC SRT SYNCROOT TRN TXT","1786962847262"
"AN 1.6.3","Unsuitability for Awakening","AN","Anguttara Nikaya","1_6_3","COMPLETE","100","True","True","True","True","True","False","True","True","False","False","False","","","https://suttacentral.net/an1.51-60","Count IsFixedSize IsReadOnly IsSynchronized Length LongLength Rank SyncRoot","frontendoptimised2\downloads\Anguttara Nikaya by Bhante Hye Dhammavuddho Mahathera\1_6_3\1_6_3.json","frontendoptimised2\downloads\Anguttara Nikaya by Bhante Hye Dhammavuddho Mahathera\1_6_3\1_6_3.mp4","frontendoptimised2\downloads\Anguttara Nikaya by Bhante Hye Dhammavuddho Mahathera\1_6_3\1_6_3.en.srt","","16","COM COUNT ISFIXEDSIZE ISREADONLY ISSYNCHRONIZED KG LENGTH LONGLENGTH MP4 QZ RANK SC SRT SYNCROOT TRN TXT","1786962847328"
"AN 1.10.18","Development of the Mind","AN","Anguttara Nikaya","1_10_18","COMPLETE","100","True","True","True","True","True","False","True","True","False","False","False","","","https://suttacentral.net/an1.306-315","Count IsFixedSize IsReadOnly IsSynchronized Length LongLength Rank SyncRoot","frontendoptimised2\downloads\Anguttara Nikaya by Bhante Hye Dhammavuddho Mahathera\1_10_18\1_10_18.json","frontendoptimised2\downloads\Anguttara Nikaya by Bhante Hye Dhammavuddho Mahathera\1_10_18\1_10_18.mp4","frontendoptimised2\downloads\Anguttara Nikaya by Bhante Hye Dhammavuddho Mahathera\1_10_18\1_10_18.en.srt","","16","COM COUNT ISFIXEDSIZE ISREADONLY ISSYNCHRONIZED KG LENGTH LONGLENGTH MP4 QZ RANK SC SRT SYNCROOT TRN TXT","1786962846871"
"AN 1.18.4","Makkhali Sutta","AN","Anguttara Nikaya","1_18_4","RAW","85","False","False","True","False","False","False","True","True","False","False","False","","","https://suttacentral.net/an1.316-332","Count IsFixedSize IsReadOnly IsSynchronized Length LongLength Rank SyncRoot","frontendoptimised2\downloads\Anguttara Nikaya by Bhante Hye Dhammavuddho Mahathera\1_18_4\1_18_4.json","frontendoptimised2\downloads\Anguttara Nikaya by Bhante Hye Dhammavuddho Mahathera\1_18_4\1_18_4.mp4","frontendoptimised2\downloads\Anguttara Nikaya by Bhante Hye Dhammavuddho Mahathera\1_18_4\1_18_4.en.srt","","12","COUNT ISFIXEDSIZE ISREADONLY ISSYNCHRONIZED LENGTH LONGLENGTH MP4 RANK SC SRT SYNCROOT TRN","1786962846888"
"AN 1.19","Development of the Mind","AN","Anguttara Nikaya","1_19","COMPLETE","100","True","True","True","True","True","False","True","True","False","False","False","","","https://suttacentral.net/an1.333-377","Count IsFixedSize IsReadOnly IsSynchronized Length LongLength Rank SyncRoot","frontendoptimised2\downloads\Anguttara Nikaya by Bhante Hye Dhammavuddho Mahathera\1_19\1_19.json","frontendoptimised2\downloads\Anguttara Nikaya by Bhante Hye Dhammavuddho Mahathera\1_19\1_19.mp4","frontendoptimised2\downloads\Anguttara Nikaya by Bhante Hye Dhammavuddho Mahathera\1_19\1_19.en.srt","","16","COM COUNT ISFIXEDSIZE ISREADONLY ISSYNCHRONIZED KG LENGTH LONGLENGTH MP4 QZ RANK SC SRT SYNCROOT TRN TXT","1786962846932"
"AN 1.19.2","Arousal of Energy","AN","Anguttara Nikaya","1_19_2","COMPLETE","100","True","True","True","True","True","False","True","True","False","False","False","","","https://suttacentral.net/an1.333-377","Count IsFixedSize IsReadOnly IsSynchronized Length LongLength Rank SyncRoot","frontendoptimised2\downloads\Anguttara Nikaya by Bhante Hye Dhammavuddho Mahathera\1_19_2\1_19_2.json","frontendoptimised2\downloads\Anguttara Nikaya by Bhante Hye Dhammavuddho Mahathera\1_19_2\1_19_2.mp4","frontendoptimised2\downloads\Anguttara Nikaya by Bhante Hye Dhammavuddho Mahathera\1_19_2\1_19_2.en.srt","","16","COM COUNT ISFIXEDSIZE ISREADONLY ISSYNCHRONIZED KG LENGTH LONGLENGTH MP4 QZ RANK SC SRT SYNCROOT TRN TXT","1786962846981"
"AN 1.20.1","The Untamed Mind","AN","Anguttara Nikaya","1_20_1","COMPLETE","100","True","True","True","True","True","False","True","True","False","False","False","","","https://suttacentral.net/an1.378-401","Count IsFixedSize IsReadOnly IsSynchronized Length LongLength Rank SyncRoot","frontendoptimised2\downloads\Anguttara Nikaya by Bhante Hye Dhammavuddho Mahathera\1_20_1\1_20_1.json","frontendoptimised2\downloads\Anguttara Nikaya by Bhante Hye Dhammavuddho Mahathera\1_20_1\1_20_1.mp4","frontendoptimised2\downloads\Anguttara Nikaya by Bhante Hye Dhammavuddho Mahathera\1_20_1\1_20_1.en.srt","","16","COM COUNT ISFIXEDSIZE ISREADONLY ISSYNCHRONIZED KG LENGTH LONGLENGTH MP4 QZ RANK SC SRT SYNCROOT TRN TXT","1786962847063"
"AN 1.21.47","Development of Loving-Kindness","AN","Anguttara Nikaya","1_21_47","COMPLETE","100","True","True","True","True","True","False","True","True","False","False","False","","","https://suttacentral.net/an1.575-627","Count IsFixedSize IsReadOnly IsSynchronized Length LongLength Rank SyncRoot","frontendoptimised2\downloads\Anguttara Nikaya by Bhante Hye Dhammavuddho Mahathera\1_21_47\1_21_47.json","frontendoptimised2\downloads\Anguttara Nikaya by Bhante Hye Dhammavuddho Mahathera\1_21_47\1_21_47.mp4","frontendoptimised2\downloads\Anguttara Nikaya by Bhante Hye Dhammavuddho Mahathera\1_21_47\1_21_47.en.srt","","16","COM COUNT ISFIXEDSIZE ISREADONLY ISSYNCHRONIZED KG LENGTH LONGLENGTH MP4 QZ RANK SC SRT SYNCROOT TRN TXT","1786962847100"
"AN 2","AN 2","AN","Anguttara Nikaya","2","RAW","85","False","False","True","False","False","False","True","True","False","False","False","","","","Count IsFixedSize IsReadOnly IsSynchronized Length LongLength Rank SyncRoot","Anguttara Nikaya by Bhante Hye Dhammavuddho Mahathera\2\2.json","Anguttara Nikaya by Bhante Hye Dhammavuddho Mahathera\2\2.mp4","Anguttara Nikaya by Bhante Hye Dhammavuddho Mahathera\2\2.en.srt","","11","COUNT ISFIXEDSIZE ISREADONLY ISSYNCHRONIZED LENGTH LONGLENGTH MP4 RANK SRT SYNCROOT TRN","1786962847708"
"AN 2.1.3","Tapanīya Sutta","AN","Anguttara Nikaya","2_1_3","COMPLETE","100","True","True","True","True","True","False","True","True","False","False","False","","","https://suttacentral.net/an2.1-10","Count IsFixedSize IsReadOnly IsSynchronized Length LongLength Rank SyncRoot","frontendoptimised2\downloads\Anguttara Nikaya by Bhante Hye Dhammavuddho Mahathera\2_1_3\2_1_3.json","frontendoptimised2\downloads\Anguttara Nikaya by Bhante Hye Dhammavuddho Mahathera\2_1_3\2_1_3.mp4","frontendoptimised2\downloads\Anguttara Nikaya by Bhante Hye Dhammavuddho Mahathera\2_1_3\2_1_3.en.srt","","16","COM COUNT ISFIXEDSIZE ISREADONLY ISSYNCHRONIZED KG LENGTH LONGLENGTH MP4 QZ RANK SC SRT SYNCROOT TRN TXT","1786962847781"
"AN 2.2.5","Strict Self-Examination & Commission and Omission","AN","Anguttara Nikaya","2_2_5","RAW","85","True","True","False","False","False","False","True","True","False","True","False","","","https://suttacentral.net/an2.15","en","frontendoptimised2\downloads\Anguttara Nikaya by Bhante Hye Dhammavuddho Mahathera\2_2_5\2_2_5.json","frontendoptimised2\downloads\Anguttara Nikaya by Bhante Hye Dhammavuddho Mahathera\2_2_5\2_2_5.mp4","frontendoptimised2\downloads\Anguttara Nikaya by Bhante Hye Dhammavuddho Mahathera\2_2_5\2_2_5.en.srt","","6","COM EN MP4 SC SRT TXT","1786167769476"
"AN 2.3.9","Aranya Sutta","AN","Anguttara Nikaya","2_3_9","RAW","85","False","False","True","False","False","False","True","True","False","False","False","","","https://suttacentral.net/an2.30","Count IsFixedSize IsReadOnly IsSynchronized Length LongLength Rank SyncRoot","frontendoptimised2\downloads\Anguttara Nikaya by Bhante Hye Dhammavuddho Mahathera\2_3_9\2_3_9.json","frontendoptimised2\downloads\Anguttara Nikaya by Bhante Hye Dhammavuddho Mahathera\2_3_9\2_3_9.mp4","frontendoptimised2\downloads\Anguttara Nikaya by Bhante Hye Dhammavuddho Mahathera\2_3_9\2_3_9.en.srt","","12","COUNT ISFIXEDSIZE ISREADONLY ISSYNCHRONIZED LENGTH LONGLENGTH MP4 RANK SC SRT SYNCROOT TRN","1786962847815"
"AN 2.4","Cūḷani Sutta / Parisā Sutta","AN","Anguttara Nikaya","2_4","RAW","85","False","False","True","False","False","False","True","True","False","False","False","","","https://suttacentral.net/an2.32-41","Count IsFixedSize IsReadOnly IsSynchronized Length LongLength Rank SyncRoot","frontendoptimised2\downloads\Anguttara Nikaya by Bhante Hye Dhammavuddho Mahathera\2_4\2_4.json","frontendoptimised2\downloads\Anguttara Nikaya by Bhante Hye Dhammavuddho Mahathera\2_4\2_4.mp4","frontendoptimised2\downloads\Anguttara Nikaya by Bhante Hye Dhammavuddho Mahathera\2_4\2_4.en.srt","","12","COUNT ISFIXEDSIZE ISREADONLY ISSYNCHRONIZED LENGTH LONGLENGTH MP4 RANK SC SRT SYNCROOT TRN","1786962847831"
"AN 2.4.1","The Grateful and Thankful","AN","Anguttara Nikaya","2_4_1","COMPLETE","100","True","True","True","True","True","False","True","True","False","False","False","","","https://suttacentral.net/an2.31","Count IsFixedSize IsReadOnly IsSynchronized Length LongLength Rank SyncRoot","frontendoptimised2\downloads\Anguttara Nikaya by Bhante Hye Dhammavuddho Mahathera\2_4_1\2_4_1.json","frontendoptimised2\downloads\Anguttara Nikaya by Bhante Hye Dhammavuddho Mahathera\2_4_1\2_4_1.mp4","frontendoptimised2\downloads\Anguttara Nikaya by Bhante Hye Dhammavuddho Mahathera\2_4_1\2_4_1.en.srt","","16","COM COUNT ISFIXEDSIZE ISREADONLY ISSYNCHRONIZED KG LENGTH LONGLENGTH MP4 QZ RANK SC SRT SYNCROOT TRN TXT","1786962847869"
"AN 2.4.2","The Grateful and Thankful Sutta","AN","Anguttara Nikaya","2_4_2","COMPLETE","100","True","True","True","True","True","False","True","True","False","False","False","","","https://suttacentral.net/an2.32","Count IsFixedSize IsReadOnly IsSynchronized Length LongLength Rank SyncRoot","frontendoptimised2\downloads\Anguttara Nikaya by Bhante Hye Dhammavuddho Mahathera\2_4_2\2_4_2.json","frontendoptimised2\downloads\Anguttara Nikaya by Bhante Hye Dhammavuddho Mahathera\2_4_2\2_4_2.mp4","frontendoptimised2\downloads\Anguttara Nikaya by Bhante Hye Dhammavuddho Mahathera\2_4_2\2_4_2.en.srt","","16","COM COUNT ISFIXEDSIZE ISREADONLY ISSYNCHRONIZED KG LENGTH LONGLENGTH MP4 QZ RANK SC SRT SYNCROOT TRN TXT","1786962847943"
"AN 2.5.6","Parisā Sutta","AN","Anguttara Nikaya","2_5_6","COMPLETE","100","True","True","True","True","True","False","True","True","False","False","False","","","https://suttacentral.net/an2.42-51","Count IsFixedSize IsReadOnly IsSynchronized Length LongLength Rank SyncRoot","frontendoptimised2\downloads\Anguttara Nikaya by Bhante Hye Dhammavuddho Mahathera\2_5_6\2_5_6.json","frontendoptimised2\downloads\Anguttara Nikaya by Bhante Hye Dhammavuddho Mahathera\2_5_6\2_5_6.mp4","frontendoptimised2\downloads\Anguttara Nikaya by Bhante Hye Dhammavuddho Mahathera\2_5_6\2_5_6.en.srt","","16","COM COUNT ISFIXEDSIZE ISREADONLY ISSYNCHRONIZED KG LENGTH LONGLENGTH MP4 QZ RANK SC SRT SYNCROOT TRN TXT","1786962848023"
"AN 3","AN 3","AN","Anguttara Nikaya","3","RAW","85","False","False","True","False","False","False","True","True","False","False","False","","","","Count IsFixedSize IsReadOnly IsSynchronized Length LongLength Rank SyncRoot","Anguttara Nikaya by Bhante Hye Dhammavuddho Mahathera\3\3.json","Anguttara Nikaya by Bhante Hye Dhammavuddho Mahathera\3\3.mp4","Anguttara Nikaya by Bhante Hye Dhammavuddho Mahathera\3\3.en.srt","","11","COUNT ISFIXEDSIZE ISREADONLY ISSYNCHRONIZED LENGTH LONGLENGTH MP4 RANK SRT SYNCROOT TRN","1786962848040"
"AN 3.2.12","AN 3.2.12","AN","Anguttara Nikaya","3_2_12","RAW","85","False","False","True","False","False","False","True","True","False","False","False","","","https://suttacentral.net/an3.12","Count IsFixedSize IsReadOnly IsSynchronized Length LongLength Rank SyncRoot","frontendoptimised2\downloads\Anguttara Nikaya by Bhante Hye Dhammavuddho Mahathera\3_2_12\3_2_12.json","frontendoptimised2\downloads\Anguttara Nikaya by Bhante Hye Dhammavuddho Mahathera\3_2_12\3_2_12.mp4","frontendoptimised2\downloads\Anguttara Nikaya by Bhante Hye Dhammavuddho Mahathera\3_2_12\3_2_12.en.srt","","12","COUNT ISFIXEDSIZE ISREADONLY ISSYNCHRONIZED LENGTH LONGLENGTH MP4 RANK SC SRT SYNCROOT TRN","1786962848620"
"AN 3.3.24","AN 3.3.24","AN","Anguttara Nikaya","3_3_24","RAW","85","False","False","True","False","False","False","True","True","False","False","False","","","https://suttacentral.net/an3.24","Count IsFixedSize IsReadOnly IsSynchronized Length LongLength Rank SyncRoot","frontendoptimised2\downloads\Anguttara Nikaya by Bhante Hye Dhammavuddho Mahathera\3_3_24\3_3_24.json","frontendoptimised2\downloads\Anguttara Nikaya by Bhante Hye Dhammavuddho Mahathera\3_3_24\3_3_24.mp4","frontendoptimised2\downloads\Anguttara Nikaya by Bhante Hye Dhammavuddho Mahathera\3_3_24\3_3_24.en.srt","","12","COUNT ISFIXEDSIZE ISREADONLY ISSYNCHRONIZED LENGTH LONGLENGTH MP4 RANK SC SRT SYNCROOT TRN","1786962848634"
"AN 3.3.26","AN 3.3.26","AN","Anguttara Nikaya","3_3_26","RAW","85","False","False","True","False","False","False","True","True","False","False","False","","","https://suttacentral.net/an3.26","Count IsFixedSize IsReadOnly IsSynchronized Length LongLength Rank SyncRoot","frontendoptimised2\downloads\Anguttara Nikaya by Bhante Hye Dhammavuddho Mahathera\3_3_26\3_3_26.json","frontendoptimised2\downloads\Anguttara Nikaya by Bhante Hye Dhammavuddho Mahathera\3_3_26\3_3_26.mp4","frontendoptimised2\downloads\Anguttara Nikaya by Bhante Hye Dhammavuddho Mahathera\3_3_26\3_3_26.en.srt","","12","COUNT ISFIXEDSIZE ISREADONLY ISSYNCHRONIZED LENGTH LONGLENGTH MP4 RANK SC SRT SYNCROOT TRN","1786962848648"
"AN 3.4.34","AN 3.4.34","AN","Anguttara Nikaya","3_4_34","RAW","85","False","False","True","False","False","False","True","True","False","False","False","","","https://suttacentral.net/an3.34","Count IsFixedSize IsReadOnly IsSynchronized Length LongLength Rank SyncRoot","frontendoptimised2\downloads\Anguttara Nikaya by Bhante Hye Dhammavuddho Mahathera\3_4_34\3_4_34.json","frontendoptimised2\downloads\Anguttara Nikaya by Bhante Hye Dhammavuddho Mahathera\3_4_34\3_4_34.mp4","frontendoptimised2\downloads\Anguttara Nikaya by Bhante Hye Dhammavuddho Mahathera\3_4_34\3_4_34.en.srt","","12","COUNT ISFIXEDSIZE ISREADONLY ISSYNCHRONIZED LENGTH LONGLENGTH MP4 RANK SC SRT SYNCROOT TRN","1786962848734"
"AN 3.4.38","AN 3.4.38","AN","Anguttara Nikaya","3_4_38","RAW","85","False","False","True","False","False","False","True","True","False","False","False","","","https://suttacentral.net/an3.38","Count IsFixedSize IsReadOnly IsSynchronized Length LongLength Rank SyncRoot","frontendoptimised2\downloads\Anguttara Nikaya by Bhante Hye Dhammavuddho Mahathera\3_4_38\3_4_38.json","frontendoptimised2\downloads\Anguttara Nikaya by Bhante Hye Dhammavuddho Mahathera\3_4_38\3_4_38.mp4","frontendoptimised2\downloads\Anguttara Nikaya by Bhante Hye Dhammavuddho Mahathera\3_4_38\3_4_38.en.srt","","12","COUNT ISFIXEDSIZE ISREADONLY ISSYNCHRONIZED LENGTH LONGLENGTH MP4 RANK SC SRT SYNCROOT TRN","1786962848791"
"AN 3.4.39","AN 3.4.39","AN","Anguttara Nikaya","3_4_39","RAW","85","False","False","True","False","False","False","True","True","False","False","False","","","https://suttacentral.net/an3.39","Count IsFixedSize IsReadOnly IsSynchronized Length LongLength Rank SyncRoot","frontendoptimised2\downloads\Anguttara Nikaya by Bhante Hye Dhammavuddho Mahathera\3_4_39\3_4_39.json","frontendoptimised2\downloads\Anguttara Nikaya by Bhante Hye Dhammavuddho Mahathera\3_4_39\3_4_39.mp4","frontendoptimised2\downloads\Anguttara Nikaya by Bhante Hye Dhammavuddho Mahathera\3_4_39\3_4_39.en.srt","","12","COUNT ISFIXEDSIZE ISREADONLY ISSYNCHRONIZED LENGTH LONGLENGTH MP4 RANK SC SRT SYNCROOT TRN","1786962848831"
"AN 3.4.40","AN 3.4.40","AN","Anguttara Nikaya","3_4_40","RAW","85","False","False","True","False","False","False","True","True","False","False","False","","","https://suttacentral.net/an3.40","Count IsFixedSize IsReadOnly IsSynchronized Length LongLength Rank SyncRoot","frontendoptimised2\downloads\Anguttara Nikaya by Bhante Hye Dhammavuddho Mahathera\3_4_40\3_4_40.json","frontendoptimised2\downloads\Anguttara Nikaya by Bhante Hye Dhammavuddho Mahathera\3_4_40\3_4_40.mp4","frontendoptimised2\downloads\Anguttara Nikaya by Bhante Hye Dhammavuddho Mahathera\3_4_40\3_4_40.en.srt","","12","COUNT ISFIXEDSIZE ISREADONLY ISSYNCHRONIZED LENGTH LONGLENGTH MP4 RANK SC SRT SYNCROOT TRN","1786962848896"
"AN 3.5.45","AN 3.5.45","AN","Anguttara Nikaya","3_5_45","RAW","85","False","False","True","False","False","False","True","True","False","False","False","","","https://suttacentral.net/an3.45","Count IsFixedSize IsReadOnly IsSynchronized Length LongLength Rank SyncRoot","frontendoptimised2\downloads\Anguttara Nikaya by Bhante Hye Dhammavuddho Mahathera\3_5_45\3_5_45.json","frontendoptimised2\downloads\Anguttara Nikaya by Bhante Hye Dhammavuddho Mahathera\3_5_45\3_5_45.mp4","frontendoptimised2\downloads\Anguttara Nikaya by Bhante Hye Dhammavuddho Mahathera\3_5_45\3_5_45.en.srt","","12","COUNT ISFIXEDSIZE ISREADONLY ISSYNCHRONIZED LENGTH LONGLENGTH MP4 RANK SC SRT SYNCROOT TRN","1786962848973"
"AN 3.6.58","AN 3.6.58","AN","Anguttara Nikaya","3_6_58","RAW","85","False","False","True","False","False","False","True","True","False","False","False","","","https://suttacentral.net/an3.58","Count IsFixedSize IsReadOnly IsSynchronized Length LongLength Rank SyncRoot","frontendoptimised2\downloads\Anguttara Nikaya by Bhante Hye Dhammavuddho Mahathera\3_6_58\3_6_58.json","frontendoptimised2\downloads\Anguttara Nikaya by Bhante Hye Dhammavuddho Mahathera\3_6_58\3_6_58.mp4","frontendoptimised2\downloads\Anguttara Nikaya by Bhante Hye Dhammavuddho Mahathera\3_6_58\3_6_58.en.srt","","12","COUNT ISFIXEDSIZE ISREADONLY ISSYNCHRONIZED LENGTH LONGLENGTH MP4 RANK SC SRT SYNCROOT TRN","1786962848988"
"AN 3.7.7","AN 3.7.7","AN","Anguttara Nikaya","3_7_7","RAW","85","False","False","True","False","False","False","True","True","False","False","False","","","https://suttacentral.net/an3.7","Count IsFixedSize IsReadOnly IsSynchronized Length LongLength Rank SyncRoot","frontendoptimised2\downloads\Anguttara Nikaya by Bhante Hye Dhammavuddho Mahathera\3_7_7\3_7_7.json","frontendoptimised2\downloads\Anguttara Nikaya by Bhante Hye Dhammavuddho Mahathera\3_7_7\3_7_7.mp4","frontendoptimised2\downloads\Anguttara Nikaya by Bhante Hye Dhammavuddho Mahathera\3_7_7\3_7_7.en.srt","","12","COUNT ISFIXEDSIZE ISREADONLY ISSYNCHRONIZED LENGTH LONGLENGTH MP4 RANK SC SRT SYNCROOT TRN","1786962849044"
"AN 3.7.63","AN 3.7.63","AN","Anguttara Nikaya","3_7_63","RAW","85","False","False","True","False","False","False","True","True","False","False","False","","","https://suttacentral.net/an3.63","Count IsFixedSize IsReadOnly IsSynchronized Length LongLength Rank SyncRoot","frontendoptimised2\downloads\Anguttara Nikaya by Bhante Hye Dhammavuddho Mahathera\3_7_63\3_7_63.json","frontendoptimised2\downloads\Anguttara Nikaya by Bhante Hye Dhammavuddho Mahathera\3_7_63\3_7_63.mp4","frontendoptimised2\downloads\Anguttara Nikaya by Bhante Hye Dhammavuddho Mahathera\3_7_63\3_7_63.en.srt","","12","COUNT ISFIXEDSIZE ISREADONLY ISSYNCHRONIZED LENGTH LONGLENGTH MP4 RANK SC SRT SYNCROOT TRN","1786962849003"
"AN 3.7.64","AN 3.7.64","AN","Anguttara Nikaya","3_7_64","RAW","85","False","False","True","False","False","False","True","True","False","False","False","","","https://suttacentral.net/an3.64","Count IsFixedSize IsReadOnly IsSynchronized Length LongLength Rank SyncRoot","frontendoptimised2\downloads\Anguttara Nikaya by Bhante Hye Dhammavuddho Mahathera\3_7_64\3_7_64.json","frontendoptimised2\downloads\Anguttara Nikaya by Bhante Hye Dhammavuddho Mahathera\3_7_64\3_7_64.mp4","frontendoptimised2\downloads\Anguttara Nikaya by Bhante Hye Dhammavuddho Mahathera\3_7_64\3_7_64.en.srt","","12","COUNT ISFIXEDSIZE ISREADONLY ISSYNCHRONIZED LENGTH LONGLENGTH MP4 RANK SC SRT SYNCROOT TRN","1786962849016"
"AN 3.7.65","AN 3.7.65","AN","Anguttara Nikaya","3_7_65","RAW","85","False","False","True","False","False","False","True","True","False","False","False","","","https://suttacentral.net/an3.65","Count IsFixedSize IsReadOnly IsSynchronized Length LongLength Rank SyncRoot","frontendoptimised2\downloads\Anguttara Nikaya by Bhante Hye Dhammavuddho Mahathera\3_7_65\3_7_65.json","frontendoptimised2\downloads\Anguttara Nikaya by Bhante Hye Dhammavuddho Mahathera\3_7_65\3_7_65.mp4","frontendoptimised2\downloads\Anguttara Nikaya by Bhante Hye Dhammavuddho Mahathera\3_7_65\3_7_65.en.srt","","12","COUNT ISFIXEDSIZE ISREADONLY ISSYNCHRONIZED LENGTH LONGLENGTH MP4 RANK SC SRT SYNCROOT TRN","1786962849028"
"AN 3.8.72","AN 3.8.72","AN","Anguttara Nikaya","3_8_72","RAW","85","False","False","True","False","False","False","True","True","False","False","False","","","https://suttacentral.net/an3.72","Count IsFixedSize IsReadOnly IsSynchronized Length LongLength Rank SyncRoot","frontendoptimised2\downloads\Anguttara Nikaya by Bhante Hye Dhammavuddho Mahathera\3_8_72\3_8_72.json","frontendoptimised2\downloads\Anguttara Nikaya by Bhante Hye Dhammavuddho Mahathera\3_8_72\3_8_72.mp4","frontendoptimised2\downloads\Anguttara Nikaya by Bhante Hye Dhammavuddho Mahathera\3_8_72\3_8_72.en.srt","","12","COUNT ISFIXEDSIZE ISREADONLY ISSYNCHRONIZED LENGTH LONGLENGTH MP4 RANK SC SRT SYNCROOT TRN","1786962849058"
"AN 3.8.75","AN 3.8.75","AN","Anguttara Nikaya","3_8_75","RAW","85","False","False","True","False","False","False","True","True","False","False","False","","","https://suttacentral.net/an3.75","Count IsFixedSize IsReadOnly IsSynchronized Length LongLength Rank SyncRoot","frontendoptimised2\downloads\Anguttara Nikaya by Bhante Hye Dhammavuddho Mahathera\3_8_75\3_8_75.json","frontendoptimised2\downloads\Anguttara Nikaya by Bhante Hye Dhammavuddho Mahathera\3_8_75\3_8_75.mp4","frontendoptimised2\downloads\Anguttara Nikaya by Bhante Hye Dhammavuddho Mahathera\3_8_75\3_8_75.en.srt","","12","COUNT ISFIXEDSIZE ISREADONLY ISSYNCHRONIZED LENGTH LONGLENGTH MP4 RANK SC SRT SYNCROOT TRN","1786962849073"
"AN 3.8.76","AN 3.8.76","AN","Anguttara Nikaya","3_8_76","RAW","85","False","False","True","False","False","False","True","True","False","False","False","","","https://suttacentral.net/an3.76","Count IsFixedSize IsReadOnly IsSynchronized Length LongLength Rank SyncRoot","frontendoptimised2\downloads\Anguttara Nikaya by Bhante Hye Dhammavuddho Mahathera\3_8_76\3_8_76.json","frontendoptimised2\downloads\Anguttara Nikaya by Bhante Hye Dhammavuddho Mahathera\3_8_76\3_8_76.mp4","frontendoptimised2\downloads\Anguttara Nikaya by Bhante Hye Dhammavuddho Mahathera\3_8_76\3_8_76.en.srt","","12","COUNT ISFIXEDSIZE ISREADONLY ISSYNCHRONIZED LENGTH LONGLENGTH MP4 RANK SC SRT SYNCROOT TRN","1786962849176"
"AN 3.9.81","AN 3.9.81","AN","Anguttara Nikaya","3_9_81","RAW","85","False","False","True","False","False","False","True","True","False","False","False","","","https://suttacentral.net/an3.81","Count IsFixedSize IsReadOnly IsSynchronized Length LongLength Rank SyncRoot","frontendoptimised2\downloads\Anguttara Nikaya by Bhante Hye Dhammavuddho Mahathera\3_9_81\3_9_81.json","frontendoptimised2\downloads\Anguttara Nikaya by Bhante Hye Dhammavuddho Mahathera\3_9_81\3_9_81.mp4","frontendoptimised2\downloads\Anguttara Nikaya by Bhante Hye Dhammavuddho Mahathera\3_9_81\3_9_81.en.srt","","12","COUNT ISFIXEDSIZE ISREADONLY ISSYNCHRONIZED LENGTH LONGLENGTH MP4 RANK SC SRT SYNCROOT TRN","1786962849192"
"AN 3.9.85","AN 3.9.85","AN","Anguttara Nikaya","3_9_85","RAW","85","False","False","True","False","False","False","True","True","False","False","False","","","https://suttacentral.net/an3.85","Count IsFixedSize IsReadOnly IsSynchronized Length LongLength Rank SyncRoot","frontendoptimised2\downloads\Anguttara Nikaya by Bhante Hye Dhammavuddho Mahathera\3_9_85\3_9_85.json","frontendoptimised2\downloads\Anguttara Nikaya by Bhante Hye Dhammavuddho Mahathera\3_9_85\3_9_85.mp4","frontendoptimised2\downloads\Anguttara Nikaya by Bhante Hye Dhammavuddho Mahathera\3_9_85\3_9_85.en.srt","","12","COUNT ISFIXEDSIZE ISREADONLY ISSYNCHRONIZED LENGTH LONGLENGTH MP4 RANK SC SRT SYNCROOT TRN","1786962849303"
"AN 3.10.94","Āhananā Sutta / Loṇaphala Sutta","AN","Anguttara Nikaya","3_10_94","RAW","85","False","False","True","False","False","False","True","True","False","False","False","","","https://suttacentral.net/an3.94-102","Count IsFixedSize IsReadOnly IsSynchronized Length LongLength Rank SyncRoot","frontendoptimised2\downloads\Anguttara Nikaya by Bhante Hye Dhammavuddho Mahathera\3_10_94\3_10_94.json","frontendoptimised2\downloads\Anguttara Nikaya by Bhante Hye Dhammavuddho Mahathera\3_10_94\3_10_94.mp4","frontendoptimised2\downloads\Anguttara Nikaya by Bhante Hye Dhammavuddho Mahathera\3_10_94\3_10_94.en.srt","","12","COUNT ISFIXEDSIZE ISREADONLY ISSYNCHRONIZED LENGTH LONGLENGTH MP4 RANK SC SRT SYNCROOT TRN","1786962848133"
"AN 3.10.100","Pānsudhovaka Sutta / Nimitta Sutta","AN","Anguttara Nikaya","3_10_100","RAW","85","False","False","True","False","False","False","True","True","False","False","False","","","https://suttacentral.net/an3.100","Count IsFixedSize IsReadOnly IsSynchronized Length LongLength Rank SyncRoot","frontendoptimised2\downloads\Anguttara Nikaya by Bhante Hye Dhammavuddho Mahathera\3_10_100\3_10_100.json","frontendoptimised2\downloads\Anguttara Nikaya by Bhante Hye Dhammavuddho Mahathera\3_10_100\3_10_100.mp4","frontendoptimised2\downloads\Anguttara Nikaya by Bhante Hye Dhammavuddho Mahathera\3_10_100\3_10_100.en.srt","","12","COUNT ISFIXEDSIZE ISREADONLY ISSYNCHRONIZED LENGTH LONGLENGTH MP4 RANK SC SRT SYNCROOT TRN","1786962848065"
"AN 3.11.101","Pubbeva Sambodha Sutta","AN","Anguttara Nikaya","3_11_101","RAW","85","False","False","True","False","False","False","True","True","False","False","False","","","https://suttacentral.net/an3.101","Count IsFixedSize IsReadOnly IsSynchronized Length LongLength Rank SyncRoot","frontendoptimised2\downloads\Anguttara Nikaya by Bhante Hye Dhammavuddho Mahathera\3_11_101\3_11_101.json","frontendoptimised2\downloads\Anguttara Nikaya by Bhante Hye Dhammavuddho Mahathera\3_11_101\3_11_101.mp4","frontendoptimised2\downloads\Anguttara Nikaya by Bhante Hye Dhammavuddho Mahathera\3_11_101\3_11_101.en.srt","","12","COUNT ISFIXEDSIZE ISREADONLY ISSYNCHRONIZED LENGTH LONGLENGTH MP4 RANK SC SRT SYNCROOT TRN","1786962848171"
"AN 3.11.102","Assāda Sutta","AN","Anguttara Nikaya","3_11_102","RAW","85","False","False","True","False","False","False","True","True","False","False","False","","","https://suttacentral.net/an3.102","Count IsFixedSize IsReadOnly IsSynchronized Length LongLength Rank SyncRoot","frontendoptimised2\downloads\Anguttara Nikaya by Bhante Hye Dhammavuddho Mahathera\3_11_102\3_11_102.json","frontendoptimised2\downloads\Anguttara Nikaya by Bhante Hye Dhammavuddho Mahathera\3_11_102\3_11_102.mp4","frontendoptimised2\downloads\Anguttara Nikaya by Bhante Hye Dhammavuddho Mahathera\3_11_102\3_11_102.en.srt","","12","COUNT ISFIXEDSIZE ISREADONLY ISSYNCHRONIZED LENGTH LONGLENGTH MP4 RANK SC SRT SYNCROOT TRN","1786962848208"
"AN 3.11.103","Rona Sutta","AN","Anguttara Nikaya","3_11_103","RAW","85","False","False","True","False","False","False","True","True","False","False","False","","","https://suttacentral.net/an3.103","Count IsFixedSize IsReadOnly IsSynchronized Length LongLength Rank SyncRoot","frontendoptimised2\downloads\Anguttara Nikaya by Bhante Hye Dhammavuddho Mahathera\3_11_103\3_11_103.json","frontendoptimised2\downloads\Anguttara Nikaya by Bhante Hye Dhammavuddho Mahathera\3_11_103\3_11_103.mp4","frontendoptimised2\downloads\Anguttara Nikaya by Bhante Hye Dhammavuddho Mahathera\3_11_103\3_11_103.en.srt","","12","COUNT ISFIXEDSIZE ISREADONLY ISSYNCHRONIZED LENGTH LONGLENGTH MP4 RANK SC SRT SYNCROOT TRN","1786962848242"
"AN 3.11.104","Anassāda Sutta / Mada Sutta","AN","Anguttara Nikaya","3_11_104","RAW","85","False","False","True","False","False","False","True","True","False","False","False","","","https://suttacentral.net/an3.104","Count IsFixedSize IsReadOnly IsSynchronized Length LongLength Rank SyncRoot","frontendoptimised2\downloads\Anguttara Nikaya by Bhante Hye Dhammavuddho Mahathera\3_11_104\3_11_104.json","frontendoptimised2\downloads\Anguttara Nikaya by Bhante Hye Dhammavuddho Mahathera\3_11_104\3_11_104.mp4","frontendoptimised2\downloads\Anguttara Nikaya by Bhante Hye Dhammavuddho Mahathera\3_11_104\3_11_104.en.srt","","12","COUNT ISFIXEDSIZE ISREADONLY ISSYNCHRONIZED LENGTH LONGLENGTH MP4 RANK SC SRT SYNCROOT TRN","1786962848255"
"AN 3.11.109","AN 3.11.109","AN","Anguttara Nikaya","3_11_109","RAW","85","False","False","True","False","False","False","True","True","False","False","False","","","https://suttacentral.net/an3.109","Count IsFixedSize IsReadOnly IsSynchronized Length LongLength Rank SyncRoot","frontendoptimised2\downloads\Anguttara Nikaya by Bhante Hye Dhammavuddho Mahathera\3_11_109\3_11_109.json","frontendoptimised2\downloads\Anguttara Nikaya by Bhante Hye Dhammavuddho Mahathera\3_11_109\3_11_109.mp4","frontendoptimised2\downloads\Anguttara Nikaya by Bhante Hye Dhammavuddho Mahathera\3_11_109\3_11_109.en.srt","","12","COUNT ISFIXEDSIZE ISREADONLY ISSYNCHRONIZED LENGTH LONGLENGTH MP4 RANK SC SRT SYNCROOT TRN","1786962848302"
"AN 3.11.110","AN 3.11.110","AN","Anguttara Nikaya","3_11_110","RAW","85","False","False","True","False","False","False","True","True","False","False","False","","","https://suttacentral.net/an3.110","Count IsFixedSize IsReadOnly IsSynchronized Length LongLength Rank SyncRoot","frontendoptimised2\downloads\Anguttara Nikaya by Bhante Hye Dhammavuddho Mahathera\3_11_110\3_11_110.json","frontendoptimised2\downloads\Anguttara Nikaya by Bhante Hye Dhammavuddho Mahathera\3_11_110\3_11_110.mp4","frontendoptimised2\downloads\Anguttara Nikaya by Bhante Hye Dhammavuddho Mahathera\3_11_110\3_11_110.en.srt","","12","COUNT ISFIXEDSIZE ISREADONLY ISSYNCHRONIZED LENGTH LONGLENGTH MP4 RANK SC SRT SYNCROOT TRN","1786962848409"
"AN 3.12","AN 3.12","AN","Anguttara Nikaya","3_12","RAW","85","False","False","True","False","False","False","True","True","False","False","False","","","https://suttacentral.net/an3.12","Count IsFixedSize IsReadOnly IsSynchronized Length LongLength Rank SyncRoot","frontendoptimised2\downloads\Anguttara Nikaya by Bhante Hye Dhammavuddho Mahathera\3_12\3_12.json","frontendoptimised2\downloads\Anguttara Nikaya by Bhante Hye Dhammavuddho Mahathera\3_12\3_12.mp4","frontendoptimised2\downloads\Anguttara Nikaya by Bhante Hye Dhammavuddho Mahathera\3_12\3_12.en.srt","","12","COUNT ISFIXEDSIZE ISREADONLY ISSYNCHRONIZED LENGTH LONGLENGTH MP4 RANK SC SRT SYNCROOT TRN","1786962848428"
"AN 3.13.124","AN 3.13.124","AN","Anguttara Nikaya","3_13_124","RAW","85","False","False","True","False","False","False","True","True","False","False","False","","","https://suttacentral.net/an3.124","Count IsFixedSize IsReadOnly IsSynchronized Length LongLength Rank SyncRoot","frontendoptimised2\downloads\Anguttara Nikaya by Bhante Hye Dhammavuddho Mahathera\3_13_124\3_13_124.json","frontendoptimised2\downloads\Anguttara Nikaya by Bhante Hye Dhammavuddho Mahathera\3_13_124\3_13_124.mp4","frontendoptimised2\downloads\Anguttara Nikaya by Bhante Hye Dhammavuddho Mahathera\3_13_124\3_13_124.en.srt","","12","COUNT ISFIXEDSIZE ISREADONLY ISSYNCHRONIZED LENGTH LONGLENGTH MP4 RANK SC SRT SYNCROOT TRN","1786962848493"
"AN 3.13.125","AN 3.13.125","AN","Anguttara Nikaya","3_13_125","RAW","85","False","False","True","False","False","False","True","True","False","False","False","","","https://suttacentral.net/an3.125","Count IsFixedSize IsReadOnly IsSynchronized Length LongLength Rank SyncRoot","frontendoptimised2\downloads\Anguttara Nikaya by Bhante Hye Dhammavuddho Mahathera\3_13_125\3_13_125.json","frontendoptimised2\downloads\Anguttara Nikaya by Bhante Hye Dhammavuddho Mahathera\3_13_125\3_13_125.mp4","frontendoptimised2\downloads\Anguttara Nikaya by Bhante Hye Dhammavuddho Mahathera\3_13_125\3_13_125.en.srt","","12","COUNT ISFIXEDSIZE ISREADONLY ISSYNCHRONIZED LENGTH LONGLENGTH MP4 RANK SC SRT SYNCROOT TRN","1786962848539"
"AN 3.13.126","AN 3.13.126","AN","Anguttara Nikaya","3_13_126","RAW","85","False","False","True","False","False","False","True","True","False","False","False","","","https://suttacentral.net/an3.126","Count IsFixedSize IsReadOnly IsSynchronized Length LongLength Rank SyncRoot","frontendoptimised2\downloads\Anguttara Nikaya by Bhante Hye Dhammavuddho Mahathera\3_13_126\3_13_126.json","frontendoptimised2\downloads\Anguttara Nikaya by Bhante Hye Dhammavuddho Mahathera\3_13_126\3_13_126.mp4","frontendoptimised2\downloads\Anguttara Nikaya by Bhante Hye Dhammavuddho Mahathera\3_13_126\3_13_126.en.srt","","12","COUNT ISFIXEDSIZE ISREADONLY ISSYNCHRONIZED LENGTH LONGLENGTH MP4 RANK SC SRT SYNCROOT TRN","1786962848596"
"AN 3.14.131","AN 3.14.131","AN","Anguttara Nikaya","3_14_131","RAW","85","False","False","True","False","False","False","True","True","False","False","False","","","https://suttacentral.net/an3.131","Count IsFixedSize IsReadOnly IsSynchronized Length LongLength Rank SyncRoot","frontendoptimised2\downloads\Anguttara Nikaya by Bhante Hye Dhammavuddho Mahathera\3_14_131\3_14_131.json","frontendoptimised2\downloads\Anguttara Nikaya by Bhante Hye Dhammavuddho Mahathera\3_14_131\3_14_131.mp4","frontendoptimised2\downloads\Anguttara Nikaya by Bhante Hye Dhammavuddho Mahathera\3_14_131\3_14_131.en.srt","","12","COUNT ISFIXEDSIZE ISREADONLY ISSYNCHRONIZED LENGTH LONGLENGTH MP4 RANK SC SRT SYNCROOT TRN","1786962848607"
"AN 4","AN 4","AN","Anguttara Nikaya","4","RAW","85","False","False","True","False","False","False","True","True","False","False","False","","","","Count IsFixedSize IsReadOnly IsSynchronized Length LongLength Rank SyncRoot","Anguttara Nikaya by Bhante Hye Dhammavuddho Mahathera\4\4.json","Anguttara Nikaya by Bhante Hye Dhammavuddho Mahathera\4\4.mp4","Anguttara Nikaya by Bhante Hye Dhammavuddho Mahathera\4\4.en.srt","","11","COUNT ISFIXEDSIZE ISREADONLY ISSYNCHRONIZED LENGTH LONGLENGTH MP4 RANK SRT SYNCROOT TRN","1786962849313"
"AN 4.1.3","AN 4.1.3","AN","Anguttara Nikaya","4_1_3","RAW","85","False","False","True","False","False","False","True","True","False","False","False","","","https://suttacentral.net/an4.3","Count IsFixedSize IsReadOnly IsSynchronized Length LongLength Rank SyncRoot","frontendoptimised2\downloads\Anguttara Nikaya by Bhante Hye Dhammavuddho Mahathera\4_1_3\4_1_3.json","frontendoptimised2\downloads\Anguttara Nikaya by Bhante Hye Dhammavuddho Mahathera\4_1_3\4_1_3.mp4","frontendoptimised2\downloads\Anguttara Nikaya by Bhante Hye Dhammavuddho Mahathera\4_1_3\4_1_3.en.srt","","12","COUNT ISFIXEDSIZE ISREADONLY ISSYNCHRONIZED LENGTH LONGLENGTH MP4 RANK SC SRT SYNCROOT TRN","1786962849332"
"AN 4.1.4","AN 4.1.4","AN","Anguttara Nikaya","4_1_4","RAW","85","False","False","True","False","False","False","True","True","False","False","False","","","https://suttacentral.net/an4.4","Count IsFixedSize IsReadOnly IsSynchronized Length LongLength Rank SyncRoot","frontendoptimised2\downloads\Anguttara Nikaya by Bhante Hye Dhammavuddho Mahathera\4_1_4\4_1_4.json","frontendoptimised2\downloads\Anguttara Nikaya by Bhante Hye Dhammavuddho Mahathera\4_1_4\4_1_4.mp4","frontendoptimised2\downloads\Anguttara Nikaya by Bhante Hye Dhammavuddho Mahathera\4_1_4\4_1_4.en.srt","","12","COUNT ISFIXEDSIZE ISREADONLY ISSYNCHRONIZED LENGTH LONGLENGTH MP4 RANK SC SRT SYNCROOT TRN","1786962849374"
"AN 4.2.13","AN 4.2.13","AN","Anguttara Nikaya","4_2_13","RAW","85","False","False","True","False","False","False","True","True","False","False","False","","","https://suttacentral.net/an4.13","Count IsFixedSize IsReadOnly IsSynchronized Length LongLength Rank SyncRoot","frontendoptimised2\downloads\Anguttara Nikaya by Bhante Hye Dhammavuddho Mahathera\4_2_13\4_2_13.json","frontendoptimised2\downloads\Anguttara Nikaya by Bhante Hye Dhammavuddho Mahathera\4_2_13\4_2_13.mp4","frontendoptimised2\downloads\Anguttara Nikaya by Bhante Hye Dhammavuddho Mahathera\4_2_13\4_2_13.en.srt","","12","COUNT ISFIXEDSIZE ISREADONLY ISSYNCHRONIZED LENGTH LONGLENGTH MP4 RANK SC SRT SYNCROOT TRN","1786962850080"
"AN 4.3.22","AN 4.3.22","AN","Anguttara Nikaya","4_3_22","RAW","85","False","False","True","False","False","False","True","True","False","False","False","","","https://suttacentral.net/an4.22","Count IsFixedSize IsReadOnly IsSynchronized Length LongLength Rank SyncRoot","frontendoptimised2\downloads\Anguttara Nikaya by Bhante Hye Dhammavuddho Mahathera\4_3_22\4_3_22.json","frontendoptimised2\downloads\Anguttara Nikaya by Bhante Hye Dhammavuddho Mahathera\4_3_22\4_3_22.mp4","frontendoptimised2\downloads\Anguttara Nikaya by Bhante Hye Dhammavuddho Mahathera\4_3_22\4_3_22.en.srt","","12","COUNT ISFIXEDSIZE ISREADONLY ISSYNCHRONIZED LENGTH LONGLENGTH MP4 RANK SC SRT SYNCROOT TRN","1786962850354"
"AN 4.3.25","AN 4.3.25","AN","Anguttara Nikaya","4_3_25","RAW","85","False","False","True","False","False","False","True","True","False","False","False","","","https://suttacentral.net/an4.25","Count IsFixedSize IsReadOnly IsSynchronized Length LongLength Rank SyncRoot","frontendoptimised2\downloads\Anguttara Nikaya by Bhante Hye Dhammavuddho Mahathera\4_3_25\4_3_25.json","frontendoptimised2\downloads\Anguttara Nikaya by Bhante Hye Dhammavuddho Mahathera\4_3_25\4_3_25.mp4","frontendoptimised2\downloads\Anguttara Nikaya by Bhante Hye Dhammavuddho Mahathera\4_3_25\4_3_25.en.srt","","12","COUNT ISFIXEDSIZE ISREADONLY ISSYNCHRONIZED LENGTH LONGLENGTH MP4 RANK SC SRT SYNCROOT TRN","1786962850368"
"AN 4.4.32","AN 4.4.32","AN","Anguttara Nikaya","4_4_32","RAW","85","False","False","True","False","False","False","True","True","False","False","False","","","https://suttacentral.net/an4.32","Count IsFixedSize IsReadOnly IsSynchronized Length LongLength Rank SyncRoot","frontendoptimised2\downloads\Anguttara Nikaya by Bhante Hye Dhammavuddho Mahathera\4_4_32\4_4_32.json","frontendoptimised2\downloads\Anguttara Nikaya by Bhante Hye Dhammavuddho Mahathera\4_4_32\4_4_32.mp4","frontendoptimised2\downloads\Anguttara Nikaya by Bhante Hye Dhammavuddho Mahathera\4_4_32\4_4_32.en.srt","","12","COUNT ISFIXEDSIZE ISREADONLY ISSYNCHRONIZED LENGTH LONGLENGTH MP4 RANK SC SRT SYNCROOT TRN","1786962850453"
"AN 4.4.36","AN 4.4.36","AN","Anguttara Nikaya","4_4_36","RAW","85","False","False","True","False","False","False","True","True","False","False","False","","","https://suttacentral.net/an4.36","Count IsFixedSize IsReadOnly IsSynchronized Length LongLength Rank SyncRoot","frontendoptimised2\downloads\Anguttara Nikaya by Bhante Hye Dhammavuddho Mahathera\4_4_36\4_4_36.json","frontendoptimised2\downloads\Anguttara Nikaya by Bhante Hye Dhammavuddho Mahathera\4_4_36\4_4_36.mp4","frontendoptimised2\downloads\Anguttara Nikaya by Bhante Hye Dhammavuddho Mahathera\4_4_36\4_4_36.en.srt","","12","COUNT ISFIXEDSIZE ISREADONLY ISSYNCHRONIZED LENGTH LONGLENGTH MP4 RANK SC SRT SYNCROOT TRN","1786962850469"
"AN 4.5.41","AN 4.5.41","AN","Anguttara Nikaya","4_5_41","RAW","85","False","False","True","False","False","False","True","True","False","False","False","","","https://suttacentral.net/an4.41","Count IsFixedSize IsReadOnly IsSynchronized Length LongLength Rank SyncRoot","frontendoptimised2\downloads\Anguttara Nikaya by Bhante Hye Dhammavuddho Mahathera\4_5_41\4_5_41.json","frontendoptimised2\downloads\Anguttara Nikaya by Bhante Hye Dhammavuddho Mahathera\4_5_41\4_5_41.mp4","frontendoptimised2\downloads\Anguttara Nikaya by Bhante Hye Dhammavuddho Mahathera\4_5_41\4_5_41.en.srt","","12","COUNT ISFIXEDSIZE ISREADONLY ISSYNCHRONIZED LENGTH LONGLENGTH MP4 RANK SC SRT SYNCROOT TRN","1786962850542"
"AN 4.5.50","AN 4.5.50","AN","Anguttara Nikaya","4_5_50","RAW","85","False","False","True","False","False","False","True","True","False","False","False","","","https://suttacentral.net/an4.50","Count IsFixedSize IsReadOnly IsSynchronized Length LongLength Rank SyncRoot","frontendoptimised2\downloads\Anguttara Nikaya by Bhante Hye Dhammavuddho Mahathera\4_5_50\4_5_50.json","frontendoptimised2\downloads\Anguttara Nikaya by Bhante Hye Dhammavuddho Mahathera\4_5_50\4_5_50.mp4","frontendoptimised2\downloads\Anguttara Nikaya by Bhante Hye Dhammavuddho Mahathera\4_5_50\4_5_50.en.srt","","12","COUNT ISFIXEDSIZE ISREADONLY ISSYNCHRONIZED LENGTH LONGLENGTH MP4 RANK SC SRT SYNCROOT TRN","1786962850561"
"AN 4.6.51","AN 4.6.51","AN","Anguttara Nikaya","4_6_51","RAW","85","False","False","True","False","False","False","True","True","False","False","False","","","https://suttacentral.net/an4.51","Count IsFixedSize IsReadOnly IsSynchronized Length LongLength Rank SyncRoot","frontendoptimised2\downloads\Anguttara Nikaya by Bhante Hye Dhammavuddho Mahathera\4_6_51\4_6_51.json","frontendoptimised2\downloads\Anguttara Nikaya by Bhante Hye Dhammavuddho Mahathera\4_6_51\4_6_51.mp4","frontendoptimised2\downloads\Anguttara Nikaya by Bhante Hye Dhammavuddho Mahathera\4_6_51\4_6_51.en.srt","","12","COUNT ISFIXEDSIZE ISREADONLY ISSYNCHRONIZED LENGTH LONGLENGTH MP4 RANK SC SRT SYNCROOT TRN","1786962850630"
"AN 4.7.61","AN 4.7.61","AN","Anguttara Nikaya","4_7_61","RAW","85","False","False","True","False","False","False","True","True","False","False","False","","","https://suttacentral.net/an4.61","Count IsFixedSize IsReadOnly IsSynchronized Length LongLength Rank SyncRoot","frontendoptimised2\downloads\Anguttara Nikaya by Bhante Hye Dhammavuddho Mahathera\4_7_61\4_7_61.json","frontendoptimised2\downloads\Anguttara Nikaya by Bhante Hye Dhammavuddho Mahathera\4_7_61\4_7_61.mp4","frontendoptimised2\downloads\Anguttara Nikaya by Bhante Hye Dhammavuddho Mahathera\4_7_61\4_7_61.en.srt","","12","COUNT ISFIXEDSIZE ISREADONLY ISSYNCHRONIZED LENGTH LONGLENGTH MP4 RANK SC SRT SYNCROOT TRN","1786962850642"
"AN 4.7.67","AN 4.7.67","AN","Anguttara Nikaya","4_7_67","RAW","85","False","False","True","False","False","False","True","True","False","False","False","","","https://suttacentral.net/an4.67","Count IsFixedSize IsReadOnly IsSynchronized Length LongLength Rank SyncRoot","frontendoptimised2\downloads\Anguttara Nikaya by Bhante Hye Dhammavuddho Mahathera\4_7_67\4_7_67.json","frontendoptimised2\downloads\Anguttara Nikaya by Bhante Hye Dhammavuddho Mahathera\4_7_67\4_7_67.mp4","frontendoptimised2\downloads\Anguttara Nikaya by Bhante Hye Dhammavuddho Mahathera\4_7_67\4_7_67.en.srt","","12","COUNT ISFIXEDSIZE ISREADONLY ISSYNCHRONIZED LENGTH LONGLENGTH MP4 RANK SC SRT SYNCROOT TRN","1786962850708"
"AN 4.8","Hindrances","AN","Anguttara Nikaya","4_8","RAW","85","False","False","True","False","False","False","True","True","False","False","False","","","https://suttacentral.net/an4.8","Count IsFixedSize IsReadOnly IsSynchronized Length LongLength Rank SyncRoot","frontendoptimised2\downloads\Anguttara Nikaya by Bhante Hye Dhammavuddho Mahathera\4_8\4_8.json","frontendoptimised2\downloads\Anguttara Nikaya by Bhante Hye Dhammavuddho Mahathera\4_8\4_8.mp4","frontendoptimised2\downloads\Anguttara Nikaya by Bhante Hye Dhammavuddho Mahathera\4_8\4_8.en.srt","","12","COUNT ISFIXEDSIZE ISREADONLY ISSYNCHRONIZED LENGTH LONGLENGTH MP4 RANK SC SRT SYNCROOT TRN","1786962850721"
"AN 4.8.77","AN 4.8.77","AN","Anguttara Nikaya","4_8_77","RAW","85","False","False","True","False","False","False","True","True","False","False","False","","","https://suttacentral.net/an4.77","Count IsFixedSize IsReadOnly IsSynchronized Length LongLength Rank SyncRoot","frontendoptimised2\downloads\Anguttara Nikaya by Bhante Hye Dhammavuddho Mahathera\4_8_77\4_8_77.json","frontendoptimised2\downloads\Anguttara Nikaya by Bhante Hye Dhammavuddho Mahathera\4_8_77\4_8_77.mp4","frontendoptimised2\downloads\Anguttara Nikaya by Bhante Hye Dhammavuddho Mahathera\4_8_77\4_8_77.en.srt","","12","COUNT ISFIXEDSIZE ISREADONLY ISSYNCHRONIZED LENGTH LONGLENGTH MP4 RANK SC SRT SYNCROOT TRN","1786962850736"
"AN 4.9.85","AN 4.9.85","AN","Anguttara Nikaya","4_9_85","RAW","85","False","False","True","False","False","False","True","True","False","False","False","","","https://suttacentral.net/an4.85","Count IsFixedSize IsReadOnly IsSynchronized Length LongLength Rank SyncRoot","frontendoptimised2\downloads\Anguttara Nikaya by Bhante Hye Dhammavuddho Mahathera\4_9_85\4_9_85.json","frontendoptimised2\downloads\Anguttara Nikaya by Bhante Hye Dhammavuddho Mahathera\4_9_85\4_9_85.mp4","frontendoptimised2\downloads\Anguttara Nikaya by Bhante Hye Dhammavuddho Mahathera\4_9_85\4_9_85.en.srt","","12","COUNT ISFIXEDSIZE ISREADONLY ISSYNCHRONIZED LENGTH LONGLENGTH MP4 RANK SC SRT SYNCROOT TRN","1786962850897"
"AN 4.10.94","AN 4.10.94","AN","Anguttara Nikaya","4_10_94","RAW","85","False","False","True","False","False","False","True","True","False","False","False","","","https://suttacentral.net/an4.94","Count IsFixedSize IsReadOnly IsSynchronized Length LongLength Rank SyncRoot","frontendoptimised2\downloads\Anguttara Nikaya by Bhante Hye Dhammavuddho Mahathera\4_10_94\4_10_94.json","frontendoptimised2\downloads\Anguttara Nikaya by Bhante Hye Dhammavuddho Mahathera\4_10_94\4_10_94.mp4","frontendoptimised2\downloads\Anguttara Nikaya by Bhante Hye Dhammavuddho Mahathera\4_10_94\4_10_94.en.srt","","12","COUNT ISFIXEDSIZE ISREADONLY ISSYNCHRONIZED LENGTH LONGLENGTH MP4 RANK SC SRT SYNCROOT TRN","1786962849388"
"AN 4.10.95","AN 4.10.95","AN","Anguttara Nikaya","4_10_95","RAW","85","False","False","True","False","False","False","True","True","False","False","False","","","https://suttacentral.net/an4.95","Count IsFixedSize IsReadOnly IsSynchronized Length LongLength Rank SyncRoot","frontendoptimised2\downloads\Anguttara Nikaya by Bhante Hye Dhammavuddho Mahathera\4_10_95\4_10_95.json","frontendoptimised2\downloads\Anguttara Nikaya by Bhante Hye Dhammavuddho Mahathera\4_10_95\4_10_95.mp4","frontendoptimised2\downloads\Anguttara Nikaya by Bhante Hye Dhammavuddho Mahathera\4_10_95\4_10_95.en.srt","","12","COUNT ISFIXEDSIZE ISREADONLY ISSYNCHRONIZED LENGTH LONGLENGTH MP4 RANK SC SRT SYNCROOT TRN","1786962849472"
"AN 4.11.110","AN 4.11.110","AN","Anguttara Nikaya","4_11_110","RAW","85","False","False","True","False","False","False","True","True","False","False","False","","","https://suttacentral.net/an4.110","Count IsFixedSize IsReadOnly IsSynchronized Length LongLength Rank SyncRoot","frontendoptimised2\downloads\Anguttara Nikaya by Bhante Hye Dhammavuddho Mahathera\4_11_110\4_11_110.json","frontendoptimised2\downloads\Anguttara Nikaya by Bhante Hye Dhammavuddho Mahathera\4_11_110\4_11_110.mp4","frontendoptimised2\downloads\Anguttara Nikaya by Bhante Hye Dhammavuddho Mahathera\4_11_110\4_11_110.en.srt","","12","COUNT ISFIXEDSIZE ISREADONLY ISSYNCHRONIZED LENGTH LONGLENGTH MP4 RANK SC SRT SYNCROOT TRN","1786962849540"
"AN 4.12.115","AN 4.12.115","AN","Anguttara Nikaya","4_12_115","RAW","85","False","False","True","False","False","False","True","True","False","False","False","","","https://suttacentral.net/an4.115","Count IsFixedSize IsReadOnly IsSynchronized Length LongLength Rank SyncRoot","frontendoptimised2\downloads\Anguttara Nikaya by Bhante Hye Dhammavuddho Mahathera\4_12_115\4_12_115.json","frontendoptimised2\downloads\Anguttara Nikaya by Bhante Hye Dhammavuddho Mahathera\4_12_115\4_12_115.mp4","frontendoptimised2\downloads\Anguttara Nikaya by Bhante Hye Dhammavuddho Mahathera\4_12_115\4_12_115.en.srt","","12","COUNT ISFIXEDSIZE ISREADONLY ISSYNCHRONIZED LENGTH LONGLENGTH MP4 RANK SC SRT SYNCROOT TRN","1786962849599"
"AN 4.16","AN 4.16","AN","Anguttara Nikaya","4_16","RAW","85","False","False","True","False","False","False","True","True","False","False","False","","","https://suttacentral.net/an4.16","Count IsFixedSize IsReadOnly IsSynchronized Length LongLength Rank SyncRoot","frontendoptimised2\downloads\Anguttara Nikaya by Bhante Hye Dhammavuddho Mahathera\4_16\4_16.json","frontendoptimised2\downloads\Anguttara Nikaya by Bhante Hye Dhammavuddho Mahathera\4_16\4_16.mp4","frontendoptimised2\downloads\Anguttara Nikaya by Bhante Hye Dhammavuddho Mahathera\4_16\4_16.en.srt","","12","COUNT ISFIXEDSIZE ISREADONLY ISSYNCHRONIZED LENGTH LONGLENGTH MP4 RANK SC SRT SYNCROOT TRN","1786962849613"
"AN 4.17.167","AN 4.17.167","AN","Anguttara Nikaya","4_17_167","RAW","85","False","False","True","False","False","False","True","True","False","False","False","","","https://suttacentral.net/an4.167","Count IsFixedSize IsReadOnly IsSynchronized Length LongLength Rank SyncRoot","frontendoptimised2\downloads\Anguttara Nikaya by Bhante Hye Dhammavuddho Mahathera\4_17_167\4_17_167.json","frontendoptimised2\downloads\Anguttara Nikaya by Bhante Hye Dhammavuddho Mahathera\4_17_167\4_17_167.mp4","frontendoptimised2\downloads\Anguttara Nikaya by Bhante Hye Dhammavuddho Mahathera\4_17_167\4_17_167.en.srt","","12","COUNT ISFIXEDSIZE ISREADONLY ISSYNCHRONIZED LENGTH LONGLENGTH MP4 RANK SC SRT SYNCROOT TRN","1786962849704"
"AN 4.18.174","AN 4.18.174","AN","Anguttara Nikaya","4_18_174","RAW","85","False","False","True","False","False","False","True","True","False","False","False","","","https://suttacentral.net/an4.174","Count IsFixedSize IsReadOnly IsSynchronized Length LongLength Rank SyncRoot","frontendoptimised2\downloads\Anguttara Nikaya by Bhante Hye Dhammavuddho Mahathera\4_18_174\4_18_174.json","frontendoptimised2\downloads\Anguttara Nikaya by Bhante Hye Dhammavuddho Mahathera\4_18_174\4_18_174.mp4","frontendoptimised2\downloads\Anguttara Nikaya by Bhante Hye Dhammavuddho Mahathera\4_18_174\4_18_174.en.srt","","12","COUNT ISFIXEDSIZE ISREADONLY ISSYNCHRONIZED LENGTH LONGLENGTH MP4 RANK SC SRT SYNCROOT TRN","1786962849783"
"AN 4.18.180","AN 4.18.180","AN","Anguttara Nikaya","4_18_180","RAW","85","False","False","True","False","False","False","True","True","False","False","False","","","https://suttacentral.net/an4.180","Count IsFixedSize IsReadOnly IsSynchronized Length LongLength Rank SyncRoot","frontendoptimised2\downloads\Anguttara Nikaya by Bhante Hye Dhammavuddho Mahathera\4_18_180\4_18_180.json","frontendoptimised2\downloads\Anguttara Nikaya by Bhante Hye Dhammavuddho Mahathera\4_18_180\4_18_180.mp4","frontendoptimised2\downloads\Anguttara Nikaya by Bhante Hye Dhammavuddho Mahathera\4_18_180\4_18_180.en.srt","","12","COUNT ISFIXEDSIZE ISREADONLY ISSYNCHRONIZED LENGTH LONGLENGTH MP4 RANK SC SRT SYNCROOT TRN","1786962849798"
"AN 4.19","AN 4.19","AN","Anguttara Nikaya","4_19","RAW","85","False","False","True","False","False","False","True","True","False","False","False","","","https://suttacentral.net/an4.19","Count IsFixedSize IsReadOnly IsSynchronized Length LongLength Rank SyncRoot","frontendoptimised2\downloads\Anguttara Nikaya by Bhante Hye Dhammavuddho Mahathera\4_19\4_19.json","frontendoptimised2\downloads\Anguttara Nikaya by Bhante Hye Dhammavuddho Mahathera\4_19\4_19.mp4","frontendoptimised2\downloads\Anguttara Nikaya by Bhante Hye Dhammavuddho Mahathera\4_19\4_19.en.srt","","12","COUNT ISFIXEDSIZE ISREADONLY ISSYNCHRONIZED LENGTH LONGLENGTH MP4 RANK SC SRT SYNCROOT TRN","1786962849812"
"AN 4.19.183","AN 4.19.183","AN","Anguttara Nikaya","4_19_183","RAW","85","False","False","True","False","False","False","True","True","False","False","False","","","https://suttacentral.net/an4.183","Count IsFixedSize IsReadOnly IsSynchronized Length LongLength Rank SyncRoot","frontendoptimised2\downloads\Anguttara Nikaya by Bhante Hye Dhammavuddho Mahathera\4_19_183\4_19_183.json","frontendoptimised2\downloads\Anguttara Nikaya by Bhante Hye Dhammavuddho Mahathera\4_19_183\4_19_183.mp4","frontendoptimised2\downloads\Anguttara Nikaya by Bhante Hye Dhammavuddho Mahathera\4_19_183\4_19_183.en.srt","","12","COUNT ISFIXEDSIZE ISREADONLY ISSYNCHRONIZED LENGTH LONGLENGTH MP4 RANK SC SRT SYNCROOT TRN","1786962849866"
"AN 4.19.184","AN 4.19.184","AN","Anguttara Nikaya","4_19_184","RAW","85","False","False","True","False","False","False","True","True","False","False","False","","","https://suttacentral.net/an4.184","Count IsFixedSize IsReadOnly IsSynchronized Length LongLength Rank SyncRoot","frontendoptimised2\downloads\Anguttara Nikaya by Bhante Hye Dhammavuddho Mahathera\4_19_184\4_19_184.json","frontendoptimised2\downloads\Anguttara Nikaya by Bhante Hye Dhammavuddho Mahathera\4_19_184\4_19_184.mp4","frontendoptimised2\downloads\Anguttara Nikaya by Bhante Hye Dhammavuddho Mahathera\4_19_184\4_19_184.en.srt","","12","COUNT ISFIXEDSIZE ISREADONLY ISSYNCHRONIZED LENGTH LONGLENGTH MP4 RANK SC SRT SYNCROOT TRN","1786962849924"
"AN 4.19.185","AN 4.19.185","AN","Anguttara Nikaya","4_19_185","RAW","85","False","False","True","False","False","False","True","True","False","False","False","","","https://suttacentral.net/an4.185","Count IsFixedSize IsReadOnly IsSynchronized Length LongLength Rank SyncRoot","frontendoptimised2\downloads\Anguttara Nikaya by Bhante Hye Dhammavuddho Mahathera\4_19_185\4_19_185.json","frontendoptimised2\downloads\Anguttara Nikaya by Bhante Hye Dhammavuddho Mahathera\4_19_185\4_19_185.mp4","frontendoptimised2\downloads\Anguttara Nikaya by Bhante Hye Dhammavuddho Mahathera\4_19_185\4_19_185.en.srt","","12","COUNT ISFIXEDSIZE ISREADONLY ISSYNCHRONIZED LENGTH LONGLENGTH MP4 RANK SC SRT SYNCROOT TRN","1786962849939"
"AN 4.19.190","AN 4.19.190","AN","Anguttara Nikaya","4_19_190","RAW","85","False","False","True","False","False","False","True","True","False","False","False","","","https://suttacentral.net/an4.190","Count IsFixedSize IsReadOnly IsSynchronized Length LongLength Rank SyncRoot","frontendoptimised2\downloads\Anguttara Nikaya by Bhante Hye Dhammavuddho Mahathera\4_19_190\4_19_190.json","frontendoptimised2\downloads\Anguttara Nikaya by Bhante Hye Dhammavuddho Mahathera\4_19_190\4_19_190.mp4","frontendoptimised2\downloads\Anguttara Nikaya by Bhante Hye Dhammavuddho Mahathera\4_19_190\4_19_190.en.srt","","12","COUNT ISFIXEDSIZE ISREADONLY ISSYNCHRONIZED LENGTH LONGLENGTH MP4 RANK SC SRT SYNCROOT TRN","1786962850012"
"AN 4.20.192","AN 4.20.192","AN","Anguttara Nikaya","4_20_192","RAW","85","False","False","True","False","False","False","True","True","False","False","False","","","https://suttacentral.net/an4.192","Count IsFixedSize IsReadOnly IsSynchronized Length LongLength Rank SyncRoot","frontendoptimised2\downloads\Anguttara Nikaya by Bhante Hye Dhammavuddho Mahathera\4_20_192\4_20_192.json","frontendoptimised2\downloads\Anguttara Nikaya by Bhante Hye Dhammavuddho Mahathera\4_20_192\4_20_192.mp4","frontendoptimised2\downloads\Anguttara Nikaya by Bhante Hye Dhammavuddho Mahathera\4_20_192\4_20_192.en.srt","","12","COUNT ISFIXEDSIZE ISREADONLY ISSYNCHRONIZED LENGTH LONGLENGTH MP4 RANK SC SRT SYNCROOT TRN","1786962850095"
"AN 4.20.194","AN 4.20.194","AN","Anguttara Nikaya","4_20_194","RAW","85","False","False","True","False","False","False","True","True","False","False","False","","","https://suttacentral.net/an4.194","Count IsFixedSize IsReadOnly IsSynchronized Length LongLength Rank SyncRoot","frontendoptimised2\downloads\Anguttara Nikaya by Bhante Hye Dhammavuddho Mahathera\4_20_194\4_20_194.json","frontendoptimised2\downloads\Anguttara Nikaya by Bhante Hye Dhammavuddho Mahathera\4_20_194\4_20_194.mp4","frontendoptimised2\downloads\Anguttara Nikaya by Bhante Hye Dhammavuddho Mahathera\4_20_194\4_20_194.en.srt","","12","COUNT ISFIXEDSIZE ISREADONLY ISSYNCHRONIZED LENGTH LONGLENGTH MP4 RANK SC SRT SYNCROOT TRN","1786962850109"
"AN 4.20.196","AN 4.20.196","AN","Anguttara Nikaya","4_20_196","RAW","85","False","False","True","False","False","False","True","True","False","False","False","","","https://suttacentral.net/an4.196","Count IsFixedSize IsReadOnly IsSynchronized Length LongLength Rank SyncRoot","frontendoptimised2\downloads\Anguttara Nikaya by Bhante Hye Dhammavuddho Mahathera\4_20_196\4_20_196.json","frontendoptimised2\downloads\Anguttara Nikaya by Bhante Hye Dhammavuddho Mahathera\4_20_196\4_20_196.mp4","frontendoptimised2\downloads\Anguttara Nikaya by Bhante Hye Dhammavuddho Mahathera\4_20_196\4_20_196.en.srt","","12","COUNT ISFIXEDSIZE ISREADONLY ISSYNCHRONIZED LENGTH LONGLENGTH MP4 RANK SC SRT SYNCROOT TRN","1786962850123"
"AN 4.20.197","AN 4.20.197","AN","Anguttara Nikaya","4_20_197","RAW","85","False","False","True","False","False","False","True","True","False","False","False","","","https://suttacentral.net/an4.197","Count IsFixedSize IsReadOnly IsSynchronized Length LongLength Rank SyncRoot","frontendoptimised2\downloads\Anguttara Nikaya by Bhante Hye Dhammavuddho Mahathera\4_20_197\4_20_197.json","frontendoptimised2\downloads\Anguttara Nikaya by Bhante Hye Dhammavuddho Mahathera\4_20_197\4_20_197.mp4","frontendoptimised2\downloads\Anguttara Nikaya by Bhante Hye Dhammavuddho Mahathera\4_20_197\4_20_197.en.srt","","12","COUNT ISFIXEDSIZE ISREADONLY ISSYNCHRONIZED LENGTH LONGLENGTH MP4 RANK SC SRT SYNCROOT TRN","1786962850140"
"AN 4.20.198","AN 4.20.198","AN","Anguttara Nikaya","4_20_198","RAW","85","False","False","True","False","False","False","True","True","False","False","False","","","https://suttacentral.net/an4.198","Count IsFixedSize IsReadOnly IsSynchronized Length LongLength Rank SyncRoot","frontendoptimised2\downloads\Anguttara Nikaya by Bhante Hye Dhammavuddho Mahathera\4_20_198\4_20_198.json","frontendoptimised2\downloads\Anguttara Nikaya by Bhante Hye Dhammavuddho Mahathera\4_20_198\4_20_198.mp4","frontendoptimised2\downloads\Anguttara Nikaya by Bhante Hye Dhammavuddho Mahathera\4_20_198\4_20_198.en.srt","","12","COUNT ISFIXEDSIZE ISREADONLY ISSYNCHRONIZED LENGTH LONGLENGTH MP4 RANK SC SRT SYNCROOT TRN","1786962850156"
"AN 4.21.201","AN 4.21.201","AN","Anguttara Nikaya","4_21_201","RAW","85","False","False","True","False","False","False","True","True","False","False","False","","","https://suttacentral.net/an4.201","Count IsFixedSize IsReadOnly IsSynchronized Length LongLength Rank SyncRoot","frontendoptimised2\downloads\Anguttara Nikaya by Bhante Hye Dhammavuddho Mahathera\4_21_201\4_21_201.json","frontendoptimised2\downloads\Anguttara Nikaya by Bhante Hye Dhammavuddho Mahathera\4_21_201\4_21_201.mp4","frontendoptimised2\downloads\Anguttara Nikaya by Bhante Hye Dhammavuddho Mahathera\4_21_201\4_21_201.en.srt","","12","COUNT ISFIXEDSIZE ISREADONLY ISSYNCHRONIZED LENGTH LONGLENGTH MP4 RANK SC SRT SYNCROOT TRN","1786962850277"
"AN 5","AN 5","AN","Anguttara Nikaya","5","RAW","85","False","False","True","False","False","False","True","True","False","False","False","","","","Count IsFixedSize IsReadOnly IsSynchronized Length LongLength Rank SyncRoot","Anguttara Nikaya by Bhante Hye Dhammavuddho Mahathera\5\5.json","Anguttara Nikaya by Bhante Hye Dhammavuddho Mahathera\5\5.mp4","Anguttara Nikaya by Bhante Hye Dhammavuddho Mahathera\5\5.en.srt","","11","COUNT ISFIXEDSIZE ISREADONLY ISSYNCHRONIZED LENGTH LONGLENGTH MP4 RANK SRT SYNCROOT TRN","1786962850911"
"AN 5.1.2","AN 5.1.2","AN","Anguttara Nikaya","5_1_2","RAW","85","False","False","True","False","False","False","True","True","False","False","False","","","https://suttacentral.net/an5.2","Count IsFixedSize IsReadOnly IsSynchronized Length LongLength Rank SyncRoot","frontendoptimised2\downloads\Anguttara Nikaya by Bhante Hye Dhammavuddho Mahathera\5_1_2\5_1_2.json","frontendoptimised2\downloads\Anguttara Nikaya by Bhante Hye Dhammavuddho Mahathera\5_1_2\5_1_2.mp4","frontendoptimised2\downloads\Anguttara Nikaya by Bhante Hye Dhammavuddho Mahathera\5_1_2\5_1_2.en.srt","","12","COUNT ISFIXEDSIZE ISREADONLY ISSYNCHRONIZED LENGTH LONGLENGTH MP4 RANK SC SRT SYNCROOT TRN","1786962850928"
"AN 5.2.15","AN 5.2.15","AN","Anguttara Nikaya","5_2_15","RAW","85","False","False","True","False","False","False","True","True","False","False","False","","","https://suttacentral.net/an5.15","Count IsFixedSize IsReadOnly IsSynchronized Length LongLength Rank SyncRoot","frontendoptimised2\downloads\Anguttara Nikaya by Bhante Hye Dhammavuddho Mahathera\5_2_15\5_2_15.json","frontendoptimised2\downloads\Anguttara Nikaya by Bhante Hye Dhammavuddho Mahathera\5_2_15\5_2_15.mp4","frontendoptimised2\downloads\Anguttara Nikaya by Bhante Hye Dhammavuddho Mahathera\5_2_15\5_2_15.en.srt","","12","COUNT ISFIXEDSIZE ISREADONLY ISSYNCHRONIZED LENGTH LONGLENGTH MP4 RANK SC SRT SYNCROOT TRN","1786962851822"
"AN 5.3.22","AN 5.3.22","AN","Anguttara Nikaya","5_3_22","RAW","85","False","False","True","False","False","False","True","True","False","False","False","","","https://suttacentral.net/an5.22","Count IsFixedSize IsReadOnly IsSynchronized Length LongLength Rank SyncRoot","frontendoptimised2\downloads\Anguttara Nikaya by Bhante Hye Dhammavuddho Mahathera\5_3_22\5_3_22.json","frontendoptimised2\downloads\Anguttara Nikaya by Bhante Hye Dhammavuddho Mahathera\5_3_22\5_3_22.mp4","frontendoptimised2\downloads\Anguttara Nikaya by Bhante Hye Dhammavuddho Mahathera\5_3_22\5_3_22.en.srt","","12","COUNT ISFIXEDSIZE ISREADONLY ISSYNCHRONIZED LENGTH LONGLENGTH MP4 RANK SC SRT SYNCROOT TRN","1786962852205"
"AN 5.3.26","AN 5.3.26","AN","Anguttara Nikaya","5_3_26","RAW","85","False","False","True","False","False","False","True","True","False","False","False","","","https://suttacentral.net/an5.26","Count IsFixedSize IsReadOnly IsSynchronized Length LongLength Rank SyncRoot","frontendoptimised2\downloads\Anguttara Nikaya by Bhante Hye Dhammavuddho Mahathera\5_3_26\5_3_26.json","frontendoptimised2\downloads\Anguttara Nikaya by Bhante Hye Dhammavuddho Mahathera\5_3_26\5_3_26.mp4","frontendoptimised2\downloads\Anguttara Nikaya by Bhante Hye Dhammavuddho Mahathera\5_3_26\5_3_26.en.srt","","12","COUNT ISFIXEDSIZE ISREADONLY ISSYNCHRONIZED LENGTH LONGLENGTH MP4 RANK SC SRT SYNCROOT TRN","1786962852220"
"AN 5.3.27","AN 5.3.27","AN","Anguttara Nikaya","5_3_27","RAW","85","False","False","True","False","False","False","True","True","False","False","False","","","https://suttacentral.net/an5.27","Count IsFixedSize IsReadOnly IsSynchronized Length LongLength Rank SyncRoot","frontendoptimised2\downloads\Anguttara Nikaya by Bhante Hye Dhammavuddho Mahathera\5_3_27\5_3_27.json","frontendoptimised2\downloads\Anguttara Nikaya by Bhante Hye Dhammavuddho Mahathera\5_3_27\5_3_27.mp4","frontendoptimised2\downloads\Anguttara Nikaya by Bhante Hye Dhammavuddho Mahathera\5_3_27\5_3_27.en.srt","","12","COUNT ISFIXEDSIZE ISREADONLY ISSYNCHRONIZED LENGTH LONGLENGTH MP4 RANK SC SRT SYNCROOT TRN","1786962852266"
"AN 5.3.28","AN 5.3.28","AN","Anguttara Nikaya","5_3_28","RAW","85","False","False","True","False","False","False","True","True","False","False","False","","","https://suttacentral.net/an5.28","Count IsFixedSize IsReadOnly IsSynchronized Length LongLength Rank SyncRoot","frontendoptimised2\downloads\Anguttara Nikaya by Bhante Hye Dhammavuddho Mahathera\5_3_28\5_3_28.json","frontendoptimised2\downloads\Anguttara Nikaya by Bhante Hye Dhammavuddho Mahathera\5_3_28\5_3_28.mp4","frontendoptimised2\downloads\Anguttara Nikaya by Bhante Hye Dhammavuddho Mahathera\5_3_28\5_3_28.en.srt","","12","COUNT ISFIXEDSIZE ISREADONLY ISSYNCHRONIZED LENGTH LONGLENGTH MP4 RANK SC SRT SYNCROOT TRN","1786962852329"
"AN 5.3.29","AN 5.3.29","AN","Anguttara Nikaya","5_3_29","RAW","85","False","False","True","False","False","False","True","True","False","False","False","","","https://suttacentral.net/an5.29","Count IsFixedSize IsReadOnly IsSynchronized Length LongLength Rank SyncRoot","frontendoptimised2\downloads\Anguttara Nikaya by Bhante Hye Dhammavuddho Mahathera\5_3_29\5_3_29.json","frontendoptimised2\downloads\Anguttara Nikaya by Bhante Hye Dhammavuddho Mahathera\5_3_29\5_3_29.mp4","frontendoptimised2\downloads\Anguttara Nikaya by Bhante Hye Dhammavuddho Mahathera\5_3_29\5_3_29.en.srt","","12","COUNT ISFIXEDSIZE ISREADONLY ISSYNCHRONIZED LENGTH LONGLENGTH MP4 RANK SC SRT SYNCROOT TRN","1786962852363"
"AN 5.3.30","AN 5.3.30","AN","Anguttara Nikaya","5_3_30","RAW","85","False","False","True","False","False","False","True","True","False","False","False","","","https://suttacentral.net/an5.30","Count IsFixedSize IsReadOnly IsSynchronized Length LongLength Rank SyncRoot","frontendoptimised2\downloads\Anguttara Nikaya by Bhante Hye Dhammavuddho Mahathera\5_3_30\5_3_30.json","frontendoptimised2\downloads\Anguttara Nikaya by Bhante Hye Dhammavuddho Mahathera\5_3_30\5_3_30.mp4","frontendoptimised2\downloads\Anguttara Nikaya by Bhante Hye Dhammavuddho Mahathera\5_3_30\5_3_30.en.srt","","12","COUNT ISFIXEDSIZE ISREADONLY ISSYNCHRONIZED LENGTH LONGLENGTH MP4 RANK SC SRT SYNCROOT TRN","1786962852397"
"AN 5.4.31","Sumana Sutta: To Sumana (On the Benefits of Giving)","AN","Anguttara Nikaya","5_4_31","RAW","85","False","False","True","False","False","False","True","True","False","False","False","","","https://suttacentral.net/an5.31","Count IsFixedSize IsReadOnly IsSynchronized Length LongLength Rank SyncRoot","frontendoptimised2\downloads\Anguttara Nikaya by Bhante Hye Dhammavuddho Mahathera\5_4_31\5_4_31.json","frontendoptimised2\downloads\Anguttara Nikaya by Bhante Hye Dhammavuddho Mahathera\5_4_31\5_4_31.mp4","frontendoptimised2\downloads\Anguttara Nikaya by Bhante Hye Dhammavuddho Mahathera\5_4_31\5_4_31.en.srt","","12","COUNT ISFIXEDSIZE ISREADONLY ISSYNCHRONIZED LENGTH LONGLENGTH MP4 RANK SC SRT SYNCROOT TRN","1786962852435"
"AN 5.4.32","","AN","Anguttara Nikaya","5_4_32","RAW","60","False","False","False","False","False","False","False","False","False","True","False","","","","en","frontendoptimised2\downloads\Anguttara Nikaya by Bhante Hye Dhammavuddho Mahathera\5_4_32\5_4_32.json","","","","1","EN","1786167770998"
"AN 5.4.33","","AN","Anguttara Nikaya","5_4_33","RAW","85","True","True","False","False","False","False","True","True","False","True","False","","","https://suttacentral.net/an5.33","en","frontendoptimised2\downloads\Anguttara Nikaya by Bhante Hye Dhammavuddho Mahathera\5_4_33\5_4_33.json","frontendoptimised2\downloads\Anguttara Nikaya by Bhante Hye Dhammavuddho Mahathera\5_4_33\5_4_33.mp4","frontendoptimised2\downloads\Anguttara Nikaya by Bhante Hye Dhammavuddho Mahathera\5_4_33\5_4_33.en.srt","","6","COM EN MP4 SC SRT TXT","1786167770998"
"AN 5.4.34","Siha Sutta (AN 5.34)","AN","Anguttara Nikaya","5_4_34","RAW","85","False","False","True","False","False","False","True","True","False","False","False","","","https://suttacentral.net/an5.34","Count IsFixedSize IsReadOnly IsSynchronized Length LongLength Rank SyncRoot","frontendoptimised2\downloads\Anguttara Nikaya by Bhante Hye Dhammavuddho Mahathera\5_4_34\5_4_34.json","frontendoptimised2\downloads\Anguttara Nikaya by Bhante Hye Dhammavuddho Mahathera\5_4_34\5_4_34.mp4","frontendoptimised2\downloads\Anguttara Nikaya by Bhante Hye Dhammavuddho Mahathera\5_4_34\5_4_34.en.srt","","12","COUNT ISFIXEDSIZE ISREADONLY ISSYNCHRONIZED LENGTH LONGLENGTH MP4 RANK SC SRT SYNCROOT TRN","1786962852532"
"AN 5.4.36","Kala Sutta (AN 5.36)","AN","Anguttara Nikaya","5_4_36","RAW","60","False","False","False","False","False","False","False","False","False","False","False","","","","Count IsFixedSize IsReadOnly IsSynchronized Length LongLength Rank SyncRoot","frontendoptimised2\downloads\Anguttara Nikaya by Bhante Hye Dhammavuddho Mahathera\5_4_36\5_4_36.json","","","","8","COUNT ISFIXEDSIZE ISREADONLY ISSYNCHRONIZED LENGTH LONGLENGTH RANK SYNCROOT","1786962852539"
"AN 5.4.39","Putta Sutta (AN 5.39)","AN","Anguttara Nikaya","5_4_39","RAW","60","False","False","False","False","False","False","False","False","False","False","False","","","","Count IsFixedSize IsReadOnly IsSynchronized Length LongLength Rank SyncRoot","frontendoptimised2\downloads\Anguttara Nikaya by Bhante Hye Dhammavuddho Mahathera\5_4_39\5_4_39.json","","","","8","COUNT ISFIXEDSIZE ISREADONLY ISSYNCHRONIZED LENGTH LONGLENGTH RANK SYNCROOT","1786962852548"
"AN 5.4.40","Sālandana Sutta","AN","Anguttara Nikaya","5_4_40","COMPLETE","100","True","True","True","True","True","False","True","True","True","True","False","","","https://suttacentral.net/an5.40","Count en IsFixedSize IsReadOnly IsSynchronized Length LongLength Rank SyncRoot","frontendoptimised2\downloads\Anguttara Nikaya by Bhante Hye Dhammavuddho Mahathera\5_4_40\5_4_40.json","frontendoptimised2\downloads\Anguttara Nikaya by Bhante Hye Dhammavuddho Mahathera\5_4_40\5_4_40.mp4","frontendoptimised2\downloads\Anguttara Nikaya by Bhante Hye Dhammavuddho Mahathera\5_4_40\5_4_40.en.srt","Anguttara Nikaya by Bhante Hye Dhammavuddho Mahathera\5_4_40\metrics.json","18","COM COUNT EN ISFIXEDSIZE ISREADONLY ISSYNCHRONIZED KG LENGTH LONGLENGTH MET MP4 QZ RANK SC SRT SYNCROOT TRN TXT","1786962852561"
"AN 5.5.48","AN 5.5.48","AN","Anguttara Nikaya","5_5_48","RAW","85","False","False","True","False","False","False","True","True","False","False","False","","","https://suttacentral.net/an5.48","Count IsFixedSize IsReadOnly IsSynchronized Length LongLength Rank SyncRoot","frontendoptimised2\downloads\Anguttara Nikaya by Bhante Hye Dhammavuddho Mahathera\5_5_48\5_5_48.json","frontendoptimised2\downloads\Anguttara Nikaya by Bhante Hye Dhammavuddho Mahathera\5_5_48\5_5_48.mp4","frontendoptimised2\downloads\Anguttara Nikaya by Bhante Hye Dhammavuddho Mahathera\5_5_48\5_5_48.en.srt","","12","COUNT ISFIXEDSIZE ISREADONLY ISSYNCHRONIZED LENGTH LONGLENGTH MP4 RANK SC SRT SYNCROOT TRN","1786962852676"
"AN 5.6.13","AN 5.6.13","AN","Anguttara Nikaya","5_6_13","RAW","85","False","False","True","False","False","False","True","True","False","False","False","","","https://suttacentral.net/an5.13","Count IsFixedSize IsReadOnly IsSynchronized Length LongLength Rank SyncRoot","frontendoptimised2\downloads\Anguttara Nikaya by Bhante Hye Dhammavuddho Mahathera\5_6_13\5_6_13.json","frontendoptimised2\downloads\Anguttara Nikaya by Bhante Hye Dhammavuddho Mahathera\5_6_13\5_6_13.mp4","frontendoptimised2\downloads\Anguttara Nikaya by Bhante Hye Dhammavuddho Mahathera\5_6_13\5_6_13.en.srt","","12","COUNT ISFIXEDSIZE ISREADONLY ISSYNCHRONIZED LENGTH LONGLENGTH MP4 RANK SC SRT SYNCROOT TRN","1786962852706"
"AN 5.6.52","AN 5.6.52","AN","Anguttara Nikaya","5_6_52","RAW","85","False","False","True","False","False","False","True","True","False","False","False","","","https://suttacentral.net/an5.52","Count IsFixedSize IsReadOnly IsSynchronized Length LongLength Rank SyncRoot","frontendoptimised2\downloads\Anguttara Nikaya by Bhante Hye Dhammavuddho Mahathera\5_6_52\5_6_52.json","frontendoptimised2\downloads\Anguttara Nikaya by Bhante Hye Dhammavuddho Mahathera\5_6_52\5_6_52.mp4","frontendoptimised2\downloads\Anguttara Nikaya by Bhante Hye Dhammavuddho Mahathera\5_6_52\5_6_52.en.srt","","12","COUNT ISFIXEDSIZE ISREADONLY ISSYNCHRONIZED LENGTH LONGLENGTH MP4 RANK SC SRT SYNCROOT TRN","1786962852718"
"AN 5.6.53","AN 5.6.53","AN","Anguttara Nikaya","5_6_53","RAW","85","False","False","True","False","False","False","True","True","False","False","False","","","https://suttacentral.net/an5.53","Count IsFixedSize IsReadOnly IsSynchronized Length LongLength Rank SyncRoot","frontendoptimised2\downloads\Anguttara Nikaya by Bhante Hye Dhammavuddho Mahathera\5_6_53\5_6_53.json","frontendoptimised2\downloads\Anguttara Nikaya by Bhante Hye Dhammavuddho Mahathera\5_6_53\5_6_53.mp4","frontendoptimised2\downloads\Anguttara Nikaya by Bhante Hye Dhammavuddho Mahathera\5_6_53\5_6_53.en.srt","","12","COUNT ISFIXEDSIZE ISREADONLY ISSYNCHRONIZED LENGTH LONGLENGTH MP4 RANK SC SRT SYNCROOT TRN","1786962852735"
"AN 5.6.54","AN 5.6.54","AN","Anguttara Nikaya","5_6_54","RAW","85","False","False","True","False","False","False","True","True","False","False","False","","","https://suttacentral.net/an5.54","Count IsFixedSize IsReadOnly IsSynchronized Length LongLength Rank SyncRoot","frontendoptimised2\downloads\Anguttara Nikaya by Bhante Hye Dhammavuddho Mahathera\5_6_54\5_6_54.json","frontendoptimised2\downloads\Anguttara Nikaya by Bhante Hye Dhammavuddho Mahathera\5_6_54\5_6_54.mp4","frontendoptimised2\downloads\Anguttara Nikaya by Bhante Hye Dhammavuddho Mahathera\5_6_54\5_6_54.en.srt","","12","COUNT ISFIXEDSIZE ISREADONLY ISSYNCHRONIZED LENGTH LONGLENGTH MP4 RANK SC SRT SYNCROOT TRN","1786962852828"
"AN 5.6.59","AN 5.6.59","AN","Anguttara Nikaya","5_6_59","RAW","85","False","False","True","False","False","False","True","True","False","False","False","","","https://suttacentral.net/an5.59","Count IsFixedSize IsReadOnly IsSynchronized Length LongLength Rank SyncRoot","frontendoptimised2\downloads\Anguttara Nikaya by Bhante Hye Dhammavuddho Mahathera\5_6_59\5_6_59.json","frontendoptimised2\downloads\Anguttara Nikaya by Bhante Hye Dhammavuddho Mahathera\5_6_59\5_6_59.mp4","frontendoptimised2\downloads\Anguttara Nikaya by Bhante Hye Dhammavuddho Mahathera\5_6_59\5_6_59.en.srt","","12","COUNT ISFIXEDSIZE ISREADONLY ISSYNCHRONIZED LENGTH LONGLENGTH MP4 RANK SC SRT SYNCROOT TRN","1786962852968"
"AN 5.7.13","AN 5.7.13","AN","Anguttara Nikaya","5_7_13","RAW","85","False","False","True","False","False","False","True","True","False","False","False","","","https://suttacentral.net/an5.13","Count IsFixedSize IsReadOnly IsSynchronized Length LongLength Rank SyncRoot","frontendoptimised2\downloads\Anguttara Nikaya by Bhante Hye Dhammavuddho Mahathera\5_7_13\5_7_13.json","frontendoptimised2\downloads\Anguttara Nikaya by Bhante Hye Dhammavuddho Mahathera\5_7_13\5_7_13.mp4","frontendoptimised2\downloads\Anguttara Nikaya by Bhante Hye Dhammavuddho Mahathera\5_7_13\5_7_13.en.srt","","12","COUNT ISFIXEDSIZE ISREADONLY ISSYNCHRONIZED LENGTH LONGLENGTH MP4 RANK SC SRT SYNCROOT TRN","1786962853006"
"AN 5.8.78","AN 5.8.78","AN","Anguttara Nikaya","5_8_78","RAW","85","False","False","True","False","False","False","True","True","False","False","False","","","https://suttacentral.net/an5.78","Count IsFixedSize IsReadOnly IsSynchronized Length LongLength Rank SyncRoot","frontendoptimised2\downloads\Anguttara Nikaya by Bhante Hye Dhammavuddho Mahathera\5_8_78\5_8_78.json","frontendoptimised2\downloads\Anguttara Nikaya by Bhante Hye Dhammavuddho Mahathera\5_8_78\5_8_78.mp4","frontendoptimised2\downloads\Anguttara Nikaya by Bhante Hye Dhammavuddho Mahathera\5_8_78\5_8_78.en.srt","","12","COUNT ISFIXEDSIZE ISREADONLY ISSYNCHRONIZED LENGTH LONGLENGTH MP4 RANK SC SRT SYNCROOT TRN","1786962853023"
"AN 5.8.79","AN 5.8.79","AN","Anguttara Nikaya","5_8_79","RAW","85","False","False","True","False","False","False","True","True","False","False","False","","","https://suttacentral.net/an5.79","Count IsFixedSize IsReadOnly IsSynchronized Length LongLength Rank SyncRoot","frontendoptimised2\downloads\Anguttara Nikaya by Bhante Hye Dhammavuddho Mahathera\5_8_79\5_8_79.json","frontendoptimised2\downloads\Anguttara Nikaya by Bhante Hye Dhammavuddho Mahathera\5_8_79\5_8_79.mp4","frontendoptimised2\downloads\Anguttara Nikaya by Bhante Hye Dhammavuddho Mahathera\5_8_79\5_8_79.en.srt","","12","COUNT ISFIXEDSIZE ISREADONLY ISSYNCHRONIZED LENGTH LONGLENGTH MP4 RANK SC SRT SYNCROOT TRN","1786962853127"
"AN 5.10","AN 5.10","AN","Anguttara Nikaya","5_10","RAW","85","False","False","True","False","False","False","True","True","False","False","False","","","https://suttacentral.net/an5.10","Count IsFixedSize IsReadOnly IsSynchronized Length LongLength Rank SyncRoot","frontendoptimised2\downloads\Anguttara Nikaya by Bhante Hye Dhammavuddho Mahathera\5_10\5_10.json","frontendoptimised2\downloads\Anguttara Nikaya by Bhante Hye Dhammavuddho Mahathera\5_10\5_10.mp4","frontendoptimised2\downloads\Anguttara Nikaya by Bhante Hye Dhammavuddho Mahathera\5_10\5_10.en.srt","","12","COUNT ISFIXEDSIZE ISREADONLY ISSYNCHRONIZED LENGTH LONGLENGTH MP4 RANK SC SRT SYNCROOT TRN","1786962851027"
"AN 5.10.96","AN 5.10.96","AN","Anguttara Nikaya","5_10_96","RAW","85","False","False","True","False","False","False","True","True","False","False","False","","","https://suttacentral.net/an5.96","Count IsFixedSize IsReadOnly IsSynchronized Length LongLength Rank SyncRoot","frontendoptimised2\downloads\Anguttara Nikaya by Bhante Hye Dhammavuddho Mahathera\5_10_96\5_10_96.json","frontendoptimised2\downloads\Anguttara Nikaya by Bhante Hye Dhammavuddho Mahathera\5_10_96\5_10_96.mp4","frontendoptimised2\downloads\Anguttara Nikaya by Bhante Hye Dhammavuddho Mahathera\5_10_96\5_10_96.en.srt","","12","COUNT ISFIXEDSIZE ISREADONLY ISSYNCHRONIZED LENGTH LONGLENGTH MP4 RANK SC SRT SYNCROOT TRN","1786962851119"
"AN 5.12.114","AN 5.12.114","AN","Anguttara Nikaya","5_12_114","RAW","85","False","False","True","False","False","False","True","True","False","False","False","","","https://suttacentral.net/an5.114","Count IsFixedSize IsReadOnly IsSynchronized Length LongLength Rank SyncRoot","frontendoptimised2\downloads\Anguttara Nikaya by Bhante Hye Dhammavuddho Mahathera\5_12_114\5_12_114.json","frontendoptimised2\downloads\Anguttara Nikaya by Bhante Hye Dhammavuddho Mahathera\5_12_114\5_12_114.mp4","frontendoptimised2\downloads\Anguttara Nikaya by Bhante Hye Dhammavuddho Mahathera\5_12_114\5_12_114.en.srt","","12","COUNT ISFIXEDSIZE ISREADONLY ISSYNCHRONIZED LENGTH LONGLENGTH MP4 RANK SC SRT SYNCROOT TRN","1786962851140"
"AN 5.13","AN 5.13","AN","Anguttara Nikaya","5_13","RAW","85","False","False","True","False","False","False","True","True","False","False","False","","","https://suttacentral.net/an5.13","Count IsFixedSize IsReadOnly IsSynchronized Length LongLength Rank SyncRoot","frontendoptimised2\downloads\Anguttara Nikaya by Bhante Hye Dhammavuddho Mahathera\5_13\5_13.json","frontendoptimised2\downloads\Anguttara Nikaya by Bhante Hye Dhammavuddho Mahathera\5_13\5_13.mp4","frontendoptimised2\downloads\Anguttara Nikaya by Bhante Hye Dhammavuddho Mahathera\5_13\5_13.en.srt","","12","COUNT ISFIXEDSIZE ISREADONLY ISSYNCHRONIZED LENGTH LONGLENGTH MP4 RANK SC SRT SYNCROOT TRN","1786962851199"
"AN 5.13.124","AN 5.13.124","AN","Anguttara Nikaya","5_13_124","RAW","85","False","False","True","False","False","False","True","True","False","False","False","","","https://suttacentral.net/an5.124","Count IsFixedSize IsReadOnly IsSynchronized Length LongLength Rank SyncRoot","frontendoptimised2\downloads\Anguttara Nikaya by Bhante Hye Dhammavuddho Mahathera\5_13_124\5_13_124.json","frontendoptimised2\downloads\Anguttara Nikaya by Bhante Hye Dhammavuddho Mahathera\5_13_124\5_13_124.mp4","frontendoptimised2\downloads\Anguttara Nikaya by Bhante Hye Dhammavuddho Mahathera\5_13_124\5_13_124.en.srt","","12","COUNT ISFIXEDSIZE ISREADONLY ISSYNCHRONIZED LENGTH LONGLENGTH MP4 RANK SC SRT SYNCROOT TRN","1786962851265"
"AN 5.14.1","AN 5.14.1","AN","Anguttara Nikaya","5_14_1","RAW","85","False","False","True","False","False","False","True","True","False","False","False","","","https://suttacentral.net/an5.1","Count IsFixedSize IsReadOnly IsSynchronized Length LongLength Rank SyncRoot","frontendoptimised2\downloads\Anguttara Nikaya by Bhante Hye Dhammavuddho Mahathera\5_14_1\5_14_1.json","frontendoptimised2\downloads\Anguttara Nikaya by Bhante Hye Dhammavuddho Mahathera\5_14_1\5_14_1.mp4","frontendoptimised2\downloads\Anguttara Nikaya by Bhante Hye Dhammavuddho Mahathera\5_14_1\5_14_1.en.srt","","12","COUNT ISFIXEDSIZE ISREADONLY ISSYNCHRONIZED LENGTH LONGLENGTH MP4 RANK SC SRT SYNCROOT TRN","1786962851360"
"AN 5.15","AN 5.15","AN","Anguttara Nikaya","5_15","RAW","85","False","False","True","False","False","False","True","True","False","False","False","","","https://suttacentral.net/an5.15","Count IsFixedSize IsReadOnly IsSynchronized Length LongLength Rank SyncRoot","frontendoptimised2\downloads\Anguttara Nikaya by Bhante Hye Dhammavuddho Mahathera\5_15\5_15.json","frontendoptimised2\downloads\Anguttara Nikaya by Bhante Hye Dhammavuddho Mahathera\5_15\5_15.mp4","frontendoptimised2\downloads\Anguttara Nikaya by Bhante Hye Dhammavuddho Mahathera\5_15\5_15.en.srt","","12","COUNT ISFIXEDSIZE ISREADONLY ISSYNCHRONIZED LENGTH LONGLENGTH MP4 RANK SC SRT SYNCROOT TRN","1786962851382"
"AN 5.15.147","AN 5.15.147","AN","Anguttara Nikaya","5_15_147","RAW","85","False","False","True","False","False","False","True","True","False","False","False","","","https://suttacentral.net/an5.147","Count IsFixedSize IsReadOnly IsSynchronized Length LongLength Rank SyncRoot","frontendoptimised2\downloads\Anguttara Nikaya by Bhante Hye Dhammavuddho Mahathera\5_15_147\5_15_147.json","frontendoptimised2\downloads\Anguttara Nikaya by Bhante Hye Dhammavuddho Mahathera\5_15_147\5_15_147.mp4","frontendoptimised2\downloads\Anguttara Nikaya by Bhante Hye Dhammavuddho Mahathera\5_15_147\5_15_147.en.srt","","12","COUNT ISFIXEDSIZE ISREADONLY ISSYNCHRONIZED LENGTH LONGLENGTH MP4 RANK SC SRT SYNCROOT TRN","1786962851482"
"AN 5.16.157","AN 5.16.157","AN","Anguttara Nikaya","5_16_157","RAW","85","False","False","True","False","False","False","True","True","False","False","False","","","https://suttacentral.net/an5.157","Count IsFixedSize IsReadOnly IsSynchronized Length LongLength Rank SyncRoot","frontendoptimised2\downloads\Anguttara Nikaya by Bhante Hye Dhammavuddho Mahathera\5_16_157\5_16_157.json","frontendoptimised2\downloads\Anguttara Nikaya by Bhante Hye Dhammavuddho Mahathera\5_16_157\5_16_157.mp4","frontendoptimised2\downloads\Anguttara Nikaya by Bhante Hye Dhammavuddho Mahathera\5_16_157\5_16_157.en.srt","","12","COUNT ISFIXEDSIZE ISREADONLY ISSYNCHRONIZED LENGTH LONGLENGTH MP4 RANK SC SRT SYNCROOT TRN","1786962851496"
"AN 5.17.161","AN 5.17.161","AN","Anguttara Nikaya","5_17_161","RAW","85","False","False","True","False","False","False","True","True","False","False","False","","","https://suttacentral.net/an5.161","Count IsFixedSize IsReadOnly IsSynchronized Length LongLength Rank SyncRoot","frontendoptimised2\downloads\Anguttara Nikaya by Bhante Hye Dhammavuddho Mahathera\5_17_161\5_17_161.json","frontendoptimised2\downloads\Anguttara Nikaya by Bhante Hye Dhammavuddho Mahathera\5_17_161\5_17_161.mp4","frontendoptimised2\downloads\Anguttara Nikaya by Bhante Hye Dhammavuddho Mahathera\5_17_161\5_17_161.en.srt","","12","COUNT ISFIXEDSIZE ISREADONLY ISSYNCHRONIZED LENGTH LONGLENGTH MP4 RANK SC SRT SYNCROOT TRN","1786962851549"
"AN 5.17.162","AN 5.17.162","AN","Anguttara Nikaya","5_17_162","RAW","85","False","False","True","False","False","False","True","True","False","False","False","","","https://suttacentral.net/an5.162","Count IsFixedSize IsReadOnly IsSynchronized Length LongLength Rank SyncRoot","frontendoptimised2\downloads\Anguttara Nikaya by Bhante Hye Dhammavuddho Mahathera\5_17_162\5_17_162.json","frontendoptimised2\downloads\Anguttara Nikaya by Bhante Hye Dhammavuddho Mahathera\5_17_162\5_17_162.mp4","frontendoptimised2\downloads\Anguttara Nikaya by Bhante Hye Dhammavuddho Mahathera\5_17_162\5_17_162.en.srt","","12","COUNT ISFIXEDSIZE ISREADONLY ISSYNCHRONIZED LENGTH LONGLENGTH MP4 RANK SC SRT SYNCROOT TRN","1786962851687"
"AN 5.18.177","AN 5.18.177","AN","Anguttara Nikaya","5_18_177","RAW","85","False","False","True","False","False","False","True","True","False","False","False","","","https://suttacentral.net/an5.177","Count IsFixedSize IsReadOnly IsSynchronized Length LongLength Rank SyncRoot","frontendoptimised2\downloads\Anguttara Nikaya by Bhante Hye Dhammavuddho Mahathera\5_18_177\5_18_177.json","frontendoptimised2\downloads\Anguttara Nikaya by Bhante Hye Dhammavuddho Mahathera\5_18_177\5_18_177.mp4","frontendoptimised2\downloads\Anguttara Nikaya by Bhante Hye Dhammavuddho Mahathera\5_18_177\5_18_177.en.srt","","12","COUNT ISFIXEDSIZE ISREADONLY ISSYNCHRONIZED LENGTH LONGLENGTH MP4 RANK SC SRT SYNCROOT TRN","1786962851759"
"AN 5.20","AN 5.20","AN","Anguttara Nikaya","5_20","RAW","85","False","False","True","False","False","False","True","True","False","False","False","","","https://suttacentral.net/an5.20","Count IsFixedSize IsReadOnly IsSynchronized Length LongLength Rank SyncRoot","frontendoptimised2\downloads\Anguttara Nikaya by Bhante Hye Dhammavuddho Mahathera\5_20\5_20.json","frontendoptimised2\downloads\Anguttara Nikaya by Bhante Hye Dhammavuddho Mahathera\5_20\5_20.mp4","frontendoptimised2\downloads\Anguttara Nikaya by Bhante Hye Dhammavuddho Mahathera\5_20\5_20.en.srt","","12","COUNT ISFIXEDSIZE ISREADONLY ISSYNCHRONIZED LENGTH LONGLENGTH MP4 RANK SC SRT SYNCROOT TRN","1786962851837"
"AN 5.20.191","AN 5.20.191","AN","Anguttara Nikaya","5_20_191","RAW","85","False","False","True","False","False","False","True","True","False","False","False","","","https://suttacentral.net/an5.191","Count IsFixedSize IsReadOnly IsSynchronized Length LongLength Rank SyncRoot","frontendoptimised2\downloads\Anguttara Nikaya by Bhante Hye Dhammavuddho Mahathera\5_20_191\5_20_191.json","frontendoptimised2\downloads\Anguttara Nikaya by Bhante Hye Dhammavuddho Mahathera\5_20_191\5_20_191.mp4","frontendoptimised2\downloads\Anguttara Nikaya by Bhante Hye Dhammavuddho Mahathera\5_20_191\5_20_191.en.srt","","12","COUNT ISFIXEDSIZE ISREADONLY ISSYNCHRONIZED LENGTH LONGLENGTH MP4 RANK SC SRT SYNCROOT TRN","1786962852000"
"AN 5.20.199","AN 5.20.199","AN","Anguttara Nikaya","5_20_199","RAW","85","False","False","True","False","False","False","True","True","False","False","False","","","https://suttacentral.net/an5.199","Count IsFixedSize IsReadOnly IsSynchronized Length LongLength Rank SyncRoot","frontendoptimised2\downloads\Anguttara Nikaya by Bhante Hye Dhammavuddho Mahathera\5_20_199\5_20_199.json","frontendoptimised2\downloads\Anguttara Nikaya by Bhante Hye Dhammavuddho Mahathera\5_20_199\5_20_199.mp4","frontendoptimised2\downloads\Anguttara Nikaya by Bhante Hye Dhammavuddho Mahathera\5_20_199\5_20_199.en.srt","","12","COUNT ISFIXEDSIZE ISREADONLY ISSYNCHRONIZED LENGTH LONGLENGTH MP4 RANK SC SRT SYNCROOT TRN","1786962852049"
"AN 5.21.201","AN 5.21.201","AN","Anguttara Nikaya","5_21_201","RAW","85","False","False","True","False","False","False","True","True","False","False","False","","","https://suttacentral.net/an5.201","Count IsFixedSize IsReadOnly IsSynchronized Length LongLength Rank SyncRoot","frontendoptimised2\downloads\Anguttara Nikaya by Bhante Hye Dhammavuddho Mahathera\5_21_201\5_21_201.json","frontendoptimised2\downloads\Anguttara Nikaya by Bhante Hye Dhammavuddho Mahathera\5_21_201\5_21_201.mp4","frontendoptimised2\downloads\Anguttara Nikaya by Bhante Hye Dhammavuddho Mahathera\5_21_201\5_21_201.en.srt","","12","COUNT ISFIXEDSIZE ISREADONLY ISSYNCHRONIZED LENGTH LONGLENGTH MP4 RANK SC SRT SYNCROOT TRN","1786962852121"
"AN 5.22.213","AN 5.22.213","AN","Anguttara Nikaya","5_22_213","RAW","85","False","False","True","False","False","False","True","True","False","False","False","","","https://suttacentral.net/an5.213","Count IsFixedSize IsReadOnly IsSynchronized Length LongLength Rank SyncRoot","frontendoptimised2\downloads\Anguttara Nikaya by Bhante Hye Dhammavuddho Mahathera\5_22_213\5_22_213.json","frontendoptimised2\downloads\Anguttara Nikaya by Bhante Hye Dhammavuddho Mahathera\5_22_213\5_22_213.mp4","frontendoptimised2\downloads\Anguttara Nikaya by Bhante Hye Dhammavuddho Mahathera\5_22_213\5_22_213.en.srt","","12","COUNT ISFIXEDSIZE ISREADONLY ISSYNCHRONIZED LENGTH LONGLENGTH MP4 RANK SC SRT SYNCROOT TRN","1786962852191"
"AN 6","AN 6","AN","Anguttara Nikaya","6","RAW","85","False","False","True","False","False","False","True","True","False","False","False","","","","Count IsFixedSize IsReadOnly IsSynchronized Length LongLength Rank SyncRoot","Anguttara Nikaya by Bhante Hye Dhammavuddho Mahathera\6\6.json","Anguttara Nikaya by Bhante Hye Dhammavuddho Mahathera\6\6.mp4","Anguttara Nikaya by Bhante Hye Dhammavuddho Mahathera\6\6.en.srt","","11","COUNT ISFIXEDSIZE ISREADONLY ISSYNCHRONIZED LENGTH LONGLENGTH MP4 RANK SRT SYNCROOT TRN","1786962853140"
"AN 6.2.16","AN 6.2.16","AN","Anguttara Nikaya","6_2_16","RAW","85","False","False","True","False","False","False","True","True","False","False","False","","","https://suttacentral.net/an6.16","Count IsFixedSize IsReadOnly IsSynchronized Length LongLength Rank SyncRoot","frontendoptimised2\downloads\Anguttara Nikaya by Bhante Hye Dhammavuddho Mahathera\6_2_16\6_2_16.json","frontendoptimised2\downloads\Anguttara Nikaya by Bhante Hye Dhammavuddho Mahathera\6_2_16\6_2_16.mp4","frontendoptimised2\downloads\Anguttara Nikaya by Bhante Hye Dhammavuddho Mahathera\6_2_16\6_2_16.en.srt","","12","COUNT ISFIXEDSIZE ISREADONLY ISSYNCHRONIZED LENGTH LONGLENGTH MP4 RANK SC SRT SYNCROOT TRN","1786962853242"
"AN 6.2.19","AN 6.2.19","AN","Anguttara Nikaya","6_2_19","RAW","85","False","False","True","False","False","False","True","True","False","False","False","","","https://suttacentral.net/an6.19","Count IsFixedSize IsReadOnly IsSynchronized Length LongLength Rank SyncRoot","frontendoptimised2\downloads\Anguttara Nikaya by Bhante Hye Dhammavuddho Mahathera\6_2_19\6_2_19.json","frontendoptimised2\downloads\Anguttara Nikaya by Bhante Hye Dhammavuddho Mahathera\6_2_19\6_2_19.mp4","frontendoptimised2\downloads\Anguttara Nikaya by Bhante Hye Dhammavuddho Mahathera\6_2_19\6_2_19.en.srt","","12","COUNT ISFIXEDSIZE ISREADONLY ISSYNCHRONIZED LENGTH LONGLENGTH MP4 RANK SC SRT SYNCROOT TRN","1786962853256"
"AN 6.3.27","AN 6.3.27","AN","Anguttara Nikaya","6_3_27","RAW","85","False","False","True","False","False","False","True","True","False","False","False","","","https://suttacentral.net/an6.27","Count IsFixedSize IsReadOnly IsSynchronized Length LongLength Rank SyncRoot","frontendoptimised2\downloads\Anguttara Nikaya by Bhante Hye Dhammavuddho Mahathera\6_3_27\6_3_27.json","frontendoptimised2\downloads\Anguttara Nikaya by Bhante Hye Dhammavuddho Mahathera\6_3_27\6_3_27.mp4","frontendoptimised2\downloads\Anguttara Nikaya by Bhante Hye Dhammavuddho Mahathera\6_3_27\6_3_27.en.srt","","12","COUNT ISFIXEDSIZE ISREADONLY ISSYNCHRONIZED LENGTH LONGLENGTH MP4 RANK SC SRT SYNCROOT TRN","1786962853354"
"AN 6.4.37","AN 6.4.37","AN","Anguttara Nikaya","6_4_37","RAW","85","False","False","True","False","False","False","True","True","False","False","False","","","https://suttacentral.net/an6.37","Count IsFixedSize IsReadOnly IsSynchronized Length LongLength Rank SyncRoot","frontendoptimised2\downloads\Anguttara Nikaya by Bhante Hye Dhammavuddho Mahathera\6_4_37\6_4_37.json","frontendoptimised2\downloads\Anguttara Nikaya by Bhante Hye Dhammavuddho Mahathera\6_4_37\6_4_37.mp4","frontendoptimised2\downloads\Anguttara Nikaya by Bhante Hye Dhammavuddho Mahathera\6_4_37\6_4_37.en.srt","","12","COUNT ISFIXEDSIZE ISREADONLY ISSYNCHRONIZED LENGTH LONGLENGTH MP4 RANK SC SRT SYNCROOT TRN","1786962853475"
"AN 6.5.45","AN 6.5.45","AN","Anguttara Nikaya","6_5_45","RAW","85","False","False","True","False","False","False","True","True","False","False","False","","","https://suttacentral.net/an6.45","Count IsFixedSize IsReadOnly IsSynchronized Length LongLength Rank SyncRoot","frontendoptimised2\downloads\Anguttara Nikaya by Bhante Hye Dhammavuddho Mahathera\6_5_45\6_5_45.json","frontendoptimised2\downloads\Anguttara Nikaya by Bhante Hye Dhammavuddho Mahathera\6_5_45\6_5_45.mp4","frontendoptimised2\downloads\Anguttara Nikaya by Bhante Hye Dhammavuddho Mahathera\6_5_45\6_5_45.en.srt","","12","COUNT ISFIXEDSIZE ISREADONLY ISSYNCHRONIZED LENGTH LONGLENGTH MP4 RANK SC SRT SYNCROOT TRN","1786962853492"
"AN 6.5.46","AN 6.5.46","AN","Anguttara Nikaya","6_5_46","RAW","85","False","False","True","False","False","False","True","True","False","False","False","","","https://suttacentral.net/an6.46","Count IsFixedSize IsReadOnly IsSynchronized Length LongLength Rank SyncRoot","frontendoptimised2\downloads\Anguttara Nikaya by Bhante Hye Dhammavuddho Mahathera\6_5_46\6_5_46.json","frontendoptimised2\downloads\Anguttara Nikaya by Bhante Hye Dhammavuddho Mahathera\6_5_46\6_5_46.mp4","frontendoptimised2\downloads\Anguttara Nikaya by Bhante Hye Dhammavuddho Mahathera\6_5_46\6_5_46.en.srt","","12","COUNT ISFIXEDSIZE ISREADONLY ISSYNCHRONIZED LENGTH LONGLENGTH MP4 RANK SC SRT SYNCROOT TRN","1786962853585"
"AN 6.6.55","AN 6.6.55","AN","Anguttara Nikaya","6_6_55","RAW","85","False","False","True","False","False","False","True","True","False","False","False","","","https://suttacentral.net/an6.55","Count IsFixedSize IsReadOnly IsSynchronized Length LongLength Rank SyncRoot","frontendoptimised2\downloads\Anguttara Nikaya by Bhante Hye Dhammavuddho Mahathera\6_6_55\6_6_55.json","frontendoptimised2\downloads\Anguttara Nikaya by Bhante Hye Dhammavuddho Mahathera\6_6_55\6_6_55.mp4","frontendoptimised2\downloads\Anguttara Nikaya by Bhante Hye Dhammavuddho Mahathera\6_6_55\6_6_55.en.srt","","12","COUNT ISFIXEDSIZE ISREADONLY ISSYNCHRONIZED LENGTH LONGLENGTH MP4 RANK SC SRT SYNCROOT TRN","1786962853600"
"AN 6.6.61","AN 6.6.61","AN","Anguttara Nikaya","6_6_61","RAW","85","False","False","True","False","False","False","True","True","False","False","False","","","https://suttacentral.net/an6.61","Count IsFixedSize IsReadOnly IsSynchronized Length LongLength Rank SyncRoot","frontendoptimised2\downloads\Anguttara Nikaya by Bhante Hye Dhammavuddho Mahathera\6_6_61\6_6_61.json","frontendoptimised2\downloads\Anguttara Nikaya by Bhante Hye Dhammavuddho Mahathera\6_6_61\6_6_61.mp4","frontendoptimised2\downloads\Anguttara Nikaya by Bhante Hye Dhammavuddho Mahathera\6_6_61\6_6_61.en.srt","","12","COUNT ISFIXEDSIZE ISREADONLY ISSYNCHRONIZED LENGTH LONGLENGTH MP4 RANK SC SRT SYNCROOT TRN","1786962853666"
"AN 6.6.63","AN 6.6.63","AN","Anguttara Nikaya","6_6_63","RAW","85","False","False","True","False","False","False","True","True","False","False","False","","","https://suttacentral.net/an6.63","Count IsFixedSize IsReadOnly IsSynchronized Length LongLength Rank SyncRoot","frontendoptimised2\downloads\Anguttara Nikaya by Bhante Hye Dhammavuddho Mahathera\6_6_63\6_6_63.json","frontendoptimised2\downloads\Anguttara Nikaya by Bhante Hye Dhammavuddho Mahathera\6_6_63\6_6_63.mp4","frontendoptimised2\downloads\Anguttara Nikaya by Bhante Hye Dhammavuddho Mahathera\6_6_63\6_6_63.en.srt","","12","COUNT ISFIXEDSIZE ISREADONLY ISSYNCHRONIZED LENGTH LONGLENGTH MP4 RANK SC SRT SYNCROOT TRN","1786962853683"
"AN 6.6.64","AN 6.6.64","AN","Anguttara Nikaya","6_6_64","RAW","85","False","False","True","False","False","False","True","True","False","False","False","","","https://suttacentral.net/an6.64","Count IsFixedSize IsReadOnly IsSynchronized Length LongLength Rank SyncRoot","frontendoptimised2\downloads\Anguttara Nikaya by Bhante Hye Dhammavuddho Mahathera\6_6_64\6_6_64.json","frontendoptimised2\downloads\Anguttara Nikaya by Bhante Hye Dhammavuddho Mahathera\6_6_64\6_6_64.mp4","frontendoptimised2\downloads\Anguttara Nikaya by Bhante Hye Dhammavuddho Mahathera\6_6_64\6_6_64.en.srt","","12","COUNT ISFIXEDSIZE ISREADONLY ISSYNCHRONIZED LENGTH LONGLENGTH MP4 RANK SC SRT SYNCROOT TRN","1786962853765"
"AN 6.7.69","AN 6.7.69","AN","Anguttara Nikaya","6_7_69","RAW","85","False","False","True","False","False","False","True","True","False","False","False","","","https://suttacentral.net/an6.69","Count IsFixedSize IsReadOnly IsSynchronized Length LongLength Rank SyncRoot","frontendoptimised2\downloads\Anguttara Nikaya by Bhante Hye Dhammavuddho Mahathera\6_7_69\6_7_69.json","frontendoptimised2\downloads\Anguttara Nikaya by Bhante Hye Dhammavuddho Mahathera\6_7_69\6_7_69.mp4","frontendoptimised2\downloads\Anguttara Nikaya by Bhante Hye Dhammavuddho Mahathera\6_7_69\6_7_69.en.srt","","12","COUNT ISFIXEDSIZE ISREADONLY ISSYNCHRONIZED LENGTH LONGLENGTH MP4 RANK SC SRT SYNCROOT TRN","1786962853810"
"AN 6.7.70","AN 6.7.70","AN","Anguttara Nikaya","6_7_70","RAW","85","False","False","True","False","False","False","True","True","False","False","False","","","https://suttacentral.net/an6.70","Count IsFixedSize IsReadOnly IsSynchronized Length LongLength Rank SyncRoot","frontendoptimised2\downloads\Anguttara Nikaya by Bhante Hye Dhammavuddho Mahathera\6_7_70\6_7_70.json","frontendoptimised2\downloads\Anguttara Nikaya by Bhante Hye Dhammavuddho Mahathera\6_7_70\6_7_70.mp4","frontendoptimised2\downloads\Anguttara Nikaya by Bhante Hye Dhammavuddho Mahathera\6_7_70\6_7_70.en.srt","","12","COUNT ISFIXEDSIZE ISREADONLY ISSYNCHRONIZED LENGTH LONGLENGTH MP4 RANK SC SRT SYNCROOT TRN","1786962853854"
"AN 7","AN 7","AN","Anguttara Nikaya","7","RAW","85","False","False","True","False","False","False","True","True","False","False","False","","","","Count IsFixedSize IsReadOnly IsSynchronized Length LongLength Rank SyncRoot","Anguttara Nikaya by Bhante Hye Dhammavuddho Mahathera\7\7.json","Anguttara Nikaya by Bhante Hye Dhammavuddho Mahathera\7\7.mp4","Anguttara Nikaya by Bhante Hye Dhammavuddho Mahathera\7\7.en.srt","","11","COUNT ISFIXEDSIZE ISREADONLY ISSYNCHRONIZED LENGTH LONGLENGTH MP4 RANK SRT SYNCROOT TRN","1786962853868"
"AN 7.1.6","AN 7.1.6","AN","Anguttara Nikaya","7_1_6","RAW","85","False","False","True","False","False","False","True","True","False","False","False","","","https://suttacentral.net/an7.6","Count IsFixedSize IsReadOnly IsSynchronized Length LongLength Rank SyncRoot","frontendoptimised2\downloads\Anguttara Nikaya by Bhante Hye Dhammavuddho Mahathera\7_1_6\7_1_6.json","frontendoptimised2\downloads\Anguttara Nikaya by Bhante Hye Dhammavuddho Mahathera\7_1_6\7_1_6.mp4","frontendoptimised2\downloads\Anguttara Nikaya by Bhante Hye Dhammavuddho Mahathera\7_1_6\7_1_6.en.srt","","12","COUNT ISFIXEDSIZE ISREADONLY ISSYNCHRONIZED LENGTH LONGLENGTH MP4 RANK SC SRT SYNCROOT TRN","1786962853909"
"AN 7.2.13","AN 7.2.13","AN","Anguttara Nikaya","7_2_13","RAW","85","False","False","True","False","False","False","True","True","False","False","False","","","https://suttacentral.net/an7.13","Count IsFixedSize IsReadOnly IsSynchronized Length LongLength Rank SyncRoot","frontendoptimised2\downloads\Anguttara Nikaya by Bhante Hye Dhammavuddho Mahathera\7_2_13\7_2_13.json","frontendoptimised2\downloads\Anguttara Nikaya by Bhante Hye Dhammavuddho Mahathera\7_2_13\7_2_13.mp4","frontendoptimised2\downloads\Anguttara Nikaya by Bhante Hye Dhammavuddho Mahathera\7_2_13\7_2_13.en.srt","","12","COUNT ISFIXEDSIZE ISREADONLY ISSYNCHRONIZED LENGTH LONGLENGTH MP4 RANK SC SRT SYNCROOT TRN","1786962854211"
"AN 7.3.22","AN 7.3.22","AN","Anguttara Nikaya","7_3_22","RAW","85","False","False","True","False","False","False","True","True","False","False","False","","","https://suttacentral.net/an7.22","Count IsFixedSize IsReadOnly IsSynchronized Length LongLength Rank SyncRoot","frontendoptimised2\downloads\Anguttara Nikaya by Bhante Hye Dhammavuddho Mahathera\7_3_22\7_3_22.json","frontendoptimised2\downloads\Anguttara Nikaya by Bhante Hye Dhammavuddho Mahathera\7_3_22\7_3_22.mp4","frontendoptimised2\downloads\Anguttara Nikaya by Bhante Hye Dhammavuddho Mahathera\7_3_22\7_3_22.en.srt","","12","COUNT ISFIXEDSIZE ISREADONLY ISSYNCHRONIZED LENGTH LONGLENGTH MP4 RANK SC SRT SYNCROOT TRN","1786962854248"
"AN 7.3.23","AN 7.3.23","AN","Anguttara Nikaya","7_3_23","RAW","85","False","False","True","False","False","False","True","True","False","False","False","","","https://suttacentral.net/an7.23","Count IsFixedSize IsReadOnly IsSynchronized Length LongLength Rank SyncRoot","frontendoptimised2\downloads\Anguttara Nikaya by Bhante Hye Dhammavuddho Mahathera\7_3_23\7_3_23.json","frontendoptimised2\downloads\Anguttara Nikaya by Bhante Hye Dhammavuddho Mahathera\7_3_23\7_3_23.mp4","frontendoptimised2\downloads\Anguttara Nikaya by Bhante Hye Dhammavuddho Mahathera\7_3_23\7_3_23.en.srt","","12","COUNT ISFIXEDSIZE ISREADONLY ISSYNCHRONIZED LENGTH LONGLENGTH MP4 RANK SC SRT SYNCROOT TRN","1786962854304"
"AN 7.4.35","AN 7.4.35","AN","Anguttara Nikaya","7_4_35","RAW","85","False","False","True","False","False","False","True","True","False","False","False","","","https://suttacentral.net/an7.35","Count IsFixedSize IsReadOnly IsSynchronized Length LongLength Rank SyncRoot","frontendoptimised2\downloads\Anguttara Nikaya by Bhante Hye Dhammavuddho Mahathera\7_4_35\7_4_35.json","frontendoptimised2\downloads\Anguttara Nikaya by Bhante Hye Dhammavuddho Mahathera\7_4_35\7_4_35.mp4","frontendoptimised2\downloads\Anguttara Nikaya by Bhante Hye Dhammavuddho Mahathera\7_4_35\7_4_35.en.srt","","12","COUNT ISFIXEDSIZE ISREADONLY ISSYNCHRONIZED LENGTH LONGLENGTH MP4 RANK SC SRT SYNCROOT TRN","1786962854364"
"AN 7.5.44","AN 7.5.44","AN","Anguttara Nikaya","7_5_44","RAW","85","False","False","True","False","False","False","True","True","False","False","False","","","https://suttacentral.net/an7.44","Count IsFixedSize IsReadOnly IsSynchronized Length LongLength Rank SyncRoot","frontendoptimised2\downloads\Anguttara Nikaya by Bhante Hye Dhammavuddho Mahathera\7_5_44\7_5_44.json","frontendoptimised2\downloads\Anguttara Nikaya by Bhante Hye Dhammavuddho Mahathera\7_5_44\7_5_44.mp4","frontendoptimised2\downloads\Anguttara Nikaya by Bhante Hye Dhammavuddho Mahathera\7_5_44\7_5_44.en.srt","","12","COUNT ISFIXEDSIZE ISREADONLY ISSYNCHRONIZED LENGTH LONGLENGTH MP4 RANK SC SRT SYNCROOT TRN","1786962854533"
"AN 7.5.49","AN 7.5.49","AN","Anguttara Nikaya","7_5_49","RAW","85","False","False","True","False","False","False","True","True","False","False","False","","","https://suttacentral.net/an7.49","Count IsFixedSize IsReadOnly IsSynchronized Length LongLength Rank SyncRoot","frontendoptimised2\downloads\Anguttara Nikaya by Bhante Hye Dhammavuddho Mahathera\7_5_49\7_5_49.json","frontendoptimised2\downloads\Anguttara Nikaya by Bhante Hye Dhammavuddho Mahathera\7_5_49\7_5_49.mp4","frontendoptimised2\downloads\Anguttara Nikaya by Bhante Hye Dhammavuddho Mahathera\7_5_49\7_5_49.en.srt","","12","COUNT ISFIXEDSIZE ISREADONLY ISSYNCHRONIZED LENGTH LONGLENGTH MP4 RANK SC SRT SYNCROOT TRN","1786962854548"
"AN 7.5.50","AN 7.5.50","AN","Anguttara Nikaya","7_5_50","RAW","85","False","False","True","False","False","False","True","True","False","False","False","","","https://suttacentral.net/an7.50","Count IsFixedSize IsReadOnly IsSynchronized Length LongLength Rank SyncRoot","frontendoptimised2\downloads\Anguttara Nikaya by Bhante Hye Dhammavuddho Mahathera\7_5_50\7_5_50.json","frontendoptimised2\downloads\Anguttara Nikaya by Bhante Hye Dhammavuddho Mahathera\7_5_50\7_5_50.mp4","frontendoptimised2\downloads\Anguttara Nikaya by Bhante Hye Dhammavuddho Mahathera\7_5_50\7_5_50.en.srt","","12","COUNT ISFIXEDSIZE ISREADONLY ISSYNCHRONIZED LENGTH LONGLENGTH MP4 RANK SC SRT SYNCROOT TRN","1786962854608"
"AN 7.6.51","AN 7.6.51","AN","Anguttara Nikaya","7_6_51","RAW","85","False","False","True","False","False","False","True","True","False","False","False","","","https://suttacentral.net/an7.51","Count IsFixedSize IsReadOnly IsSynchronized Length LongLength Rank SyncRoot","frontendoptimised2\downloads\Anguttara Nikaya by Bhante Hye Dhammavuddho Mahathera\7_6_51\7_6_51.json","frontendoptimised2\downloads\Anguttara Nikaya by Bhante Hye Dhammavuddho Mahathera\7_6_51\7_6_51.mp4","frontendoptimised2\downloads\Anguttara Nikaya by Bhante Hye Dhammavuddho Mahathera\7_6_51\7_6_51.en.srt","","12","COUNT ISFIXEDSIZE ISREADONLY ISSYNCHRONIZED LENGTH LONGLENGTH MP4 RANK SC SRT SYNCROOT TRN","1786962854681"
"AN 7.6.54","AN 7.6.54","AN","Anguttara Nikaya","7_6_54","RAW","85","False","False","True","False","False","False","True","True","False","False","False","","","https://suttacentral.net/an7.54","Count IsFixedSize IsReadOnly IsSynchronized Length LongLength Rank SyncRoot","frontendoptimised2\downloads\Anguttara Nikaya by Bhante Hye Dhammavuddho Mahathera\7_6_54\7_6_54.json","frontendoptimised2\downloads\Anguttara Nikaya by Bhante Hye Dhammavuddho Mahathera\7_6_54\7_6_54.mp4","frontendoptimised2\downloads\Anguttara Nikaya by Bhante Hye Dhammavuddho Mahathera\7_6_54\7_6_54.en.srt","","12","COUNT ISFIXEDSIZE ISREADONLY ISSYNCHRONIZED LENGTH LONGLENGTH MP4 RANK SC SRT SYNCROOT TRN","1786962854800"
"AN 7.6.59","AN 7.6.59","AN","Anguttara Nikaya","7_6_59","RAW","85","False","False","True","False","False","False","True","True","False","False","False","","","https://suttacentral.net/an7.59","Count IsFixedSize IsReadOnly IsSynchronized Length LongLength Rank SyncRoot","frontendoptimised2\downloads\Anguttara Nikaya by Bhante Hye Dhammavuddho Mahathera\7_6_59\7_6_59.json","frontendoptimised2\downloads\Anguttara Nikaya by Bhante Hye Dhammavuddho Mahathera\7_6_59\7_6_59.mp4","frontendoptimised2\downloads\Anguttara Nikaya by Bhante Hye Dhammavuddho Mahathera\7_6_59\7_6_59.en.srt","","12","COUNT ISFIXEDSIZE ISREADONLY ISSYNCHRONIZED LENGTH LONGLENGTH MP4 RANK SC SRT SYNCROOT TRN","1786962854822"
"AN 7.6.60","AN 7.6.60","AN","Anguttara Nikaya","7_6_60","RAW","85","False","False","True","False","False","False","True","True","False","False","False","","","https://suttacentral.net/an7.60","Count IsFixedSize IsReadOnly IsSynchronized Length LongLength Rank SyncRoot","frontendoptimised2\downloads\Anguttara Nikaya by Bhante Hye Dhammavuddho Mahathera\7_6_60\7_6_60.json","frontendoptimised2\downloads\Anguttara Nikaya by Bhante Hye Dhammavuddho Mahathera\7_6_60\7_6_60.mp4","frontendoptimised2\downloads\Anguttara Nikaya by Bhante Hye Dhammavuddho Mahathera\7_6_60\7_6_60.en.srt","","12","COUNT ISFIXEDSIZE ISREADONLY ISSYNCHRONIZED LENGTH LONGLENGTH MP4 RANK SC SRT SYNCROOT TRN","1786962854877"
"AN 7.7.62","AN 7.7.62","AN","Anguttara Nikaya","7_7_62","RAW","85","False","False","True","False","False","False","True","True","False","False","False","","","https://suttacentral.net/an7.62","Count IsFixedSize IsReadOnly IsSynchronized Length LongLength Rank SyncRoot","frontendoptimised2\downloads\Anguttara Nikaya by Bhante Hye Dhammavuddho Mahathera\7_7_62\7_7_62.json","frontendoptimised2\downloads\Anguttara Nikaya by Bhante Hye Dhammavuddho Mahathera\7_7_62\7_7_62.mp4","frontendoptimised2\downloads\Anguttara Nikaya by Bhante Hye Dhammavuddho Mahathera\7_7_62\7_7_62.en.srt","","12","COUNT ISFIXEDSIZE ISREADONLY ISSYNCHRONIZED LENGTH LONGLENGTH MP4 RANK SC SRT SYNCROOT TRN","1786962854891"
"AN 7.7.63","AN 7.7.63","AN","Anguttara Nikaya","7_7_63","RAW","85","False","False","True","False","False","False","True","True","False","False","False","","","https://suttacentral.net/an7.63","Count IsFixedSize IsReadOnly IsSynchronized Length LongLength Rank SyncRoot","frontendoptimised2\downloads\Anguttara Nikaya by Bhante Hye Dhammavuddho Mahathera\7_7_63\7_7_63.json","frontendoptimised2\downloads\Anguttara Nikaya by Bhante Hye Dhammavuddho Mahathera\7_7_63\7_7_63.mp4","frontendoptimised2\downloads\Anguttara Nikaya by Bhante Hye Dhammavuddho Mahathera\7_7_63\7_7_63.en.srt","","12","COUNT ISFIXEDSIZE ISREADONLY ISSYNCHRONIZED LENGTH LONGLENGTH MP4 RANK SC SRT SYNCROOT TRN","1786962854904"
"AN 7.7.64","AN 7.7.64","AN","Anguttara Nikaya","7_7_64","RAW","85","False","False","True","False","False","False","True","True","False","False","False","","","https://suttacentral.net/an7.64","Count IsFixedSize IsReadOnly IsSynchronized Length LongLength Rank SyncRoot","frontendoptimised2\downloads\Anguttara Nikaya by Bhante Hye Dhammavuddho Mahathera\7_7_64\7_7_64.json","frontendoptimised2\downloads\Anguttara Nikaya by Bhante Hye Dhammavuddho Mahathera\7_7_64\7_7_64.mp4","frontendoptimised2\downloads\Anguttara Nikaya by Bhante Hye Dhammavuddho Mahathera\7_7_64\7_7_64.en.srt","","12","COUNT ISFIXEDSIZE ISREADONLY ISSYNCHRONIZED LENGTH LONGLENGTH MP4 RANK SC SRT SYNCROOT TRN","1786962854919"
"AN 7.7.66","AN 7.7.66","AN","Anguttara Nikaya","7_7_66","RAW","85","False","False","True","False","False","False","True","True","False","False","False","","","https://suttacentral.net/an7.66","Count IsFixedSize IsReadOnly IsSynchronized Length LongLength Rank SyncRoot","frontendoptimised2\downloads\Anguttara Nikaya by Bhante Hye Dhammavuddho Mahathera\7_7_66\7_7_66.json","frontendoptimised2\downloads\Anguttara Nikaya by Bhante Hye Dhammavuddho Mahathera\7_7_66\7_7_66.mp4","frontendoptimised2\downloads\Anguttara Nikaya by Bhante Hye Dhammavuddho Mahathera\7_7_66\7_7_66.en.srt","","12","COUNT ISFIXEDSIZE ISREADONLY ISSYNCHRONIZED LENGTH LONGLENGTH MP4 RANK SC SRT SYNCROOT TRN","1786962854982"
"AN 7.7.67","AN 7.7.67","AN","Anguttara Nikaya","7_7_67","RAW","85","False","False","True","False","False","False","True","True","False","False","False","","","https://suttacentral.net/an7.67","Count IsFixedSize IsReadOnly IsSynchronized Length LongLength Rank SyncRoot","frontendoptimised2\downloads\Anguttara Nikaya by Bhante Hye Dhammavuddho Mahathera\7_7_67\7_7_67.json","frontendoptimised2\downloads\Anguttara Nikaya by Bhante Hye Dhammavuddho Mahathera\7_7_67\7_7_67.mp4","frontendoptimised2\downloads\Anguttara Nikaya by Bhante Hye Dhammavuddho Mahathera\7_7_67\7_7_67.en.srt","","12","COUNT ISFIXEDSIZE ISREADONLY ISSYNCHRONIZED LENGTH LONGLENGTH MP4 RANK SC SRT SYNCROOT TRN","1786962854997"
"AN 7.7.69","AN 7.7.69","AN","Anguttara Nikaya","7_7_69","RAW","85","False","False","True","False","False","False","True","True","False","False","False","","","https://suttacentral.net/an7.69","Count IsFixedSize IsReadOnly IsSynchronized Length LongLength Rank SyncRoot","frontendoptimised2\downloads\Anguttara Nikaya by Bhante Hye Dhammavuddho Mahathera\7_7_69\7_7_69.json","frontendoptimised2\downloads\Anguttara Nikaya by Bhante Hye Dhammavuddho Mahathera\7_7_69\7_7_69.mp4","frontendoptimised2\downloads\Anguttara Nikaya by Bhante Hye Dhammavuddho Mahathera\7_7_69\7_7_69.en.srt","","12","COUNT ISFIXEDSIZE ISREADONLY ISSYNCHRONIZED LENGTH LONGLENGTH MP4 RANK SC SRT SYNCROOT TRN","1786962855043"
"AN 7.7.70","AN 7.7.70","AN","Anguttara Nikaya","7_7_70","RAW","85","False","False","True","False","False","False","True","True","False","False","False","","","https://suttacentral.net/an7.70","Count IsFixedSize IsReadOnly IsSynchronized Length LongLength Rank SyncRoot","frontendoptimised2\downloads\Anguttara Nikaya by Bhante Hye Dhammavuddho Mahathera\7_7_70\7_7_70.json","frontendoptimised2\downloads\Anguttara Nikaya by Bhante Hye Dhammavuddho Mahathera\7_7_70\7_7_70.mp4","frontendoptimised2\downloads\Anguttara Nikaya by Bhante Hye Dhammavuddho Mahathera\7_7_70\7_7_70.en.srt","","12","COUNT ISFIXEDSIZE ISREADONLY ISSYNCHRONIZED LENGTH LONGLENGTH MP4 RANK SC SRT SYNCROOT TRN","1786962855112"
"AN 7.8","AN 7.8","AN","Anguttara Nikaya","7_8","RAW","85","False","False","True","False","False","False","True","True","False","False","False","","","https://suttacentral.net/an7.8","Count IsFixedSize IsReadOnly IsSynchronized Length LongLength Rank SyncRoot","frontendoptimised2\downloads\Anguttara Nikaya by Bhante Hye Dhammavuddho Mahathera\7_8\7_8.json","frontendoptimised2\downloads\Anguttara Nikaya by Bhante Hye Dhammavuddho Mahathera\7_8\7_8.mp4","frontendoptimised2\downloads\Anguttara Nikaya by Bhante Hye Dhammavuddho Mahathera\7_8\7_8.en.srt","","12","COUNT ISFIXEDSIZE ISREADONLY ISSYNCHRONIZED LENGTH LONGLENGTH MP4 RANK SC SRT SYNCROOT TRN","1786962855129"
"AN 7.9","AN 7.9","AN","Anguttara Nikaya","7_9","RAW","85","False","False","True","False","False","False","True","True","False","False","False","","","https://suttacentral.net/an7.9","Count IsFixedSize IsReadOnly IsSynchronized Length LongLength Rank SyncRoot","frontendoptimised2\downloads\Anguttara Nikaya by Bhante Hye Dhammavuddho Mahathera\7_9\7_9.json","frontendoptimised2\downloads\Anguttara Nikaya by Bhante Hye Dhammavuddho Mahathera\7_9\7_9.mp4","frontendoptimised2\downloads\Anguttara Nikaya by Bhante Hye Dhammavuddho Mahathera\7_9\7_9.en.srt","","12","COUNT ISFIXEDSIZE ISREADONLY ISSYNCHRONIZED LENGTH LONGLENGTH MP4 RANK SC SRT SYNCROOT TRN","1786962855191"
"AN 7.10","AN 7.10","AN","Anguttara Nikaya","7_10","RAW","85","False","False","True","False","False","False","True","True","False","False","False","","","https://suttacentral.net/an7.10","Count IsFixedSize IsReadOnly IsSynchronized Length LongLength Rank SyncRoot","frontendoptimised2\downloads\Anguttara Nikaya by Bhante Hye Dhammavuddho Mahathera\7_10\7_10.json","frontendoptimised2\downloads\Anguttara Nikaya by Bhante Hye Dhammavuddho Mahathera\7_10\7_10.mp4","frontendoptimised2\downloads\Anguttara Nikaya by Bhante Hye Dhammavuddho Mahathera\7_10\7_10.en.srt","","12","COUNT ISFIXEDSIZE ISREADONLY ISSYNCHRONIZED LENGTH LONGLENGTH MP4 RANK SC SRT SYNCROOT TRN","1786962853953"
"AN 7.11","AN 7.11","AN","Anguttara Nikaya","7_11","RAW","85","False","False","True","False","False","False","True","True","False","False","False","","","https://suttacentral.net/an7.11","Count IsFixedSize IsReadOnly IsSynchronized Length LongLength Rank SyncRoot","frontendoptimised2\downloads\Anguttara Nikaya by Bhante Hye Dhammavuddho Mahathera\7_11\7_11.json","frontendoptimised2\downloads\Anguttara Nikaya by Bhante Hye Dhammavuddho Mahathera\7_11\7_11.mp4","frontendoptimised2\downloads\Anguttara Nikaya by Bhante Hye Dhammavuddho Mahathera\7_11\7_11.en.srt","","12","COUNT ISFIXEDSIZE ISREADONLY ISSYNCHRONIZED LENGTH LONGLENGTH MP4 RANK SC SRT SYNCROOT TRN","1786962854000"
"AN 7.12","AN 7.12","AN","Anguttara Nikaya","7_12","RAW","85","False","False","True","False","False","False","True","True","False","False","False","","","https://suttacentral.net/an7.12","Count IsFixedSize IsReadOnly IsSynchronized Length LongLength Rank SyncRoot","frontendoptimised2\downloads\Anguttara Nikaya by Bhante Hye Dhammavuddho Mahathera\7_12\7_12.json","frontendoptimised2\downloads\Anguttara Nikaya by Bhante Hye Dhammavuddho Mahathera\7_12\7_12.mp4","frontendoptimised2\downloads\Anguttara Nikaya by Bhante Hye Dhammavuddho Mahathera\7_12\7_12.en.srt","","12","COUNT ISFIXEDSIZE ISREADONLY ISSYNCHRONIZED LENGTH LONGLENGTH MP4 RANK SC SRT SYNCROOT TRN","1786962854141"
"AN 8","AN 8","AN","Anguttara Nikaya","8","RAW","85","False","False","True","False","False","False","True","True","False","False","False","","","","Count IsFixedSize IsReadOnly IsSynchronized Length LongLength Rank SyncRoot","Anguttara Nikaya by Bhante Hye Dhammavuddho Mahathera\8\8.json","Anguttara Nikaya by Bhante Hye Dhammavuddho Mahathera\8\8.mp4","Anguttara Nikaya by Bhante Hye Dhammavuddho Mahathera\8\8.en.srt","","11","COUNT ISFIXEDSIZE ISREADONLY ISSYNCHRONIZED LENGTH LONGLENGTH MP4 RANK SRT SYNCROOT TRN","1786962855205"
"AN 8.1.6","AN 8.1.6","AN","Anguttara Nikaya","8_1_6","RAW","85","False","False","True","False","False","False","True","True","False","False","False","","","https://suttacentral.net/an8.6","Count IsFixedSize IsReadOnly IsSynchronized Length LongLength Rank SyncRoot","frontendoptimised2\downloads\Anguttara Nikaya by Bhante Hye Dhammavuddho Mahathera\8_1_6\8_1_6.json","frontendoptimised2\downloads\Anguttara Nikaya by Bhante Hye Dhammavuddho Mahathera\8_1_6\8_1_6.mp4","frontendoptimised2\downloads\Anguttara Nikaya by Bhante Hye Dhammavuddho Mahathera\8_1_6\8_1_6.en.srt","","12","COUNT ISFIXEDSIZE ISREADONLY ISSYNCHRONIZED LENGTH LONGLENGTH MP4 RANK SC SRT SYNCROOT TRN","1786962855357"
"AN 8.2.15","AN 8.2.15","AN","Anguttara Nikaya","8_2_15","RAW","85","False","False","True","False","False","False","True","True","False","False","False","","","https://suttacentral.net/an8.15","Count IsFixedSize IsReadOnly IsSynchronized Length LongLength Rank SyncRoot","frontendoptimised2\downloads\Anguttara Nikaya by Bhante Hye Dhammavuddho Mahathera\8_2_15\8_2_15.json","frontendoptimised2\downloads\Anguttara Nikaya by Bhante Hye Dhammavuddho Mahathera\8_2_15\8_2_15.mp4","frontendoptimised2\downloads\Anguttara Nikaya by Bhante Hye Dhammavuddho Mahathera\8_2_15\8_2_15.en.srt","","12","COUNT ISFIXEDSIZE ISREADONLY ISSYNCHRONIZED LENGTH LONGLENGTH MP4 RANK SC SRT SYNCROOT TRN","1786962855440"
"AN 8.2.20","AN 8.2.20","AN","Anguttara Nikaya","8_2_20","RAW","85","False","False","True","False","False","False","True","True","False","False","False","","","https://suttacentral.net/an8.20","Count IsFixedSize IsReadOnly IsSynchronized Length LongLength Rank SyncRoot","frontendoptimised2\downloads\Anguttara Nikaya by Bhante Hye Dhammavuddho Mahathera\8_2_20\8_2_20.json","frontendoptimised2\downloads\Anguttara Nikaya by Bhante Hye Dhammavuddho Mahathera\8_2_20\8_2_20.mp4","frontendoptimised2\downloads\Anguttara Nikaya by Bhante Hye Dhammavuddho Mahathera\8_2_20\8_2_20.en.srt","","12","COUNT ISFIXEDSIZE ISREADONLY ISSYNCHRONIZED LENGTH LONGLENGTH MP4 RANK SC SRT SYNCROOT TRN","1786962855456"
"AN 8.3.21","AN 8.3.21","AN","Anguttara Nikaya","8_3_21","RAW","85","False","False","True","False","False","False","True","True","False","False","False","","","https://suttacentral.net/an8.21","Count IsFixedSize IsReadOnly IsSynchronized Length LongLength Rank SyncRoot","frontendoptimised2\downloads\Anguttara Nikaya by Bhante Hye Dhammavuddho Mahathera\8_3_21\8_3_21.json","frontendoptimised2\downloads\Anguttara Nikaya by Bhante Hye Dhammavuddho Mahathera\8_3_21\8_3_21.mp4","frontendoptimised2\downloads\Anguttara Nikaya by Bhante Hye Dhammavuddho Mahathera\8_3_21\8_3_21.en.srt","","12","COUNT ISFIXEDSIZE ISREADONLY ISSYNCHRONIZED LENGTH LONGLENGTH MP4 RANK SC SRT SYNCROOT TRN","1786962855598"
"AN 8.3.27","AN 8.3.27","AN","Anguttara Nikaya","8_3_27","RAW","85","False","False","True","False","False","False","True","True","False","False","False","","","https://suttacentral.net/an8.27","Count IsFixedSize IsReadOnly IsSynchronized Length LongLength Rank SyncRoot","frontendoptimised2\downloads\Anguttara Nikaya by Bhante Hye Dhammavuddho Mahathera\8_3_27\8_3_27.json","frontendoptimised2\downloads\Anguttara Nikaya by Bhante Hye Dhammavuddho Mahathera\8_3_27\8_3_27.mp4","frontendoptimised2\downloads\Anguttara Nikaya by Bhante Hye Dhammavuddho Mahathera\8_3_27\8_3_27.en.srt","","12","COUNT ISFIXEDSIZE ISREADONLY ISSYNCHRONIZED LENGTH LONGLENGTH MP4 RANK SC SRT SYNCROOT TRN","1786962855621"
"AN 8.4.35","AN 8.4.35","AN","Anguttara Nikaya","8_4_35","RAW","85","False","False","True","False","False","False","True","True","False","False","False","","","https://suttacentral.net/an8.35","Count IsFixedSize IsReadOnly IsSynchronized Length LongLength Rank SyncRoot","frontendoptimised2\downloads\Anguttara Nikaya by Bhante Hye Dhammavuddho Mahathera\8_4_35\8_4_35.json","frontendoptimised2\downloads\Anguttara Nikaya by Bhante Hye Dhammavuddho Mahathera\8_4_35\8_4_35.mp4","frontendoptimised2\downloads\Anguttara Nikaya by Bhante Hye Dhammavuddho Mahathera\8_4_35\8_4_35.en.srt","","12","COUNT ISFIXEDSIZE ISREADONLY ISSYNCHRONIZED LENGTH LONGLENGTH MP4 RANK SC SRT SYNCROOT TRN","1786962855641"
"AN 8.4.36","AN 8.4.36","AN","Anguttara Nikaya","8_4_36","RAW","85","False","False","True","False","False","False","True","True","False","False","False","","","https://suttacentral.net/an8.36","Count IsFixedSize IsReadOnly IsSynchronized Length LongLength Rank SyncRoot","frontendoptimised2\downloads\Anguttara Nikaya by Bhante Hye Dhammavuddho Mahathera\8_4_36\8_4_36.json","frontendoptimised2\downloads\Anguttara Nikaya by Bhante Hye Dhammavuddho Mahathera\8_4_36\8_4_36.mp4","frontendoptimised2\downloads\Anguttara Nikaya by Bhante Hye Dhammavuddho Mahathera\8_4_36\8_4_36.en.srt","","12","COUNT ISFIXEDSIZE ISREADONLY ISSYNCHRONIZED LENGTH LONGLENGTH MP4 RANK SC SRT SYNCROOT TRN","1786962855655"
"AN 8.4.37","AN 8.4.37","AN","Anguttara Nikaya","8_4_37","RAW","85","False","False","True","False","False","False","True","True","False","False","False","","","https://suttacentral.net/an8.37","Count IsFixedSize IsReadOnly IsSynchronized Length LongLength Rank SyncRoot","frontendoptimised2\downloads\Anguttara Nikaya by Bhante Hye Dhammavuddho Mahathera\8_4_37\8_4_37.json","frontendoptimised2\downloads\Anguttara Nikaya by Bhante Hye Dhammavuddho Mahathera\8_4_37\8_4_37.mp4","frontendoptimised2\downloads\Anguttara Nikaya by Bhante Hye Dhammavuddho Mahathera\8_4_37\8_4_37.en.srt","","12","COUNT ISFIXEDSIZE ISREADONLY ISSYNCHRONIZED LENGTH LONGLENGTH MP4 RANK SC SRT SYNCROOT TRN","1786962855693"
"AN 8.4.38","AN 8.4.38","AN","Anguttara Nikaya","8_4_38","RAW","85","False","False","True","False","False","False","True","True","False","False","False","","","https://suttacentral.net/an8.38","Count IsFixedSize IsReadOnly IsSynchronized Length LongLength Rank SyncRoot","frontendoptimised2\downloads\Anguttara Nikaya by Bhante Hye Dhammavuddho Mahathera\8_4_38\8_4_38.json","frontendoptimised2\downloads\Anguttara Nikaya by Bhante Hye Dhammavuddho Mahathera\8_4_38\8_4_38.mp4","frontendoptimised2\downloads\Anguttara Nikaya by Bhante Hye Dhammavuddho Mahathera\8_4_38\8_4_38.en.srt","","12","COUNT ISFIXEDSIZE ISREADONLY ISSYNCHRONIZED LENGTH LONGLENGTH MP4 RANK SC SRT SYNCROOT TRN","1786962855756"
"AN 8.5.46","AN 8.5.46","AN","Anguttara Nikaya","8_5_46","RAW","85","False","False","True","False","False","False","True","True","False","False","False","","","https://suttacentral.net/an8.46","Count IsFixedSize IsReadOnly IsSynchronized Length LongLength Rank SyncRoot","frontendoptimised2\downloads\Anguttara Nikaya by Bhante Hye Dhammavuddho Mahathera\8_5_46\8_5_46.json","frontendoptimised2\downloads\Anguttara Nikaya by Bhante Hye Dhammavuddho Mahathera\8_5_46\8_5_46.mp4","frontendoptimised2\downloads\Anguttara Nikaya by Bhante Hye Dhammavuddho Mahathera\8_5_46\8_5_46.en.srt","","12","COUNT ISFIXEDSIZE ISREADONLY ISSYNCHRONIZED LENGTH LONGLENGTH MP4 RANK SC SRT SYNCROOT TRN","1786962855868"
"AN 8.6.51","AN 8.6.51","AN","Anguttara Nikaya","8_6_51","RAW","85","False","False","True","False","False","False","True","True","False","False","False","","","https://suttacentral.net/an8.51","Count IsFixedSize IsReadOnly IsSynchronized Length LongLength Rank SyncRoot","frontendoptimised2\downloads\Anguttara Nikaya by Bhante Hye Dhammavuddho Mahathera\8_6_51\8_6_51.json","frontendoptimised2\downloads\Anguttara Nikaya by Bhante Hye Dhammavuddho Mahathera\8_6_51\8_6_51.mp4","frontendoptimised2\downloads\Anguttara Nikaya by Bhante Hye Dhammavuddho Mahathera\8_6_51\8_6_51.en.srt","","12","COUNT ISFIXEDSIZE ISREADONLY ISSYNCHRONIZED LENGTH LONGLENGTH MP4 RANK SC SRT SYNCROOT TRN","1786962855886"
"AN 8.6.52","AN 8.6.52","AN","Anguttara Nikaya","8_6_52","RAW","85","False","False","True","False","False","False","True","True","False","False","False","","","https://suttacentral.net/an8.52","Count IsFixedSize IsReadOnly IsSynchronized Length LongLength Rank SyncRoot","frontendoptimised2\downloads\Anguttara Nikaya by Bhante Hye Dhammavuddho Mahathera\8_6_52\8_6_52.json","frontendoptimised2\downloads\Anguttara Nikaya by Bhante Hye Dhammavuddho Mahathera\8_6_52\8_6_52.mp4","frontendoptimised2\downloads\Anguttara Nikaya by Bhante Hye Dhammavuddho Mahathera\8_6_52\8_6_52.en.srt","","12","COUNT ISFIXEDSIZE ISREADONLY ISSYNCHRONIZED LENGTH LONGLENGTH MP4 RANK SC SRT SYNCROOT TRN","1786962855959"
"AN 8.6.59","AN 8.6.59","AN","Anguttara Nikaya","8_6_59","RAW","85","False","False","True","False","False","False","True","True","False","False","False","","","https://suttacentral.net/an8.59","Count IsFixedSize IsReadOnly IsSynchronized Length LongLength Rank SyncRoot","frontendoptimised2\downloads\Anguttara Nikaya by Bhante Hye Dhammavuddho Mahathera\8_6_59\8_6_59.json","frontendoptimised2\downloads\Anguttara Nikaya by Bhante Hye Dhammavuddho Mahathera\8_6_59\8_6_59.mp4","frontendoptimised2\downloads\Anguttara Nikaya by Bhante Hye Dhammavuddho Mahathera\8_6_59\8_6_59.en.srt","","12","COUNT ISFIXEDSIZE ISREADONLY ISSYNCHRONIZED LENGTH LONGLENGTH MP4 RANK SC SRT SYNCROOT TRN","1786962855976"
"AN 8.7.63","AN 8.7.63","AN","Anguttara Nikaya","8_7_63","RAW","85","False","False","True","False","False","False","True","True","False","False","False","","","https://suttacentral.net/an8.63","Count IsFixedSize IsReadOnly IsSynchronized Length LongLength Rank SyncRoot","frontendoptimised2\downloads\Anguttara Nikaya by Bhante Hye Dhammavuddho Mahathera\8_7_63\8_7_63.json","frontendoptimised2\downloads\Anguttara Nikaya by Bhante Hye Dhammavuddho Mahathera\8_7_63\8_7_63.mp4","frontendoptimised2\downloads\Anguttara Nikaya by Bhante Hye Dhammavuddho Mahathera\8_7_63\8_7_63.en.srt","","12","COUNT ISFIXEDSIZE ISREADONLY ISSYNCHRONIZED LENGTH LONGLENGTH MP4 RANK SC SRT SYNCROOT TRN","1786962856095"
"AN 8.7.66","AN 8.7.66","AN","Anguttara Nikaya","8_7_66","RAW","85","False","False","True","False","False","False","True","True","False","False","False","","","https://suttacentral.net/an8.66","Count IsFixedSize IsReadOnly IsSynchronized Length LongLength Rank SyncRoot","frontendoptimised2\downloads\Anguttara Nikaya by Bhante Hye Dhammavuddho Mahathera\8_7_66\8_7_66.json","frontendoptimised2\downloads\Anguttara Nikaya by Bhante Hye Dhammavuddho Mahathera\8_7_66\8_7_66.mp4","frontendoptimised2\downloads\Anguttara Nikaya by Bhante Hye Dhammavuddho Mahathera\8_7_66\8_7_66.en.srt","","12","COUNT ISFIXEDSIZE ISREADONLY ISSYNCHRONIZED LENGTH LONGLENGTH MP4 RANK SC SRT SYNCROOT TRN","1786962856132"
"AN 8.8.74","AN 8.8.74","AN","Anguttara Nikaya","8_8_74","RAW","85","False","False","True","False","False","False","True","True","False","False","False","","","https://suttacentral.net/an8.74","Count IsFixedSize IsReadOnly IsSynchronized Length LongLength Rank SyncRoot","frontendoptimised2\downloads\Anguttara Nikaya by Bhante Hye Dhammavuddho Mahathera\8_8_74\8_8_74.json","frontendoptimised2\downloads\Anguttara Nikaya by Bhante Hye Dhammavuddho Mahathera\8_8_74\8_8_74.mp4","frontendoptimised2\downloads\Anguttara Nikaya by Bhante Hye Dhammavuddho Mahathera\8_8_74\8_8_74.en.srt","","12","COUNT ISFIXEDSIZE ISREADONLY ISSYNCHRONIZED LENGTH LONGLENGTH MP4 RANK SC SRT SYNCROOT TRN","1786962856148"
"AN 8.9","AN 8.9","AN","Anguttara Nikaya","8_9","RAW","85","False","False","True","False","False","False","True","True","False","False","False","","","https://suttacentral.net/an8.9","Count IsFixedSize IsReadOnly IsSynchronized Length LongLength Rank SyncRoot","frontendoptimised2\downloads\Anguttara Nikaya by Bhante Hye Dhammavuddho Mahathera\8_9\8_9.json","frontendoptimised2\downloads\Anguttara Nikaya by Bhante Hye Dhammavuddho Mahathera\8_9\8_9.mp4","frontendoptimised2\downloads\Anguttara Nikaya by Bhante Hye Dhammavuddho Mahathera\8_9\8_9.en.srt","","12","COUNT ISFIXEDSIZE ISREADONLY ISSYNCHRONIZED LENGTH LONGLENGTH MP4 RANK SC SRT SYNCROOT TRN","1786962856162"
"AN 8.9.82","AN 8.9.82","AN","Anguttara Nikaya","8_9_82","RAW","85","False","False","True","False","False","False","True","True","False","False","False","","","https://suttacentral.net/an8.82","Count IsFixedSize IsReadOnly IsSynchronized Length LongLength Rank SyncRoot","frontendoptimised2\downloads\Anguttara Nikaya by Bhante Hye Dhammavuddho Mahathera\8_9_82\8_9_82.json","frontendoptimised2\downloads\Anguttara Nikaya by Bhante Hye Dhammavuddho Mahathera\8_9_82\8_9_82.mp4","frontendoptimised2\downloads\Anguttara Nikaya by Bhante Hye Dhammavuddho Mahathera\8_9_82\8_9_82.en.srt","","12","COUNT ISFIXEDSIZE ISREADONLY ISSYNCHRONIZED LENGTH LONGLENGTH MP4 RANK SC SRT SYNCROOT TRN","1786962856204"
"AN 8.9.83","AN 8.9.83","AN","Anguttara Nikaya","8_9_83","RAW","85","False","False","True","False","False","False","True","True","False","False","False","","","https://suttacentral.net/an8.83","Count IsFixedSize IsReadOnly IsSynchronized Length LongLength Rank SyncRoot","frontendoptimised2\downloads\Anguttara Nikaya by Bhante Hye Dhammavuddho Mahathera\8_9_83\8_9_83.json","frontendoptimised2\downloads\Anguttara Nikaya by Bhante Hye Dhammavuddho Mahathera\8_9_83\8_9_83.mp4","frontendoptimised2\downloads\Anguttara Nikaya by Bhante Hye Dhammavuddho Mahathera\8_9_83\8_9_83.en.srt","","12","COUNT ISFIXEDSIZE ISREADONLY ISSYNCHRONIZED LENGTH LONGLENGTH MP4 RANK SC SRT SYNCROOT TRN","1786962856281"
"AN 9","AN 9","AN","Anguttara Nikaya","9","RAW","85","False","False","True","False","False","False","True","True","False","False","False","","","","Count IsFixedSize IsReadOnly IsSynchronized Length LongLength Rank SyncRoot","Anguttara Nikaya by Bhante Hye Dhammavuddho Mahathera\9\9.json","Anguttara Nikaya by Bhante Hye Dhammavuddho Mahathera\9\9.mp4","Anguttara Nikaya by Bhante Hye Dhammavuddho Mahathera\9\9.en.srt","","11","COUNT ISFIXEDSIZE ISREADONLY ISSYNCHRONIZED LENGTH LONGLENGTH MP4 RANK SRT SYNCROOT TRN","1786962856295"
"AN 9.1.3","AN 9.1.3","AN","Anguttara Nikaya","9_1_3","RAW","85","False","False","True","False","False","False","True","True","False","False","False","","","https://suttacentral.net/an9.3","Count IsFixedSize IsReadOnly IsSynchronized Length LongLength Rank SyncRoot","frontendoptimised2\downloads\Anguttara Nikaya by Bhante Hye Dhammavuddho Mahathera\9_1_3\9_1_3.json","frontendoptimised2\downloads\Anguttara Nikaya by Bhante Hye Dhammavuddho Mahathera\9_1_3\9_1_3.mp4","frontendoptimised2\downloads\Anguttara Nikaya by Bhante Hye Dhammavuddho Mahathera\9_1_3\9_1_3.en.srt","","12","COUNT ISFIXEDSIZE ISREADONLY ISSYNCHRONIZED LENGTH LONGLENGTH MP4 RANK SC SRT SYNCROOT TRN","1786962856315"
"AN 9.1.4","AN 9.1.4","AN","Anguttara Nikaya","9_1_4","RAW","85","False","False","True","False","False","False","True","True","False","False","False","","","https://suttacentral.net/an9.4","Count IsFixedSize IsReadOnly IsSynchronized Length LongLength Rank SyncRoot","frontendoptimised2\downloads\Anguttara Nikaya by Bhante Hye Dhammavuddho Mahathera\9_1_4\9_1_4.json","frontendoptimised2\downloads\Anguttara Nikaya by Bhante Hye Dhammavuddho Mahathera\9_1_4\9_1_4.mp4","frontendoptimised2\downloads\Anguttara Nikaya by Bhante Hye Dhammavuddho Mahathera\9_1_4\9_1_4.en.srt","","12","COUNT ISFIXEDSIZE ISREADONLY ISSYNCHRONIZED LENGTH LONGLENGTH MP4 RANK SC SRT SYNCROOT TRN","1786962856402"
"AN 9.2.5","AN 9.2.5","AN","Anguttara Nikaya","9_2_5","RAW","85","False","False","True","False","False","False","True","True","False","False","False","","","https://suttacentral.net/an9.5","Count IsFixedSize IsReadOnly IsSynchronized Length LongLength Rank SyncRoot","frontendoptimised2\downloads\Anguttara Nikaya by Bhante Hye Dhammavuddho Mahathera\9_2_5\9_2_5.json","frontendoptimised2\downloads\Anguttara Nikaya by Bhante Hye Dhammavuddho Mahathera\9_2_5\9_2_5.mp4","frontendoptimised2\downloads\Anguttara Nikaya by Bhante Hye Dhammavuddho Mahathera\9_2_5\9_2_5.en.srt","","12","COUNT ISFIXEDSIZE ISREADONLY ISSYNCHRONIZED LENGTH LONGLENGTH MP4 RANK SC SRT SYNCROOT TRN","1786962856585"
"AN 9.2.21","AN 9.2.21","AN","Anguttara Nikaya","9_2_21","RAW","85","False","False","True","False","False","False","True","True","False","False","False","","","https://suttacentral.net/an9.21","Count IsFixedSize IsReadOnly IsSynchronized Length LongLength Rank SyncRoot","frontendoptimised2\downloads\Anguttara Nikaya by Bhante Hye Dhammavuddho Mahathera\9_2_21\9_2_21.json","frontendoptimised2\downloads\Anguttara Nikaya by Bhante Hye Dhammavuddho Mahathera\9_2_21\9_2_21.mp4","frontendoptimised2\downloads\Anguttara Nikaya by Bhante Hye Dhammavuddho Mahathera\9_2_21\9_2_21.en.srt","","12","COUNT ISFIXEDSIZE ISREADONLY ISSYNCHRONIZED LENGTH LONGLENGTH MP4 RANK SC SRT SYNCROOT TRN","1786962856417"
"AN 9.3.23","AN 9.3.23","AN","Anguttara Nikaya","9_3_23","RAW","85","False","False","True","False","False","False","True","True","False","False","False","","","https://suttacentral.net/an9.23","Count IsFixedSize IsReadOnly IsSynchronized Length LongLength Rank SyncRoot","frontendoptimised2\downloads\Anguttara Nikaya by Bhante Hye Dhammavuddho Mahathera\9_3_23\9_3_23.json","frontendoptimised2\downloads\Anguttara Nikaya by Bhante Hye Dhammavuddho Mahathera\9_3_23\9_3_23.mp4","frontendoptimised2\downloads\Anguttara Nikaya by Bhante Hye Dhammavuddho Mahathera\9_3_23\9_3_23.en.srt","","12","COUNT ISFIXEDSIZE ISREADONLY ISSYNCHRONIZED LENGTH LONGLENGTH MP4 RANK SC SRT SYNCROOT TRN","1786962856661"
"AN 9.4.14","AN 9.4.14","AN","Anguttara Nikaya","9_4_14","RAW","85","False","False","True","False","False","False","True","True","False","False","False","","","https://suttacentral.net/an9.14","Count IsFixedSize IsReadOnly IsSynchronized Length LongLength Rank SyncRoot","frontendoptimised2\downloads\Anguttara Nikaya by Bhante Hye Dhammavuddho Mahathera\9_4_14\9_4_14.json","frontendoptimised2\downloads\Anguttara Nikaya by Bhante Hye Dhammavuddho Mahathera\9_4_14\9_4_14.mp4","frontendoptimised2\downloads\Anguttara Nikaya by Bhante Hye Dhammavuddho Mahathera\9_4_14\9_4_14.en.srt","","12","COUNT ISFIXEDSIZE ISREADONLY ISSYNCHRONIZED LENGTH LONGLENGTH MP4 RANK SC SRT SYNCROOT TRN","1786962856816"
"AN 9.4.33","AN 9.4.33","AN","Anguttara Nikaya","9_4_33","RAW","85","False","False","True","False","False","False","True","True","False","False","False","","","https://suttacentral.net/an9.33","Count IsFixedSize IsReadOnly IsSynchronized Length LongLength Rank SyncRoot","frontendoptimised2\downloads\Anguttara Nikaya by Bhante Hye Dhammavuddho Mahathera\9_4_33\9_4_33.json","frontendoptimised2\downloads\Anguttara Nikaya by Bhante Hye Dhammavuddho Mahathera\9_4_33\9_4_33.mp4","frontendoptimised2\downloads\Anguttara Nikaya by Bhante Hye Dhammavuddho Mahathera\9_4_33\9_4_33.en.srt","","12","COUNT ISFIXEDSIZE ISREADONLY ISSYNCHRONIZED LENGTH LONGLENGTH MP4 RANK SC SRT SYNCROOT TRN","1786962856896"
"AN 9.4.34","AN 9.4.34","AN","Anguttara Nikaya","9_4_34","RAW","85","False","False","True","False","False","False","True","True","False","False","False","","","https://suttacentral.net/an9.34","Count IsFixedSize IsReadOnly IsSynchronized Length LongLength Rank SyncRoot","frontendoptimised2\downloads\Anguttara Nikaya by Bhante Hye Dhammavuddho Mahathera\9_4_34\9_4_34.json","frontendoptimised2\downloads\Anguttara Nikaya by Bhante Hye Dhammavuddho Mahathera\9_4_34\9_4_34.mp4","frontendoptimised2\downloads\Anguttara Nikaya by Bhante Hye Dhammavuddho Mahathera\9_4_34\9_4_34.en.srt","","12","COUNT ISFIXEDSIZE ISREADONLY ISSYNCHRONIZED LENGTH LONGLENGTH MP4 RANK SC SRT SYNCROOT TRN","1786962856912"
"AN 9.4.36","AN 9.4.36","AN","Anguttara Nikaya","9_4_36","RAW","85","False","False","True","False","False","False","True","True","False","False","False","","","https://suttacentral.net/an9.36","Count IsFixedSize IsReadOnly IsSynchronized Length LongLength Rank SyncRoot","frontendoptimised2\downloads\Anguttara Nikaya by Bhante Hye Dhammavuddho Mahathera\9_4_36\9_4_36.json","frontendoptimised2\downloads\Anguttara Nikaya by Bhante Hye Dhammavuddho Mahathera\9_4_36\9_4_36.mp4","frontendoptimised2\downloads\Anguttara Nikaya by Bhante Hye Dhammavuddho Mahathera\9_4_36\9_4_36.en.srt","","12","COUNT ISFIXEDSIZE ISREADONLY ISSYNCHRONIZED LENGTH LONGLENGTH MP4 RANK SC SRT SYNCROOT TRN","1786962857003"
"AN 9.4.38","AN 9.4.38","AN","Anguttara Nikaya","9_4_38","RAW","85","False","False","True","False","False","False","True","True","False","False","False","","","https://suttacentral.net/an9.38","Count IsFixedSize IsReadOnly IsSynchronized Length LongLength Rank SyncRoot","frontendoptimised2\downloads\Anguttara Nikaya by Bhante Hye Dhammavuddho Mahathera\9_4_38\9_4_38.json","frontendoptimised2\downloads\Anguttara Nikaya by Bhante Hye Dhammavuddho Mahathera\9_4_38\9_4_38.mp4","frontendoptimised2\downloads\Anguttara Nikaya by Bhante Hye Dhammavuddho Mahathera\9_4_38\9_4_38.en.srt","","12","COUNT ISFIXEDSIZE ISREADONLY ISSYNCHRONIZED LENGTH LONGLENGTH MP4 RANK SC SRT SYNCROOT TRN","1786962857049"
"AN 9.4.39","AN 9.4.39","AN","Anguttara Nikaya","9_4_39","RAW","85","False","False","True","False","False","False","True","True","False","False","False","","","https://suttacentral.net/an9.39","Count IsFixedSize IsReadOnly IsSynchronized Length LongLength Rank SyncRoot","frontendoptimised2\downloads\Anguttara Nikaya by Bhante Hye Dhammavuddho Mahathera\9_4_39\9_4_39.json","frontendoptimised2\downloads\Anguttara Nikaya by Bhante Hye Dhammavuddho Mahathera\9_4_39\9_4_39.mp4","frontendoptimised2\downloads\Anguttara Nikaya by Bhante Hye Dhammavuddho Mahathera\9_4_39\9_4_39.en.srt","","12","COUNT ISFIXEDSIZE ISREADONLY ISSYNCHRONIZED LENGTH LONGLENGTH MP4 RANK SC SRT SYNCROOT TRN","1786962857106"
"AN 9.5.43","AN 9.5.43","AN","Anguttara Nikaya","9_5_43","RAW","85","False","False","True","False","False","False","True","True","False","False","False","","","https://suttacentral.net/an9.43","Count IsFixedSize IsReadOnly IsSynchronized Length LongLength Rank SyncRoot","frontendoptimised2\downloads\Anguttara Nikaya by Bhante Hye Dhammavuddho Mahathera\9_5_43\9_5_43.json","frontendoptimised2\downloads\Anguttara Nikaya by Bhante Hye Dhammavuddho Mahathera\9_5_43\9_5_43.mp4","frontendoptimised2\downloads\Anguttara Nikaya by Bhante Hye Dhammavuddho Mahathera\9_5_43\9_5_43.en.srt","","12","COUNT ISFIXEDSIZE ISREADONLY ISSYNCHRONIZED LENGTH LONGLENGTH MP4 RANK SC SRT SYNCROOT TRN","1786962857191"
"AN 10","Cetana Sutta","AN","Anguttara Nikaya","10","RAW","85","False","False","True","False","False","False","True","True","False","False","False","","","","Count IsFixedSize IsReadOnly IsSynchronized Length LongLength Rank SyncRoot","Anguttara Nikaya by Bhante Hye Dhammavuddho Mahathera\10\10.json","Anguttara Nikaya by Bhante Hye Dhammavuddho Mahathera\10\10.mp4","Anguttara Nikaya by Bhante Hye Dhammavuddho Mahathera\10\10.en.srt","","11","COUNT ISFIXEDSIZE ISREADONLY ISSYNCHRONIZED LENGTH LONGLENGTH MP4 RANK SRT SYNCROOT TRN","1786962847340"
"AN 10.2","Cetana Sutta","AN","Anguttara Nikaya","10_2","RAW","85","False","False","True","False","False","False","True","True","False","False","False","","","https://suttacentral.net/an10.2","Count IsFixedSize IsReadOnly IsSynchronized Length LongLength Rank SyncRoot","frontendoptimised2\downloads\Anguttara Nikaya by Bhante Hye Dhammavuddho Mahathera\10_2\10_2.json","frontendoptimised2\downloads\Anguttara Nikaya by Bhante Hye Dhammavuddho Mahathera\10_2\10_2.mp4","frontendoptimised2\downloads\Anguttara Nikaya by Bhante Hye Dhammavuddho Mahathera\10_2\10_2.en.srt","","12","COUNT ISFIXEDSIZE ISREADONLY ISSYNCHRONIZED LENGTH LONGLENGTH MP4 RANK SC SRT SYNCROOT TRN","1786962847470"
"AN 10.6","Piyaṅkaramātā Sutta","AN","Anguttara Nikaya","10_6","RAW","85","False","False","True","False","False","False","True","True","False","False","False","","","https://suttacentral.net/sn10.6","Count IsFixedSize IsReadOnly IsSynchronized Length LongLength Rank SyncRoot","frontendoptimised2\downloads\Anguttara Nikaya by Bhante Hye Dhammavuddho Mahathera\10_6\10_6.json","frontendoptimised2\downloads\Anguttara Nikaya by Bhante Hye Dhammavuddho Mahathera\10_6\10_6.mp4","frontendoptimised2\downloads\Anguttara Nikaya by Bhante Hye Dhammavuddho Mahathera\10_6\10_6.en.srt","","12","COUNT ISFIXEDSIZE ISREADONLY ISSYNCHRONIZED LENGTH LONGLENGTH MP4 RANK SC SRT SYNCROOT TRN","1786962847549"
"AN 10.7","Punabbasusutta","AN","Anguttara Nikaya","10_7","RAW","85","False","False","True","False","False","False","True","True","False","False","False","","","https://suttacentral.net/sn10.7","Count IsFixedSize IsReadOnly IsSynchronized Length LongLength Rank SyncRoot","frontendoptimised2\downloads\Anguttara Nikaya by Bhante Hye Dhammavuddho Mahathera\10_7\10_7.json","frontendoptimised2\downloads\Anguttara Nikaya by Bhante Hye Dhammavuddho Mahathera\10_7\10_7.mp4","frontendoptimised2\downloads\Anguttara Nikaya by Bhante Hye Dhammavuddho Mahathera\10_7\10_7.en.srt","","12","COUNT ISFIXEDSIZE ISREADONLY ISSYNCHRONIZED LENGTH LONGLENGTH MP4 RANK SC SRT SYNCROOT TRN","1786962847581"
"AN 10.8","Anāthapiṇḍika Sutta","AN","Anguttara Nikaya","10_8","RAW","85","False","False","True","False","False","False","True","True","False","False","False","","","https://suttacentral.net/sn10.8","Count IsFixedSize IsReadOnly IsSynchronized Length LongLength Rank SyncRoot","frontendoptimised2\downloads\Anguttara Nikaya by Bhante Hye Dhammavuddho Mahathera\10_8\10_8.json","frontendoptimised2\downloads\Anguttara Nikaya by Bhante Hye Dhammavuddho Mahathera\10_8\10_8.mp4","frontendoptimised2\downloads\Anguttara Nikaya by Bhante Hye Dhammavuddho Mahathera\10_8\10_8.en.srt","","12","COUNT ISFIXEDSIZE ISREADONLY ISSYNCHRONIZED LENGTH LONGLENGTH MP4 RANK SC SRT SYNCROOT TRN","1786962847637"
"AN 10.12","Alavaka Sutta","AN","Anguttara Nikaya","10_12","RAW","85","False","False","True","False","False","False","True","True","False","False","False","","","https://suttacentral.net/sn10.12","Count IsFixedSize IsReadOnly IsSynchronized Length LongLength Rank SyncRoot","frontendoptimised2\downloads\Anguttara Nikaya by Bhante Hye Dhammavuddho Mahathera\10_12\10_12.json","frontendoptimised2\downloads\Anguttara Nikaya by Bhante Hye Dhammavuddho Mahathera\10_12\10_12.mp4","frontendoptimised2\downloads\Anguttara Nikaya by Bhante Hye Dhammavuddho Mahathera\10_12\10_12.en.srt","","12","COUNT ISFIXEDSIZE ISREADONLY ISSYNCHRONIZED LENGTH LONGLENGTH MP4 RANK SC SRT SYNCROOT TRN","1786962847363"
"AN 10.13","Samyojana Sutta: Fetters","AN","Anguttara Nikaya","10_13","RAW","85","False","False","True","False","False","False","True","True","False","False","False","","","https://suttacentral.net/an10.13","Count IsFixedSize IsReadOnly IsSynchronized Length LongLength Rank SyncRoot","frontendoptimised2\downloads\Anguttara Nikaya by Bhante Hye Dhammavuddho Mahathera\10_13\10_13.json","frontendoptimised2\downloads\Anguttara Nikaya by Bhante Hye Dhammavuddho Mahathera\10_13\10_13.mp4","frontendoptimised2\downloads\Anguttara Nikaya by Bhante Hye Dhammavuddho Mahathera\10_13\10_13.en.srt","","12","COUNT ISFIXEDSIZE ISREADONLY ISSYNCHRONIZED LENGTH LONGLENGTH MP4 RANK SC SRT SYNCROOT TRN","1786962847379"
"AN 10.14","Ceto-khila Sutta","AN","Anguttara Nikaya","10_14","RAW","85","False","False","True","False","False","False","True","True","False","False","False","","","https://suttacentral.net/an10.14","Count IsFixedSize IsReadOnly IsSynchronized Length LongLength Rank SyncRoot","frontendoptimised2\downloads\Anguttara Nikaya by Bhante Hye Dhammavuddho Mahathera\10_14\10_14.json","frontendoptimised2\downloads\Anguttara Nikaya by Bhante Hye Dhammavuddho Mahathera\10_14\10_14.mp4","frontendoptimised2\downloads\Anguttara Nikaya by Bhante Hye Dhammavuddho Mahathera\10_14\10_14.en.srt","","12","COUNT ISFIXEDSIZE ISREADONLY ISSYNCHRONIZED LENGTH LONGLENGTH MP4 RANK SC SRT SYNCROOT TRN","1786962847439"
"AN 10.20","Ariya-vasa Sutta","AN","Anguttara Nikaya","10_20","RAW","85","False","False","True","False","False","False","True","True","False","False","False","","","https://suttacentral.net/an10.20","Count IsFixedSize IsReadOnly IsSynchronized Length LongLength Rank SyncRoot","frontendoptimised2\downloads\Anguttara Nikaya by Bhante Hye Dhammavuddho Mahathera\10_20\10_20.json","frontendoptimised2\downloads\Anguttara Nikaya by Bhante Hye Dhammavuddho Mahathera\10_20\10_20.mp4","frontendoptimised2\downloads\Anguttara Nikaya by Bhante Hye Dhammavuddho Mahathera\10_20\10_20.en.srt","","12","COUNT ISFIXEDSIZE ISREADONLY ISSYNCHRONIZED LENGTH LONGLENGTH MP4 RANK SC SRT SYNCROOT TRN","1786962847485"
"AN 10.30","Samyojana Sutta: Fetters","AN","Anguttara Nikaya","10_30","RAW","85","True","True","False","False","False","False","True","True","False","True","False","","","https://suttacentral.net/an10.13","en","frontendoptimised2\downloads\Anguttara Nikaya by Bhante Hye Dhammavuddho Mahathera\10_30\10_30.json","frontendoptimised2\downloads\Anguttara Nikaya by Bhante Hye Dhammavuddho Mahathera\10_30\10_30.mp4","frontendoptimised2\downloads\Anguttara Nikaya by Bhante Hye Dhammavuddho Mahathera\10_30\10_30.en.srt","","6","COM EN MP4 SC SRT TXT","1786167769088"
"AN 10.31","Samyojana Sutta: Fetters","AN","Anguttara Nikaya","10_31","RAW","85","False","False","True","False","False","False","True","True","False","False","False","","","https://suttacentral.net/an10.30","Count IsFixedSize IsReadOnly IsSynchronized Length LongLength Rank SyncRoot","frontendoptimised2\downloads\Anguttara Nikaya by Bhante Hye Dhammavuddho Mahathera\10_31\10_31.json","frontendoptimised2\downloads\Anguttara Nikaya by Bhante Hye Dhammavuddho Mahathera\10_31\10_31.mp4","frontendoptimised2\downloads\Anguttara Nikaya by Bhante Hye Dhammavuddho Mahathera\10_31\10_31.en.srt","","12","COUNT ISFIXEDSIZE ISREADONLY ISSYNCHRONIZED LENGTH LONGLENGTH MP4 RANK SC SRT SYNCROOT TRN","1786962847499"
"AN 10.35","Sānu Sutta","AN","Anguttara Nikaya","10_35","RAW","85","False","False","True","False","False","False","True","True","False","False","False","","","https://suttacentral.net/sn10.12","Count IsFixedSize IsReadOnly IsSynchronized Length LongLength Rank SyncRoot","frontendoptimised2\downloads\Anguttara Nikaya by Bhante Hye Dhammavuddho Mahathera\10_35\10_35.json","frontendoptimised2\downloads\Anguttara Nikaya by Bhante Hye Dhammavuddho Mahathera\10_35\10_35.mp4","frontendoptimised2\downloads\Anguttara Nikaya by Bhante Hye Dhammavuddho Mahathera\10_35\10_35.en.srt","","12","COUNT ISFIXEDSIZE ISREADONLY ISSYNCHRONIZED LENGTH LONGLENGTH MP4 RANK SC SRT SYNCROOT TRN","1786962847533"
"AN 10.63","Nibbāna Sutta","AN","Anguttara Nikaya","10_63","RAW","85","False","False","True","False","False","False","True","True","False","False","False","","","https://suttacentral.net/an10.63","Count IsFixedSize IsReadOnly IsSynchronized Length LongLength Rank SyncRoot","frontendoptimised2\downloads\Anguttara Nikaya by Bhante Hye Dhammavuddho Mahathera\10_63\10_63.json","frontendoptimised2\downloads\Anguttara Nikaya by Bhante Hye Dhammavuddho Mahathera\10_63\10_63.mp4","frontendoptimised2\downloads\Anguttara Nikaya by Bhante Hye Dhammavuddho Mahathera\10_63\10_63.en.srt","","12","COUNT ISFIXEDSIZE ISREADONLY ISSYNCHRONIZED LENGTH LONGLENGTH MP4 RANK SC SRT SYNCROOT TRN","1786962847567"
"AN 10.73","Iṭṭha Sutta","AN","Anguttara Nikaya","10_73","RAW","85","False","False","True","False","False","False","True","True","False","False","False","","","https://suttacentral.net/an10.73","Count IsFixedSize IsReadOnly IsSynchronized Length LongLength Rank SyncRoot","frontendoptimised2\downloads\Anguttara Nikaya by Bhante Hye Dhammavuddho Mahathera\10_73\10_73.json","frontendoptimised2\downloads\Anguttara Nikaya by Bhante Hye Dhammavuddho Mahathera\10_73\10_73.mp4","frontendoptimised2\downloads\Anguttara Nikaya by Bhante Hye Dhammavuddho Mahathera\10_73\10_73.en.srt","","12","COUNT ISFIXEDSIZE ISREADONLY ISSYNCHRONIZED LENGTH LONGLENGTH MP4 RANK SC SRT SYNCROOT TRN","1786962847600"
"AN 10.74","Vaḍḍhi Sutta","AN","Anguttara Nikaya","10_74","RAW","85","False","False","True","False","False","False","True","True","False","False","False","","","https://suttacentral.net/an10.74","Count IsFixedSize IsReadOnly IsSynchronized Length LongLength Rank SyncRoot","frontendoptimised2\downloads\Anguttara Nikaya by Bhante Hye Dhammavuddho Mahathera\10_74\10_74.json","frontendoptimised2\downloads\Anguttara Nikaya by Bhante Hye Dhammavuddho Mahathera\10_74\10_74.mp4","frontendoptimised2\downloads\Anguttara Nikaya by Bhante Hye Dhammavuddho Mahathera\10_74\10_74.en.srt","","12","COUNT ISFIXEDSIZE ISREADONLY ISSYNCHRONIZED LENGTH LONGLENGTH MP4 RANK SC SRT SYNCROOT TRN","1786962847620"
"AN 10.93","Samatha Sutta","AN","Anguttara Nikaya","10_93","RAW","85","False","False","True","False","False","False","True","True","False","False","False","","","https://suttacentral.net/an10.93","Count IsFixedSize IsReadOnly IsSynchronized Length LongLength Rank SyncRoot","frontendoptimised2\downloads\Anguttara Nikaya by Bhante Hye Dhammavuddho Mahathera\10_93\10_93.json","frontendoptimised2\downloads\Anguttara Nikaya by Bhante Hye Dhammavuddho Mahathera\10_93\10_93.mp4","frontendoptimised2\downloads\Anguttara Nikaya by Bhante Hye Dhammavuddho Mahathera\10_93\10_93.en.srt","","12","COUNT ISFIXEDSIZE ISREADONLY ISSYNCHRONIZED LENGTH LONGLENGTH MP4 RANK SC SRT SYNCROOT TRN","1786962847652"
"AN 10.177","Janussoni Sutta","AN","Anguttara Nikaya","10_177","RAW","85","False","False","True","False","False","False","True","True","False","False","False","","","https://suttacentral.net/an10.177","Count IsFixedSize IsReadOnly IsSynchronized Length LongLength Rank SyncRoot","frontendoptimised2\downloads\Anguttara Nikaya by Bhante Hye Dhammavuddho Mahathera\10_177\10_177.json","frontendoptimised2\downloads\Anguttara Nikaya by Bhante Hye Dhammavuddho Mahathera\10_177\10_177.mp4","frontendoptimised2\downloads\Anguttara Nikaya by Bhante Hye Dhammavuddho Mahathera\10_177\10_177.en.srt","","12","COUNT ISFIXEDSIZE ISREADONLY ISSYNCHRONIZED LENGTH LONGLENGTH MP4 RANK SC SRT SYNCROOT TRN","1786962847453"
"AN 11","AN 11","AN","Anguttara Nikaya","11","RAW","85","False","False","True","False","False","False","True","True","False","False","False","","","","Count IsFixedSize IsReadOnly IsSynchronized Length LongLength Rank SyncRoot","Anguttara Nikaya by Bhante Hye Dhammavuddho Mahathera\11\11.json","Anguttara Nikaya by Bhante Hye Dhammavuddho Mahathera\11\11.mp4","Anguttara Nikaya by Bhante Hye Dhammavuddho Mahathera\11\11.en.srt","","11","COUNT ISFIXEDSIZE ISREADONLY ISSYNCHRONIZED LENGTH LONGLENGTH MP4 RANK SRT SYNCROOT TRN","1786962847664"
"AN 11.6","Byasana Sutta","AN","Anguttara Nikaya","11_6","RAW","85","False","False","True","False","False","False","True","True","False","False","False","","","https://suttacentral.net/an11.6","Count IsFixedSize IsReadOnly IsSynchronized Length LongLength Rank SyncRoot","frontendoptimised2\downloads\Anguttara Nikaya by Bhante Hye Dhammavuddho Mahathera\11_6\11_6.json","frontendoptimised2\downloads\Anguttara Nikaya by Bhante Hye Dhammavuddho Mahathera\11_6\11_6.mp4","frontendoptimised2\downloads\Anguttara Nikaya by Bhante Hye Dhammavuddho Mahathera\11_6\11_6.en.srt","","12","COUNT ISFIXEDSIZE ISREADONLY ISSYNCHRONIZED LENGTH LONGLENGTH MP4 RANK SC SRT SYNCROOT TRN","1786962847680"
"AN 11.7","Concentration & The 11 Advantages of Loving-Kindness","AN","Anguttara Nikaya","11_7","RAW","85","True","True","False","False","False","False","True","True","False","True","False","","","https://suttacentral.net/an11.7","en","frontendoptimised2\downloads\Anguttara Nikaya by Bhante Hye Dhammavuddho Mahathera\11_7\11_7.json","frontendoptimised2\downloads\Anguttara Nikaya by Bhante Hye Dhammavuddho Mahathera\11_7\11_7.mp4","frontendoptimised2\downloads\Anguttara Nikaya by Bhante Hye Dhammavuddho Mahathera\11_7\11_7.en.srt","","6","COM EN MP4 SC SRT TXT","1786167769255"
"AN Book 1 - Introduction and Overview","","AN","Anguttara Nikaya","Book 1 - Introduction and Overview","RAW","85","True","True","False","False","False","False","True","True","False","True","False","","","","en","frontendoptimised2\downloads\Anguttara Nikaya by Bhante Hye Dhammavuddho Mahathera\Book 1 - Introduction and Overview.en\Book 1 - Introduction and Overview.en.json","frontendoptimised2\downloads\Anguttara Nikaya by Bhante Hye Dhammavuddho Mahathera\Book 1 - Introduction and Overview\AN Book 1 - Introduction and Overview.mp4","frontendoptimised2\downloads\Anguttara Nikaya by Bhante Hye Dhammavuddho Mahathera\Book 1 - Introduction and Overview.en\AN Book 1 - Introduction and Overview.en.srt","","5","COM EN MP4 SRT TXT","1786167772272"
"AN Book 1A (1.1 - 1.3)","","AN","Anguttara Nikaya","Book 1A (1.1 - 1.3)","RAW","85","True","True","False","False","False","False","True","True","False","True","False","","","","en","frontendoptimised2\downloads\Anguttara Nikaya by Bhante Hye Dhammavuddho Mahathera\Book 1A (1.1 - 1.3).en\Book 1A (1.1 - 1.3).en.json","frontendoptimised2\downloads\Anguttara Nikaya by Bhante Hye Dhammavuddho Mahathera\Book 1A (1.1 - 1.3)\AN Book 1A (1.1 - 1.3).mp4","frontendoptimised2\downloads\Anguttara Nikaya by Bhante Hye Dhammavuddho Mahathera\Book 1A (1.1 - 1.3).en\AN Book 1A (1.1 - 1.3).en.srt","","5","COM EN MP4 SRT TXT","1786167772717"
"AN Book 1B (1.5 - 1.10.14)","","AN","Anguttara Nikaya","Book 1B (1.5 - 1.10.14)","RAW","85","True","True","False","False","False","False","True","True","False","True","False","","","","en","frontendoptimised2\downloads\Anguttara Nikaya by Bhante Hye Dhammavuddho Mahathera\Book 1B (1.5 - 1.10.14).en\Book 1B (1.5 - 1.10.14).en.json","frontendoptimised2\downloads\Anguttara Nikaya by Bhante Hye Dhammavuddho Mahathera\Book 1B (1.5 - 1.10.14)\AN Book 1B (1.5 - 1.10.14).mp4","frontendoptimised2\downloads\Anguttara Nikaya by Bhante Hye Dhammavuddho Mahathera\Book 1B (1.5 - 1.10.14).en\AN Book 1B (1.5 - 1.10.14).en.srt","","5","COM EN MP4 SRT TXT","1786167772750"
"AN Book 1C (1.10.17 - 1.18.2)","","AN","Anguttara Nikaya","Book 1C (1.10.17 - 1.18.2)","RAW","85","True","True","False","False","False","False","True","True","False","True","False","","","","en","frontendoptimised2\downloads\Anguttara Nikaya by Bhante Hye Dhammavuddho Mahathera\Book 1C (1.10.17 - 1.18.2).en\Book 1C (1.10.17 - 1.18.2).en.json","frontendoptimised2\downloads\Anguttara Nikaya by Bhante Hye Dhammavuddho Mahathera\Book 1C (1.10.17 - 1.18.2)\AN Book 1C (1.10.17 - 1.18.2).mp4","frontendoptimised2\downloads\Anguttara Nikaya by Bhante Hye Dhammavuddho Mahathera\Book 1C (1.10.17 - 1.18.2).en\AN Book 1C (1.10.17 - 1.18.2).en.srt","","5","COM EN MP4 SRT TXT","1786167772774"
"AN Book 1D (1.18.4 - 1.21.48)","","AN","Anguttara Nikaya","Book 1D (1.18.4 - 1.21.48)","RAW","85","True","True","False","False","False","False","True","True","False","True","False","","","","en","frontendoptimised2\downloads\Anguttara Nikaya by Bhante Hye Dhammavuddho Mahathera\Book 1D (1.18.4 - 1.21.48).en\Book 1D (1.18.4 - 1.21.48).en.json","frontendoptimised2\downloads\Anguttara Nikaya by Bhante Hye Dhammavuddho Mahathera\Book 1D (1.18.4 - 1.21.48)\AN Book 1D (1.18.4 - 1.21.48).mp4","frontendoptimised2\downloads\Anguttara Nikaya by Bhante Hye Dhammavuddho Mahathera\Book 1D (1.18.4 - 1.21.48).en\AN Book 1D (1.18.4 - 1.21.48).en.srt","","5","COM EN MP4 SRT TXT","1786167772805"
"AN Book 2A (2.1.2 - 2.3.9)","","AN","Anguttara Nikaya","Book 2A (2.1.2 - 2.3.9)","RAW","85","True","True","False","False","False","False","True","True","False","True","False","","","","en","frontendoptimised2\downloads\Anguttara Nikaya by Bhante Hye Dhammavuddho Mahathera\Book  2A (2.1.2 - 2.3.9).en\Book  2A (2.1.2 - 2.3.9).en.json","frontendoptimised2\downloads\Anguttara Nikaya by Bhante Hye Dhammavuddho Mahathera\Book  2A (2.1.2 - 2.3.9)\AN Book  2A (2.1.2 - 2.3.9).mp4","frontendoptimised2\downloads\Anguttara Nikaya by Bhante Hye Dhammavuddho Mahathera\Book  2A (2.1.2 - 2.3.9).en\AN Book  2A (2.1.2 - 2.3.9).en.srt","","5","COM EN MP4 SRT TXT","1786167772192"
"AN Book 2B (2.3.10 - 2.4.4)","","AN","Anguttara Nikaya","Book 2B (2.3.10 - 2.4.4)","RAW","85","True","True","False","False","False","False","True","True","False","True","False","","","","en","frontendoptimised2\downloads\Anguttara Nikaya by Bhante Hye Dhammavuddho Mahathera\Book 2B (2.3.10 - 2.4.4).en\Book 2B (2.3.10 - 2.4.4).en.json","frontendoptimised2\downloads\Anguttara Nikaya by Bhante Hye Dhammavuddho Mahathera\Book 2B (2.3.10 - 2.4.4)\AN Book 2B (2.3.10 - 2.4.4).mp4","frontendoptimised2\downloads\Anguttara Nikaya by Bhante Hye Dhammavuddho Mahathera\Book 2B (2.3.10 - 2.4.4).en\AN Book 2B (2.3.10 - 2.4.4).en.srt","","5","COM EN MP4 SRT TXT","1786167772844"
"AN Book 2C (2.4.6 - 2.12.1)","","AN","Anguttara Nikaya","Book 2C (2.4.6 - 2.12.1)","RAW","85","True","True","False","False","False","False","True","True","False","True","False","","","","en","frontendoptimised2\downloads\Anguttara Nikaya by Bhante Hye Dhammavuddho Mahathera\Book 2C (2.4.6 - 2.12.1).en\Book 2C (2.4.6 - 2.12.1).en.json","frontendoptimised2\downloads\Anguttara Nikaya by Bhante Hye Dhammavuddho Mahathera\Book 2C (2.4.6 - 2.12.1)\AN Book 2C (2.4.6 - 2.12.1).mp4","frontendoptimised2\downloads\Anguttara Nikaya by Bhante Hye Dhammavuddho Mahathera\Book 2C (2.4.6 - 2.12.1).en\AN Book 2C (2.4.6 - 2.12.1).en.srt","","5","COM EN MP4 SRT TXT","1786167772875"
"AN Book 3A (3.2.12 - 3.3.24)","","AN","Anguttara Nikaya","Book 3A (3.2.12 - 3.3.24)","RAW","85","True","True","False","False","False","False","True","True","False","True","False","","","","en","frontendoptimised2\downloads\Anguttara Nikaya by Bhante Hye Dhammavuddho Mahathera\Book 3A (3.2.12 - 3.3.24).en\Book 3A (3.2.12 - 3.3.24).en.json","frontendoptimised2\downloads\Anguttara Nikaya by Bhante Hye Dhammavuddho Mahathera\Book 3A (3.2.12 - 3.3.24)\AN Book 3A (3.2.12 - 3.3.24).mp4","frontendoptimised2\downloads\Anguttara Nikaya by Bhante Hye Dhammavuddho Mahathera\Book 3A (3.2.12 - 3.3.24).en\AN Book 3A (3.2.12 - 3.3.24).en.srt","","5","COM EN MP4 SRT TXT","1786167772917"
"AN Book 3B (3.3.26 - 3.4.36)","","AN","Anguttara Nikaya","Book 3B (3.3.26 - 3.4.36)","RAW","85","True","True","False","False","False","False","True","True","False","True","False","","","","en","frontendoptimised2\downloads\Anguttara Nikaya by Bhante Hye Dhammavuddho Mahathera\Book 3B (3.3.26 - 3.4.36).en\Book 3B (3.3.26 - 3.4.36).en.json","frontendoptimised2\downloads\Anguttara Nikaya by Bhante Hye Dhammavuddho Mahathera\Book 3B (3.3.26 - 3.4.36)\AN Book 3B (3.3.26 - 3.4.36).mp4","frontendoptimised2\downloads\Anguttara Nikaya by Bhante Hye Dhammavuddho Mahathera\Book 3B (3.3.26 - 3.4.36).en\AN Book 3B (3.3.26 - 3.4.36).en.srt","","5","COM EN MP4 SRT TXT","1786167772941"
"AN Book 3C (3.4.36c - 3.4.42)","","AN","Anguttara Nikaya","Book 3C (3.4.36c - 3.4.42)","RAW","85","True","True","False","False","False","False","True","True","False","True","False","","","","en","frontendoptimised2\downloads\Anguttara Nikaya by Bhante Hye Dhammavuddho Mahathera\Book 3C (3.4.36c - 3.4.42).en\Book 3C (3.4.36c - 3.4.42).en.json","frontendoptimised2\downloads\Anguttara Nikaya by Bhante Hye Dhammavuddho Mahathera\Book 3C (3.4.36c - 3.4.42)\AN Book 3C (3.4.36c - 3.4.42).mp4","frontendoptimised2\downloads\Anguttara Nikaya by Bhante Hye Dhammavuddho Mahathera\Book 3C (3.4.36c - 3.4.42).en\AN Book 3C (3.4.36c - 3.4.42).en.srt","","5","COM EN MP4 SRT TXT","1786167772970"
"AN Book 3D (3.5.44 - 3.6.58)","","AN","Anguttara Nikaya","Book 3D (3.5.44 - 3.6.58)","RAW","85","True","True","False","False","False","False","True","True","False","True","False","","","","en","frontendoptimised2\downloads\Anguttara Nikaya by Bhante Hye Dhammavuddho Mahathera\Book 3D (3.5.44 - 3.6.58).en\Book 3D (3.5.44 - 3.6.58).en.json","frontendoptimised2\downloads\Anguttara Nikaya by Bhante Hye Dhammavuddho Mahathera\Book 3D (3.5.44 - 3.6.58)\AN Book 3D (3.5.44 - 3.6.58).mp4","frontendoptimised2\downloads\Anguttara Nikaya by Bhante Hye Dhammavuddho Mahathera\Book 3D (3.5.44 - 3.6.58).en\AN Book 3D (3.5.44 - 3.6.58).en.srt","","5","COM EN MP4 SRT TXT","1786167772997"
"AN Book 3E (3.6.60)","","AN","Anguttara Nikaya","Book 3E (3.6.60)","RAW","85","True","True","False","False","False","False","True","True","False","True","False","","","","en","frontendoptimised2\downloads\Anguttara Nikaya by Bhante Hye Dhammavuddho Mahathera\Book 3E (3.6.60).en\Book 3E (3.6.60).en.json","frontendoptimised2\downloads\Anguttara Nikaya by Bhante Hye Dhammavuddho Mahathera\Book 3E (3.6.60)\AN Book 3E (3.6.60).mp4","frontendoptimised2\downloads\Anguttara Nikaya by Bhante Hye Dhammavuddho Mahathera\Book 3E (3.6.60).en\AN Book 3E (3.6.60).en.srt","","5","COM EN MP4 SRT TXT","1786167773022"
"AN Book 3F (3.7.63 - 3.7.64)","","AN","Anguttara Nikaya","Book 3F (3.7.63 - 3.7.64)","RAW","85","True","True","False","False","False","False","True","True","False","True","False","","","","en","frontendoptimised2\downloads\Anguttara Nikaya by Bhante Hye Dhammavuddho Mahathera\Book 3F (3.7.63 - 3.7.64).en\Book 3F (3.7.63 - 3.7.64).en.json","frontendoptimised2\downloads\Anguttara Nikaya by Bhante Hye Dhammavuddho Mahathera\Book 3F (3.7.63 - 3.7.64)\AN Book 3F (3.7.63 - 3.7.64).mp4","frontendoptimised2\downloads\Anguttara Nikaya by Bhante Hye Dhammavuddho Mahathera\Book 3F (3.7.63 - 3.7.64).en\AN Book 3F (3.7.63 - 3.7.64).en.srt","","5","COM EN MP4 SRT TXT","1786167773051"
"AN Book 3G (3.7.65 - 3.7.68)","","AN","Anguttara Nikaya","Book 3G (3.7.65 - 3.7.68)","RAW","85","True","True","False","False","False","False","True","True","False","True","False","","","","en","frontendoptimised2\downloads\Anguttara Nikaya by Bhante Hye Dhammavuddho Mahathera\Book 3G (3.7.65 - 3.7.68).en\Book 3G (3.7.65 - 3.7.68).en.json","frontendoptimised2\downloads\Anguttara Nikaya by Bhante Hye Dhammavuddho Mahathera\Book 3G (3.7.65 - 3.7.68)\AN Book 3G (3.7.65 - 3.7.68).mp4","frontendoptimised2\downloads\Anguttara Nikaya by Bhante Hye Dhammavuddho Mahathera\Book 3G (3.7.65 - 3.7.68).en\AN Book 3G (3.7.65 - 3.7.68).en.srt","","5","COM EN MP4 SRT TXT","1786167773076"
"AN Book 3H (3.7.70 - 3.8.72)","","AN","Anguttara Nikaya","Book 3H (3.7.70 - 3.8.72)","RAW","85","True","True","False","False","False","False","True","True","False","True","False","","","","en","frontendoptimised2\downloads\Anguttara Nikaya by Bhante Hye Dhammavuddho Mahathera\Book 3H (3.7.70 - 3.8.72).en\Book 3H (3.7.70 - 3.8.72).en.json","frontendoptimised2\downloads\Anguttara Nikaya by Bhante Hye Dhammavuddho Mahathera\Book 3H (3.7.70 - 3.8.72)\AN Book 3H (3.7.70 - 3.8.72).mp4","frontendoptimised2\downloads\Anguttara Nikaya by Bhante Hye Dhammavuddho Mahathera\Book 3H (3.7.70 - 3.8.72).en\AN Book 3H (3.7.70 - 3.8.72).en.srt","","5","COM EN MP4 SRT TXT","1786167773097"
"AN Book 3I (3.8.75 - 3.9.81)","","AN","Anguttara Nikaya","Book 3I (3.8.75 - 3.9.81)","RAW","85","True","True","False","False","False","False","True","True","False","True","False","","","","en","frontendoptimised2\downloads\Anguttara Nikaya by Bhante Hye Dhammavuddho Mahathera\Book 3I (3.8.75 - 3.9.81).en\Book 3I (3.8.75 - 3.9.81).en.json","frontendoptimised2\downloads\Anguttara Nikaya by Bhante Hye Dhammavuddho Mahathera\Book 3I (3.8.75 - 3.9.81)\AN Book 3I (3.8.75 - 3.9.81).mp4","frontendoptimised2\downloads\Anguttara Nikaya by Bhante Hye Dhammavuddho Mahathera\Book 3I (3.8.75 - 3.9.81).en\AN Book 3I (3.8.75 - 3.9.81).en.srt","","5","COM EN MP4 SRT TXT","1786167773130"
"AN Book 3J (3.9.83 - 3.10.99)","","AN","Anguttara Nikaya","Book 3J (3.9.83 - 3.10.99)","RAW","85","True","True","False","False","False","False","True","True","False","True","False","","","","en","frontendoptimised2\downloads\Anguttara Nikaya by Bhante Hye Dhammavuddho Mahathera\Book 3J (3.9.83 - 3.10.99).en\Book 3J (3.9.83 - 3.10.99).en.json","frontendoptimised2\downloads\Anguttara Nikaya by Bhante Hye Dhammavuddho Mahathera\Book 3J (3.9.83 - 3.10.99)\AN Book 3J (3.9.83 - 3.10.99).mp4","frontendoptimised2\downloads\Anguttara Nikaya by Bhante Hye Dhammavuddho Mahathera\Book 3J (3.9.83 - 3.10.99).en\AN Book 3J (3.9.83 - 3.10.99).en.srt","","5","COM EN MP4 SRT TXT","1786167773189"
"AN Book 3K (3.10.100 - 3.11.104)","","AN","Anguttara Nikaya","Book 3K (3.10.100 - 3.11.104)","RAW","85","True","True","False","False","False","False","True","True","False","True","False","","","","en","frontendoptimised2\downloads\Anguttara Nikaya by Bhante Hye Dhammavuddho Mahathera\Book 3K (3.10.100 - 3.11.104).en\Book 3K (3.10.100 - 3.11.104).en.json","frontendoptimised2\downloads\Anguttara Nikaya by Bhante Hye Dhammavuddho Mahathera\Book 3K (3.10.100 - 3.11.104)\AN Book 3K (3.10.100 - 3.11.104).mp4","frontendoptimised2\downloads\Anguttara Nikaya by Bhante Hye Dhammavuddho Mahathera\Book 3K (3.10.100 - 3.11.104).en\AN Book 3K (3.10.100 - 3.11.104).en.srt","","5","COM EN MP4 SRT TXT","1786167773230"
"AN Book 3L (3.11.105 - 3.12.114)","","AN","Anguttara Nikaya","Book 3L (3.11.105 - 3.12.114)","RAW","85","True","True","False","False","False","False","True","True","False","True","False","","","","en","frontendoptimised2\downloads\Anguttara Nikaya by Bhante Hye Dhammavuddho Mahathera\Book 3L (3.11.105 - 3.12.114).en\Book 3L (3.11.105 - 3.12.114).en.json","frontendoptimised2\downloads\Anguttara Nikaya by Bhante Hye Dhammavuddho Mahathera\Book 3L (3.11.105 - 3.12.114)\AN Book 3L (3.11.105 - 3.12.114).mp4","frontendoptimised2\downloads\Anguttara Nikaya by Bhante Hye Dhammavuddho Mahathera\Book 3L (3.11.105 - 3.12.114).en\AN Book 3L (3.11.105 - 3.12.114).en.srt","","5","COM EN MP4 SRT TXT","1786167773264"
"AN Book 3M (3.13.121 - 3.13.129)","","AN","Anguttara Nikaya","Book 3M (3.13.121 - 3.13.129)","RAW","85","True","True","False","False","False","False","True","True","False","True","False","","","","en","frontendoptimised2\downloads\Anguttara Nikaya by Bhante Hye Dhammavuddho Mahathera\Book 3M (3.13.121 - 3.13.129).en\Book 3M (3.13.121 - 3.13.129).en.json","frontendoptimised2\downloads\Anguttara Nikaya by Bhante Hye Dhammavuddho Mahathera\Book 3M (3.13.121 - 3.13.129)\AN Book 3M (3.13.121 - 3.13.129).mp4","frontendoptimised2\downloads\Anguttara Nikaya by Bhante Hye Dhammavuddho Mahathera\Book 3M (3.13.121 - 3.13.129).en\AN Book 3M (3.13.121 - 3.13.129).en.srt","","5","COM EN MP4 SRT TXT","1786167773292"
"AN Book 3N (3.14.131 - 3.16.151)","","AN","Anguttara Nikaya","Book 3N (3.14.131 - 3.16.151)","RAW","85","True","True","False","False","False","False","True","True","False","True","False","","","","en","frontendoptimised2\downloads\Anguttara Nikaya by Bhante Hye Dhammavuddho Mahathera\Book 3N (3.14.131 - 3.16.151).en\Book 3N (3.14.131 - 3.16.151).en.json","frontendoptimised2\downloads\Anguttara Nikaya by Bhante Hye Dhammavuddho Mahathera\Book 3N (3.14.131 - 3.16.151)\AN Book 3N (3.14.131 - 3.16.151).mp4","frontendoptimised2\downloads\Anguttara Nikaya by Bhante Hye Dhammavuddho Mahathera\Book 3N (3.14.131 - 3.16.151).en\AN Book 3N (3.14.131 - 3.16.151).en.srt","","5","COM EN MP4 SRT TXT","1786167773335"
"AN Book 4A (4.1.3 - 4.3.24)","","AN","Anguttara Nikaya","Book 4A (4.1.3 - 4.3.24)","RAW","85","True","True","False","False","False","False","True","True","False","True","False","","","","en","frontendoptimised2\downloads\Anguttara Nikaya by Bhante Hye Dhammavuddho Mahathera\Book 4A (4.1.3 - 4.3.24).en\Book 4A (4.1.3 - 4.3.24).en.json","frontendoptimised2\downloads\Anguttara Nikaya by Bhante Hye Dhammavuddho Mahathera\Book 4A (4.1.3 - 4.3.24)\AN Book 4A (4.1.3 - 4.3.24).mp4","frontendoptimised2\downloads\Anguttara Nikaya by Bhante Hye Dhammavuddho Mahathera\Book 4A (4.1.3 - 4.3.24).en\AN Book 4A (4.1.3 - 4.3.24).en.srt","","5","COM EN MP4 SRT TXT","1786167773350"
"AN Book 4B (4.3.25 - 4.4.35)","","AN","Anguttara Nikaya","Book 4B (4.3.25 - 4.4.35)","RAW","85","True","True","False","False","False","False","True","True","False","True","False","","","","en","frontendoptimised2\downloads\Anguttara Nikaya by Bhante Hye Dhammavuddho Mahathera\Book 4B (4.3.25 - 4.4.35).en\Book 4B (4.3.25 - 4.4.35).en.json","frontendoptimised2\downloads\Anguttara Nikaya by Bhante Hye Dhammavuddho Mahathera\Book 4B (4.3.25 - 4.4.35)\AN Book 4B (4.3.25 - 4.4.35).mp4","frontendoptimised2\downloads\Anguttara Nikaya by Bhante Hye Dhammavuddho Mahathera\Book 4B (4.3.25 - 4.4.35).en\AN Book 4B (4.3.25 - 4.4.35).en.srt","","5","COM EN MP4 SRT TXT","1786167773382"
"AN Book 4C (4.4.36 - 4.5.49)","","AN","Anguttara Nikaya","Book 4C (4.4.36 - 4.5.49)","RAW","85","True","True","False","False","False","False","True","True","False","True","False","","","","en","frontendoptimised2\downloads\Anguttara Nikaya by Bhante Hye Dhammavuddho Mahathera\Book 4C (4.4.36 - 4.5.49).en\Book 4C (4.4.36 - 4.5.49).en.json","frontendoptimised2\downloads\Anguttara Nikaya by Bhante Hye Dhammavuddho Mahathera\Book 4C (4.4.36 - 4.5.49)\AN Book 4C (4.4.36 - 4.5.49).mp4","frontendoptimised2\downloads\Anguttara Nikaya by Bhante Hye Dhammavuddho Mahathera\Book 4C (4.4.36 - 4.5.49).en\AN Book 4C (4.4.36 - 4.5.49).en.srt","","5","COM EN MP4 SRT TXT","1786167773414"
"AN Book 4D (4.5.50 - 4.7.61)","","AN","Anguttara Nikaya","Book 4D (4.5.50 - 4.7.61)","RAW","85","True","True","False","False","False","False","True","True","False","True","False","","","","en","frontendoptimised2\downloads\Anguttara Nikaya by Bhante Hye Dhammavuddho Mahathera\Book 4D (4.5.50 - 4.7.61).en\Book 4D (4.5.50 - 4.7.61).en.json","frontendoptimised2\downloads\Anguttara Nikaya by Bhante Hye Dhammavuddho Mahathera\Book 4D (4.5.50 - 4.7.61)\AN Book 4D (4.5.50 - 4.7.61).mp4","frontendoptimised2\downloads\Anguttara Nikaya by Bhante Hye Dhammavuddho Mahathera\Book 4D (4.5.50 - 4.7.61).en\AN Book 4D (4.5.50 - 4.7.61).en.srt","","5","COM EN MP4 SRT TXT","1786167773429"
"AN Book 4E (4.7.62 - 4.8.77)","","AN","Anguttara Nikaya","Book 4E (4.7.62 - 4.8.77)","RAW","85","True","True","False","False","False","False","True","True","False","True","False","","","","en","frontendoptimised2\downloads\Anguttara Nikaya by Bhante Hye Dhammavuddho Mahathera\Book 4E (4.7.62 - 4.8.77).en\Book 4E (4.7.62 - 4.8.77).en.json","frontendoptimised2\downloads\Anguttara Nikaya by Bhante Hye Dhammavuddho Mahathera\Book 4E (4.7.62 - 4.8.77)\AN Book 4E (4.7.62 - 4.8.77).mp4","frontendoptimised2\downloads\Anguttara Nikaya by Bhante Hye Dhammavuddho Mahathera\Book 4E (4.7.62 - 4.8.77).en\AN Book 4E (4.7.62 - 4.8.77).en.srt","","5","COM EN MP4 SRT TXT","1786167773463"
"AN Book 4F (4.8.79 - 4.10.93)","","AN","Anguttara Nikaya","Book 4F (4.8.79 - 4.10.93)","RAW","85","True","True","False","False","False","False","True","True","False","True","False","","","","en","frontendoptimised2\downloads\Anguttara Nikaya by Bhante Hye Dhammavuddho Mahathera\Book 4F (4.8.79 - 4.10.93).en\Book 4F (4.8.79 - 4.10.93).en.json","frontendoptimised2\downloads\Anguttara Nikaya by Bhante Hye Dhammavuddho Mahathera\Book 4F (4.8.79 - 4.10.93)\AN Book 4F (4.8.79 - 4.10.93).mp4","frontendoptimised2\downloads\Anguttara Nikaya by Bhante Hye Dhammavuddho Mahathera\Book 4F (4.8.79 - 4.10.93).en\AN Book 4F (4.8.79 - 4.10.93).en.srt","","5","COM EN MP4 SRT TXT","1786167773499"
"AN Book 4G (4.10.94 - 4.12.111)","","AN","Anguttara Nikaya","Book 4G (4.10.94 - 4.12.111)","RAW","85","True","True","False","False","False","False","True","True","False","True","False","","","","en","frontendoptimised2\downloads\Anguttara Nikaya by Bhante Hye Dhammavuddho Mahathera\Book 4G (4.10.94 - 4.12.111).en\Book 4G (4.10.94 - 4.12.111).en.json","frontendoptimised2\downloads\Anguttara Nikaya by Bhante Hye Dhammavuddho Mahathera\Book 4G (4.10.94 - 4.12.111)\AN Book 4G (4.10.94 - 4.12.111).mp4","frontendoptimised2\downloads\Anguttara Nikaya by Bhante Hye Dhammavuddho Mahathera\Book 4G (4.10.94 - 4.12.111).en\AN Book 4G (4.10.94 - 4.12.111).en.srt","","5","COM EN MP4 SRT TXT","1786167773527"
"AN Book 4H (4.12.113 - 4.12.118)","","AN","Anguttara Nikaya","Book 4H (4.12.113 - 4.12.118)","RAW","85","True","True","False","False","False","False","True","True","False","True","False","","","","en","frontendoptimised2\downloads\Anguttara Nikaya by Bhante Hye Dhammavuddho Mahathera\Book 4H (4.12.113 - 4.12.118).en\Book 4H (4.12.113 - 4.12.118).en.json","frontendoptimised2\downloads\Anguttara Nikaya by Bhante Hye Dhammavuddho Mahathera\Book 4H (4.12.113 - 4.12.118)\AN Book 4H (4.12.113 - 4.12.118).mp4","frontendoptimised2\downloads\Anguttara Nikaya by Bhante Hye Dhammavuddho Mahathera\Book 4H (4.12.113 - 4.12.118).en\AN Book 4H (4.12.113 - 4.12.118).en.srt","","5","COM EN MP4 SRT TXT","1786167773557"
"AN Book 4I (4.13.122 - 4.16.157)","","AN","Anguttara Nikaya","Book 4I (4.13.122 - 4.16.157)","RAW","85","True","True","False","False","False","False","True","True","False","True","False","","","","en","frontendoptimised2\downloads\Anguttara Nikaya by Bhante Hye Dhammavuddho Mahathera\Book 4I (4.13.122 - 4.16.157).en\Book 4I (4.13.122 - 4.16.157).en.json","frontendoptimised2\downloads\Anguttara Nikaya by Bhante Hye Dhammavuddho Mahathera\Book 4I (4.13.122 - 4.16.157)\AN Book 4I (4.13.122 - 4.16.157).mp4","frontendoptimised2\downloads\Anguttara Nikaya by Bhante Hye Dhammavuddho Mahathera\Book 4I (4.13.122 - 4.16.157).en\AN Book 4I (4.13.122 - 4.16.157).en.srt","","5","COM EN MP4 SRT TXT","1786167773582"
"AN Book 4J (4.16.159 - 4.17.169)","","AN","Anguttara Nikaya","Book 4J (4.16.159 - 4.17.169)","RAW","85","True","True","False","False","False","False","True","True","False","True","False","","","","en","frontendoptimised2\downloads\Anguttara Nikaya by Bhante Hye Dhammavuddho Mahathera\Book 4J (4.16.159 - 4.17.169).en\Book 4J (4.16.159 - 4.17.169).en.json","frontendoptimised2\downloads\Anguttara Nikaya by Bhante Hye Dhammavuddho Mahathera\Book 4J (4.16.159 - 4.17.169)\AN Book 4J (4.16.159 - 4.17.169).mp4","frontendoptimised2\downloads\Anguttara Nikaya by Bhante Hye Dhammavuddho Mahathera\Book 4J (4.16.159 - 4.17.169).en\AN Book 4J (4.16.159 - 4.17.169).en.srt","","5","COM EN MP4 SRT TXT","1786167773613"
"AN Book 4K (4.17.170 - 4.18.179)","","AN","Anguttara Nikaya","Book 4K (4.17.170 - 4.18.179)","RAW","85","True","True","False","False","False","False","True","True","False","True","False","","","","en","frontendoptimised2\downloads\Anguttara Nikaya by Bhante Hye Dhammavuddho Mahathera\Book 4K (4.17.170 - 4.18.179).en\Book 4K (4.17.170 - 4.18.179).en.json","frontendoptimised2\downloads\Anguttara Nikaya by Bhante Hye Dhammavuddho Mahathera\Book 4K (4.17.170 - 4.18.179)\AN Book 4K (4.17.170 - 4.18.179).mp4","frontendoptimised2\downloads\Anguttara Nikaya by Bhante Hye Dhammavuddho Mahathera\Book 4K (4.17.170 - 4.18.179).en\AN Book 4K (4.17.170 - 4.18.179).en.srt","","5","COM EN MP4 SRT TXT","1786167773630"
"AN Book 4L (4.18.180 - 4.19.185)","","AN","Anguttara Nikaya","Book 4L (4.18.180 - 4.19.185)","RAW","85","True","True","False","False","False","False","True","True","False","True","False","","","","en","frontendoptimised2\downloads\Anguttara Nikaya by Bhante Hye Dhammavuddho Mahathera\Book 4L (4.18.180 - 4.19.185).en\Book 4L (4.18.180 - 4.19.185).en.json","frontendoptimised2\downloads\Anguttara Nikaya by Bhante Hye Dhammavuddho Mahathera\Book 4L (4.18.180 - 4.19.185)\AN Book 4L (4.18.180 - 4.19.185).mp4","frontendoptimised2\downloads\Anguttara Nikaya by Bhante Hye Dhammavuddho Mahathera\Book 4L (4.18.180 - 4.19.185).en\AN Book 4L (4.18.180 - 4.19.185).en.srt","","5","COM EN MP4 SRT TXT","1786167773661"
"AN Book 4M (4.19.186 - 4.20.192)","","AN","Anguttara Nikaya","Book 4M (4.19.186 - 4.20.192)","RAW","85","True","True","False","False","False","False","True","True","False","True","False","","","","en","frontendoptimised2\downloads\Anguttara Nikaya by Bhante Hye Dhammavuddho Mahathera\Book 4M (4.19.186 - 4.20.192).en\Book 4M (4.19.186 - 4.20.192).en.json","frontendoptimised2\downloads\Anguttara Nikaya by Bhante Hye Dhammavuddho Mahathera\Book 4M (4.19.186 - 4.20.192)\AN Book 4M (4.19.186 - 4.20.192).mp4","frontendoptimised2\downloads\Anguttara Nikaya by Bhante Hye Dhammavuddho Mahathera\Book 4M (4.19.186 - 4.20.192).en\AN Book 4M (4.19.186 - 4.20.192).en.srt","","5","COM EN MP4 SRT TXT","1786167773687"
"AN Book 4N (4.20.194 - 4.20.195)","","AN","Anguttara Nikaya","Book 4N (4.20.194 - 4.20.195)","RAW","85","True","True","False","False","False","False","True","True","False","True","False","","","","en","frontendoptimised2\downloads\Anguttara Nikaya by Bhante Hye Dhammavuddho Mahathera\Book 4N (4.20.194 - 4.20.195).en\Book 4N (4.20.194 - 4.20.195).en.json","frontendoptimised2\downloads\Anguttara Nikaya by Bhante Hye Dhammavuddho Mahathera\Book 4N (4.20.194 - 4.20.195)\AN Book 4N (4.20.194 - 4.20.195).mp4","frontendoptimised2\downloads\Anguttara Nikaya by Bhante Hye Dhammavuddho Mahathera\Book 4N (4.20.194 - 4.20.195).en\AN Book 4N (4.20.194 - 4.20.195).en.srt","","5","COM EN MP4 SRT TXT","1786167773708"
"AN Book 4O (4.20.196 - 4.20.197)","","AN","Anguttara Nikaya","Book 4O (4.20.196 - 4.20.197)","RAW","85","True","True","False","False","False","False","True","True","False","True","False","","","","en","frontendoptimised2\downloads\Anguttara Nikaya by Bhante Hye Dhammavuddho Mahathera\Book 4O (4.20.196 - 4.20.197).en\Book 4O (4.20.196 - 4.20.197).en.json","frontendoptimised2\downloads\Anguttara Nikaya by Bhante Hye Dhammavuddho Mahathera\Book 4O (4.20.196 - 4.20.197)\AN Book 4O (4.20.196 - 4.20.197).mp4","frontendoptimised2\downloads\Anguttara Nikaya by Bhante Hye Dhammavuddho Mahathera\Book 4O (4.20.196 - 4.20.197).en\AN Book 4O (4.20.196 - 4.20.197).en.srt","","5","COM EN MP4 SRT TXT","1786167773742"
"AN Book 4P (4.20.198)","","AN","Anguttara Nikaya","Book 4P (4.20.198)","RAW","85","True","True","False","False","False","False","True","True","False","True","False","","","","en","frontendoptimised2\downloads\Anguttara Nikaya by Bhante Hye Dhammavuddho Mahathera\Book 4P (4.20.198).en\Book 4P (4.20.198).en.json","frontendoptimised2\downloads\Anguttara Nikaya by Bhante Hye Dhammavuddho Mahathera\Book 4P (4.20.198)\AN Book 4P (4.20.198).mp4","frontendoptimised2\downloads\Anguttara Nikaya by Bhante Hye Dhammavuddho Mahathera\Book 4P (4.20.198).en\AN Book 4P (4.20.198).en.srt","","5","COM EN MP4 SRT TXT","1786167773760"
"AN Book 4Q (4.20.199 - 4.27.261)","","AN","Anguttara Nikaya","Book 4Q (4.20.199 - 4.27.261)","RAW","85","True","True","False","False","False","False","True","True","False","True","False","","","","en","frontendoptimised2\downloads\Anguttara Nikaya by Bhante Hye Dhammavuddho Mahathera\Book 4Q (4.20.199 - 4.27.261).en\Book 4Q (4.20.199 - 4.27.261).en.json","frontendoptimised2\downloads\Anguttara Nikaya by Bhante Hye Dhammavuddho Mahathera\Book 4Q (4.20.199 - 4.27.261)\AN Book 4Q (4.20.199 - 4.27.261).mp4","frontendoptimised2\downloads\Anguttara Nikaya by Bhante Hye Dhammavuddho Mahathera\Book 4Q (4.20.199 - 4.27.261).en\AN Book 4Q (4.20.199 - 4.27.261).en.srt","","5","COM EN MP4 SRT TXT","1786167773804"
"AN Book 5A (5.1.2 - 5.3.22)","","AN","Anguttara Nikaya","Book 5A (5.1.2 - 5.3.22)","RAW","85","True","True","False","False","False","False","True","True","False","True","False","","","","en","frontendoptimised2\downloads\Anguttara Nikaya by Bhante Hye Dhammavuddho Mahathera\Book  5A (5.1.2 - 5.3.22).en\Book  5A (5.1.2 - 5.3.22).en.json","frontendoptimised2\downloads\Anguttara Nikaya by Bhante Hye Dhammavuddho Mahathera\Book  5A (5.1.2 - 5.3.22)\AN Book  5A (5.1.2 - 5.3.22).mp4","frontendoptimised2\downloads\Anguttara Nikaya by Bhante Hye Dhammavuddho Mahathera\Book  5A (5.1.2 - 5.3.22).en\AN Book  5A (5.1.2 - 5.3.22).en.srt","","5","COM EN MP4 SRT TXT","1786167772222"
"AN Book 5B (5.3.26 - 5.3.30)","","AN","Anguttara Nikaya","Book 5B (5.3.26 - 5.3.30)","RAW","85","True","True","False","False","False","False","True","True","False","True","False","","","","en","frontendoptimised2\downloads\Anguttara Nikaya by Bhante Hye Dhammavuddho Mahathera\Book 5B (5.3.26 - 5.3.30).en\Book 5B (5.3.26 - 5.3.30).en.json","frontendoptimised2\downloads\Anguttara Nikaya by Bhante Hye Dhammavuddho Mahathera\Book 5B (5.3.26 - 5.3.30)\AN Book 5B (5.3.26 - 5.3.30).mp4","frontendoptimised2\downloads\Anguttara Nikaya by Bhante Hye Dhammavuddho Mahathera\Book 5B (5.3.26 - 5.3.30).en\AN Book 5B (5.3.26 - 5.3.30).en.srt","","5","COM EN MP4 SRT TXT","1786167773836"
"AN Book 5C (5.4.31 - 5.4.40)","","AN","Anguttara Nikaya","Book 5C (5.4.31 - 5.4.40)","RAW","85","True","True","False","False","False","False","True","True","False","True","False","","","","en","frontendoptimised2\downloads\Anguttara Nikaya by Bhante Hye Dhammavuddho Mahathera\Book 5C (5.4.31 - 5.4.40).en\Book 5C (5.4.31 - 5.4.40).en.json","frontendoptimised2\downloads\Anguttara Nikaya by Bhante Hye Dhammavuddho Mahathera\Book 5C (5.4.31 - 5.4.40)\AN Book 5C (5.4.31 - 5.4.40).mp4","frontendoptimised2\downloads\Anguttara Nikaya by Bhante Hye Dhammavuddho Mahathera\Book 5C (5.4.31 - 5.4.40).en\AN Book 5C (5.4.31 - 5.4.40).en.srt","","5","COM EN MP4 SRT TXT","1786167773862"
"AN Book 5D (5.5.42 - 5.6.52)","","AN","Anguttara Nikaya","Book 5D (5.5.42 - 5.6.52)","RAW","85","True","True","False","False","False","False","True","True","False","True","False","","","","en","frontendoptimised2\downloads\Anguttara Nikaya by Bhante Hye Dhammavuddho Mahathera\Book 5D (5.5.42 - 5.6.52).en\Book 5D (5.5.42 - 5.6.52).en.json","frontendoptimised2\downloads\Anguttara Nikaya by Bhante Hye Dhammavuddho Mahathera\Book 5D (5.5.42 - 5.6.52)\AN Book 5D (5.5.42 - 5.6.52).mp4","frontendoptimised2\downloads\Anguttara Nikaya by Bhante Hye Dhammavuddho Mahathera\Book 5D (5.5.42 - 5.6.52).en\AN Book 5D (5.5.42 - 5.6.52).en.srt","","5","COM EN MP4 SRT TXT","1786167773887"
"AN Book 5E (5.6.53 - 5.6.57)","","AN","Anguttara Nikaya","Book 5E (5.6.53 - 5.6.57)","RAW","85","True","True","False","False","False","False","True","True","False","True","False","","","","en","frontendoptimised2\downloads\Anguttara Nikaya by Bhante Hye Dhammavuddho Mahathera\Book 5E (5.6.53 - 5.6.57).en\Book 5E (5.6.53 - 5.6.57).en.json","frontendoptimised2\downloads\Anguttara Nikaya by Bhante Hye Dhammavuddho Mahathera\Book 5E (5.6.53 - 5.6.57)\AN Book 5E (5.6.53 - 5.6.57).mp4","frontendoptimised2\downloads\Anguttara Nikaya by Bhante Hye Dhammavuddho Mahathera\Book 5E (5.6.53 - 5.6.57).en\AN Book 5E (5.6.53 - 5.6.57).en.srt","","5","COM EN MP4 SRT TXT","1786167773902"
"AN Book 5F (5.6.58 - 5.8.77)","","AN","Anguttara Nikaya","Book 5F (5.6.58 - 5.8.77)","RAW","85","True","True","False","False","False","False","True","True","False","True","False","","","","en","frontendoptimised2\downloads\Anguttara Nikaya by Bhante Hye Dhammavuddho Mahathera\Book 5F (5.6.58 - 5.8.77).en\Book 5F (5.6.58 - 5.8.77).en.json","frontendoptimised2\downloads\Anguttara Nikaya by Bhante Hye Dhammavuddho Mahathera\Book 5F (5.6.58 - 5.8.77)\AN Book 5F (5.6.58 - 5.8.77).mp4","frontendoptimised2\downloads\Anguttara Nikaya by Bhante Hye Dhammavuddho Mahathera\Book 5F (5.6.58 - 5.8.77).en\AN Book 5F (5.6.58 - 5.8.77).en.srt","","5","COM EN MP4 SRT TXT","1786167773934"
"AN Book 5G (5.8.78 - 5.9.88)","","AN","Anguttara Nikaya","Book 5G (5.8.78 - 5.9.88)","RAW","85","True","True","False","False","False","False","True","True","False","True","False","","","","en","frontendoptimised2\downloads\Anguttara Nikaya by Bhante Hye Dhammavuddho Mahathera\Book 5G (5.8.78 - 5.9.88).en\Book 5G (5.8.78 - 5.9.88).en.json","frontendoptimised2\downloads\Anguttara Nikaya by Bhante Hye Dhammavuddho Mahathera\Book 5G (5.8.78 - 5.9.88)\AN Book 5G (5.8.78 - 5.9.88).mp4","frontendoptimised2\downloads\Anguttara Nikaya by Bhante Hye Dhammavuddho Mahathera\Book 5G (5.8.78 - 5.9.88).en\AN Book 5G (5.8.78 - 5.9.88).en.srt","","5","COM EN MP4 SRT TXT","1786167773970"
"AN Book 5H (5.9.89 - 5.12.113)","","AN","Anguttara Nikaya","Book 5H (5.9.89 - 5.12.113)","RAW","85","True","True","False","False","False","False","True","True","False","True","False","","","","en","frontendoptimised2\downloads\Anguttara Nikaya by Bhante Hye Dhammavuddho Mahathera\Book 5H (5.9.89 - 5.12.113).en\Book 5H (5.9.89 - 5.12.113).en.json","frontendoptimised2\downloads\Anguttara Nikaya by Bhante Hye Dhammavuddho Mahathera\Book 5H (5.9.89 - 5.12.113)\AN Book 5H (5.9.89 - 5.12.113).mp4","frontendoptimised2\downloads\Anguttara Nikaya by Bhante Hye Dhammavuddho Mahathera\Book 5H (5.9.89 - 5.12.113).en\AN Book 5H (5.9.89 - 5.12.113).en.srt","","5","COM EN MP4 SRT TXT","1786167773995"
"AN Book 5I (5.12.114 - 5.15.143)","","AN","Anguttara Nikaya","Book 5I (5.12.114 - 5.15.143)","RAW","85","True","True","False","False","False","False","True","True","False","True","False","","","","en","frontendoptimised2\downloads\Anguttara Nikaya by Bhante Hye Dhammavuddho Mahathera\Book 5I (5.12.114 - 5.15.143).en\Book 5I (5.12.114 - 5.15.143).en.json","frontendoptimised2\downloads\Anguttara Nikaya by Bhante Hye Dhammavuddho Mahathera\Book 5I (5.12.114 - 5.15.143)\AN Book 5I (5.12.114 - 5.15.143).mp4","frontendoptimised2\downloads\Anguttara Nikaya by Bhante Hye Dhammavuddho Mahathera\Book 5I (5.12.114 - 5.15.143).en\AN Book 5I (5.12.114 - 5.15.143).en.srt","","5","COM EN MP4 SRT TXT","1786167774017"
"AN Book 5J (5.15.144 - 5.16.155)","","AN","Anguttara Nikaya","Book 5J (5.15.144 - 5.16.155)","RAW","85","True","True","False","False","False","False","True","True","False","True","False","","","","en","frontendoptimised2\downloads\Anguttara Nikaya by Bhante Hye Dhammavuddho Mahathera\Book 5J (5.15.144 - 5.16.155).en\Book 5J (5.15.144 - 5.16.155).en.json","frontendoptimised2\downloads\Anguttara Nikaya by Bhante Hye Dhammavuddho Mahathera\Book 5J (5.15.144 - 5.16.155)\AN Book 5J (5.15.144 - 5.16.155).mp4","frontendoptimised2\downloads\Anguttara Nikaya by Bhante Hye Dhammavuddho Mahathera\Book 5J (5.15.144 - 5.16.155).en\AN Book 5J (5.15.144 - 5.16.155).en.srt","","5","COM EN MP4 SRT TXT","1786167774045"
"AN Book 5K (5.16.157 - 5.17.166)","","AN","Anguttara Nikaya","Book 5K (5.16.157 - 5.17.166)","RAW","85","True","True","False","False","False","False","True","True","False","True","False","","","","en","frontendoptimised2\downloads\Anguttara Nikaya by Bhante Hye Dhammavuddho Mahathera\Book 5K (5.16.157 - 5.17.166).en\Book 5K (5.16.157 - 5.17.166).en.json","frontendoptimised2\downloads\Anguttara Nikaya by Bhante Hye Dhammavuddho Mahathera\Book 5K (5.16.157 - 5.17.166)\AN Book 5K (5.16.157 - 5.17.166).mp4","frontendoptimised2\downloads\Anguttara Nikaya by Bhante Hye Dhammavuddho Mahathera\Book 5K (5.16.157 - 5.17.166).en\AN Book 5K (5.16.157 - 5.17.166).en.srt","","5","COM EN MP4 SRT TXT","1786167774077"
"AN Book 5L (5.17.167 - 5.18.179)","","AN","Anguttara Nikaya","Book 5L (5.17.167 - 5.18.179)","RAW","85","True","True","False","False","False","False","True","True","False","True","False","","","","en","frontendoptimised2\downloads\Anguttara Nikaya by Bhante Hye Dhammavuddho Mahathera\Book 5L (5.17.167 - 5.18.179).en\Book 5L (5.17.167 - 5.18.179).en.json","frontendoptimised2\downloads\Anguttara Nikaya by Bhante Hye Dhammavuddho Mahathera\Book 5L (5.17.167 - 5.18.179)\AN Book 5L (5.17.167 - 5.18.179).mp4","frontendoptimised2\downloads\Anguttara Nikaya by Bhante Hye Dhammavuddho Mahathera\Book 5L (5.17.167 - 5.18.179).en\AN Book 5L (5.17.167 - 5.18.179).en.srt","","5","COM EN MP4 SRT TXT","1786167774092"
"AN Book 5M (5.18.180 - 5.20.192)","","AN","Anguttara Nikaya","Book 5M (5.18.180 - 5.20.192)","RAW","85","True","True","False","False","False","False","True","True","False","True","False","","","","en","frontendoptimised2\downloads\Anguttara Nikaya by Bhante Hye Dhammavuddho Mahathera\Book 5M (5.18.180 - 5.20.192).en\Book 5M (5.18.180 - 5.20.192).en.json","frontendoptimised2\downloads\Anguttara Nikaya by Bhante Hye Dhammavuddho Mahathera\Book 5M (5.18.180 - 5.20.192)\AN Book 5M (5.18.180 - 5.20.192).mp4","frontendoptimised2\downloads\Anguttara Nikaya by Bhante Hye Dhammavuddho Mahathera\Book 5M (5.18.180 - 5.20.192).en\AN Book 5M (5.18.180 - 5.20.192).en.srt","","5","COM EN MP4 SRT TXT","1786167774128"
"AN Book 5N (5.20.196 - 5.21.209)","","AN","Anguttara Nikaya","Book 5N (5.20.196 - 5.21.209)","RAW","85","True","True","False","False","False","False","True","True","False","True","False","","","","en","frontendoptimised2\downloads\Anguttara Nikaya by Bhante Hye Dhammavuddho Mahathera\Book 5N (5.20.196 - 5.21.209).en\Book 5N (5.20.196 - 5.21.209).en.json","frontendoptimised2\downloads\Anguttara Nikaya by Bhante Hye Dhammavuddho Mahathera\Book 5N (5.20.196 - 5.21.209)\AN Book 5N (5.20.196 - 5.21.209).mp4","frontendoptimised2\downloads\Anguttara Nikaya by Bhante Hye Dhammavuddho Mahathera\Book 5N (5.20.196 - 5.21.209).en\AN Book 5N (5.20.196 - 5.21.209).en.srt","","5","COM EN MP4 SRT TXT","1786167774157"
"AN Book 5O (5.21.210 - 5.25.250)","","AN","Anguttara Nikaya","Book 5O (5.21.210 - 5.25.250)","RAW","85","True","True","False","False","False","False","True","True","False","True","False","","","","en","frontendoptimised2\downloads\Anguttara Nikaya by Bhante Hye Dhammavuddho Mahathera\Book 5O (5.21.210 - 5.25.250).en\Book 5O (5.21.210 - 5.25.250).en.json","frontendoptimised2\downloads\Anguttara Nikaya by Bhante Hye Dhammavuddho Mahathera\Book 5O (5.21.210 - 5.25.250)\AN Book 5O (5.21.210 - 5.25.250).mp4","frontendoptimised2\downloads\Anguttara Nikaya by Bhante Hye Dhammavuddho Mahathera\Book 5O (5.21.210 - 5.25.250).en\AN Book 5O (5.21.210 - 5.25.250).en.srt","","5","COM EN MP4 SRT TXT","1786167774172"
"AN Book 6A (6.2.12 - 6.2.18)","","AN","Anguttara Nikaya","Book 6A (6.2.12 - 6.2.18)","RAW","85","True","True","False","False","False","False","True","True","False","True","False","","","","en","frontendoptimised2\downloads\Anguttara Nikaya by Bhante Hye Dhammavuddho Mahathera\Book 6A (6.2.12 - 6.2.18).en\Book 6A (6.2.12 - 6.2.18).en.json","frontendoptimised2\downloads\Anguttara Nikaya by Bhante Hye Dhammavuddho Mahathera\Book 6A (6.2.12 - 6.2.18)\AN Book 6A (6.2.12 - 6.2.18).mp4","frontendoptimised2\downloads\Anguttara Nikaya by Bhante Hye Dhammavuddho Mahathera\Book 6A (6.2.12 - 6.2.18).en\AN Book 6A (6.2.12 - 6.2.18).en.srt","","5","COM EN MP4 SRT TXT","1786167774203"
"AN Book 6B (6.2.19 - 6.3.30)","","AN","Anguttara Nikaya","Book 6B (6.2.19 - 6.3.30)","RAW","85","True","True","False","False","False","False","True","True","False","True","False","","","","en","frontendoptimised2\downloads\Anguttara Nikaya by Bhante Hye Dhammavuddho Mahathera\Book 6B (6.2.19 - 6.3.30).en\Book 6B (6.2.19 - 6.3.30).en.json","frontendoptimised2\downloads\Anguttara Nikaya by Bhante Hye Dhammavuddho Mahathera\Book 6B (6.2.19 - 6.3.30)\AN Book 6B (6.2.19 - 6.3.30).mp4","frontendoptimised2\downloads\Anguttara Nikaya by Bhante Hye Dhammavuddho Mahathera\Book 6B (6.2.19 - 6.3.30).en\AN Book 6B (6.2.19 - 6.3.30).en.srt","","5","COM EN MP4 SRT TXT","1786167774235"
"AN Book 6C (6.4.34 - 6.5.44)","","AN","Anguttara Nikaya","Book 6C (6.4.34 - 6.5.44)","RAW","85","True","True","False","False","False","False","True","True","False","True","False","","","","en","frontendoptimised2\downloads\Anguttara Nikaya by Bhante Hye Dhammavuddho Mahathera\Book  6C (6.4.34 - 6.5.44).en\Book  6C (6.4.34 - 6.5.44).en.json","frontendoptimised2\downloads\Anguttara Nikaya by Bhante Hye Dhammavuddho Mahathera\Book  6C (6.4.34 - 6.5.44)\AN Book  6C (6.4.34 - 6.5.44).mp4","frontendoptimised2\downloads\Anguttara Nikaya by Bhante Hye Dhammavuddho Mahathera\Book  6C (6.4.34 - 6.5.44).en\AN Book  6C (6.4.34 - 6.5.44).en.srt","","5","COM EN MP4 SRT TXT","1786167772256"
"AN Book 6D (6.5.45 - 6.5.54)","","AN","Anguttara Nikaya","Book 6D (6.5.45 - 6.5.54)","RAW","85","True","True","False","False","False","False","True","True","False","True","False","","","","en","frontendoptimised2\downloads\Anguttara Nikaya by Bhante Hye Dhammavuddho Mahathera\Book 6D (6.5.45 - 6.5.54).en\Book 6D (6.5.45 - 6.5.54).en.json","frontendoptimised2\downloads\Anguttara Nikaya by Bhante Hye Dhammavuddho Mahathera\Book 6D (6.5.45 - 6.5.54)\AN Book 6D (6.5.45 - 6.5.54).mp4","frontendoptimised2\downloads\Anguttara Nikaya by Bhante Hye Dhammavuddho Mahathera\Book 6D (6.5.45 - 6.5.54).en\AN Book 6D (6.5.45 - 6.5.54).en.srt","","5","COM EN MP4 SRT TXT","1786167774250"
"AN Book 6E (6.6.55 - 6.6.57)","","AN","Anguttara Nikaya","Book 6E (6.6.55 - 6.6.57)","RAW","85","True","True","False","False","False","False","True","True","False","True","False","","","","en","frontendoptimised2\downloads\Anguttara Nikaya by Bhante Hye Dhammavuddho Mahathera\Book 6E (6.6.55 - 6.6.57).en\Book 6E (6.6.55 - 6.6.57).en.json","frontendoptimised2\downloads\Anguttara Nikaya by Bhante Hye Dhammavuddho Mahathera\Book 6E (6.6.55 - 6.6.57)\AN Book 6E (6.6.55 - 6.6.57).mp4","frontendoptimised2\downloads\Anguttara Nikaya by Bhante Hye Dhammavuddho Mahathera\Book 6E (6.6.55 - 6.6.57).en\AN Book 6E (6.6.55 - 6.6.57).en.srt","","5","COM EN MP4 SRT TXT","1786167774282"
"AN Book 6F (6.6.59 - 6.6.62)","","AN","Anguttara Nikaya","Book 6F (6.6.59 - 6.6.62)","RAW","85","True","True","False","False","False","False","True","True","False","True","False","","","","en","frontendoptimised2\downloads\Anguttara Nikaya by Bhante Hye Dhammavuddho Mahathera\Book 6F (6.6.59 - 6.6.62).en\Book 6F (6.6.59 - 6.6.62).en.json","frontendoptimised2\downloads\Anguttara Nikaya by Bhante Hye Dhammavuddho Mahathera\Book 6F (6.6.59 - 6.6.62)\AN Book 6F (6.6.59 - 6.6.62).mp4","frontendoptimised2\downloads\Anguttara Nikaya by Bhante Hye Dhammavuddho Mahathera\Book 6F (6.6.59 - 6.6.62).en\AN Book 6F (6.6.59 - 6.6.62).en.srt","","5","COM EN MP4 SRT TXT","1786167774315"
"AN Book 6G (6.6.63 - 6.8.78)","","AN","Anguttara Nikaya","Book 6G (6.6.63 - 6.8.78)","RAW","85","True","True","False","False","False","False","True","True","False","True","False","","","","en","frontendoptimised2\downloads\Anguttara Nikaya by Bhante Hye Dhammavuddho Mahathera\Book 6G (6.6.63 - 6.8.78).en\Book 6G (6.6.63 - 6.8.78).en.json","frontendoptimised2\downloads\Anguttara Nikaya by Bhante Hye Dhammavuddho Mahathera\Book 6G (6.6.63 - 6.8.78)\AN Book 6G (6.6.63 - 6.8.78).mp4","frontendoptimised2\downloads\Anguttara Nikaya by Bhante Hye Dhammavuddho Mahathera\Book 6G (6.6.63 - 6.8.78).en\AN Book 6G (6.6.63 - 6.8.78).en.srt","","5","COM EN MP4 SRT TXT","1786167774346"
"AN Book 7A (7.1.4 - 7.4.39)","","AN","Anguttara Nikaya","Book 7A (7.1.4 - 7.4.39)","RAW","85","True","True","False","False","False","False","True","True","False","True","False","","","","en","frontendoptimised2\downloads\Anguttara Nikaya by Bhante Hye Dhammavuddho Mahathera\Book 7A (7.1.4 - 7.4.39).en\Book 7A (7.1.4 - 7.4.39).en.json","frontendoptimised2\downloads\Anguttara Nikaya by Bhante Hye Dhammavuddho Mahathera\Book 7A (7.1.4 - 7.4.39)\AN Book 7A (7.1.4 - 7.4.39).mp4","frontendoptimised2\downloads\Anguttara Nikaya by Bhante Hye Dhammavuddho Mahathera\Book 7A (7.1.4 - 7.4.39).en\AN Book 7A (7.1.4 - 7.4.39).en.srt","","5","COM EN MP4 SRT TXT","1786167774379"
"AN Book 7B (7.5.42 - 7.5.47)","","AN","Anguttara Nikaya","Book 7B (7.5.42 - 7.5.47)","RAW","85","True","True","False","False","False","False","True","True","False","True","False","","","","en","frontendoptimised2\downloads\Anguttara Nikaya by Bhante Hye Dhammavuddho Mahathera\Book 7B (7.5.42 - 7.5.47).en\Book 7B (7.5.42 - 7.5.47).en.json","frontendoptimised2\downloads\Anguttara Nikaya by Bhante Hye Dhammavuddho Mahathera\Book 7B (7.5.42 - 7.5.47)\AN Book 7B (7.5.42 - 7.5.47).mp4","frontendoptimised2\downloads\Anguttara Nikaya by Bhante Hye Dhammavuddho Mahathera\Book 7B (7.5.42 - 7.5.47).en\AN Book 7B (7.5.42 - 7.5.47).en.srt","","5","COM EN MP4 SRT TXT","1786167774394"
"AN Book 7C (7.5.49 - 7.6.52)","","AN","Anguttara Nikaya","Book 7C (7.5.49 - 7.6.52)","RAW","85","True","True","False","False","False","False","True","True","False","True","False","","","","en","frontendoptimised2\downloads\Anguttara Nikaya by Bhante Hye Dhammavuddho Mahathera\Book 7C (7.5.49 - 7.6.52).en\Book 7C (7.5.49 - 7.6.52).en.json","frontendoptimised2\downloads\Anguttara Nikaya by Bhante Hye Dhammavuddho Mahathera\Book 7C (7.5.49 - 7.6.52)\AN Book 7C (7.5.49 - 7.6.52).mp4","frontendoptimised2\downloads\Anguttara Nikaya by Bhante Hye Dhammavuddho Mahathera\Book 7C (7.5.49 - 7.6.52).en\AN Book 7C (7.5.49 - 7.6.52).en.srt","","5","COM EN MP4 SRT TXT","1786167774433"
"AN Book 7D (7.6.53 - 7.6.58)","","AN","Anguttara Nikaya","Book 7D (7.6.53 - 7.6.58)","RAW","85","True","True","False","False","False","False","True","True","False","True","False","","","","en","frontendoptimised2\downloads\Anguttara Nikaya by Bhante Hye Dhammavuddho Mahathera\Book 7D (7.6.53 - 7.6.58).en\Book 7D (7.6.53 - 7.6.58).en.json","frontendoptimised2\downloads\Anguttara Nikaya by Bhante Hye Dhammavuddho Mahathera\Book 7D (7.6.53 - 7.6.58)\AN Book 7D (7.6.53 - 7.6.58).mp4","frontendoptimised2\downloads\Anguttara Nikaya by Bhante Hye Dhammavuddho Mahathera\Book 7D (7.6.53 - 7.6.58).en\AN Book 7D (7.6.53 - 7.6.58).en.srt","","5","COM EN MP4 SRT TXT","1786167774458"
"AN Book 7E (7.6.59a - 7.7.62)","","AN","Anguttara Nikaya","Book 7E (7.6.59a - 7.7.62)","RAW","85","True","True","False","False","False","False","True","True","False","True","False","","","","en","frontendoptimised2\downloads\Anguttara Nikaya by Bhante Hye Dhammavuddho Mahathera\Book 7E (7.6.59a - 7.7.62).en\Book 7E (7.6.59a - 7.7.62).en.json","frontendoptimised2\downloads\Anguttara Nikaya by Bhante Hye Dhammavuddho Mahathera\Book 7E (7.6.59a - 7.7.62)\AN Book 7E (7.6.59a - 7.7.62).mp4","frontendoptimised2\downloads\Anguttara Nikaya by Bhante Hye Dhammavuddho Mahathera\Book 7E (7.6.59a - 7.7.62).en\AN Book 7E (7.6.59a - 7.7.62).en.srt","","5","COM EN MP4 SRT TXT","1786167774490"
"AN Book 7F (7.7.63 - 7.7.64)","","AN","Anguttara Nikaya","Book 7F (7.7.63 - 7.7.64)","RAW","85","True","True","False","False","False","False","True","True","False","True","False","","","","en","frontendoptimised2\downloads\Anguttara Nikaya by Bhante Hye Dhammavuddho Mahathera\Book 7F (7.7.63 - 7.7.64).en\Book 7F (7.7.63 - 7.7.64).en.json","frontendoptimised2\downloads\Anguttara Nikaya by Bhante Hye Dhammavuddho Mahathera\Book 7F (7.7.63 - 7.7.64)\AN Book 7F (7.7.63 - 7.7.64).mp4","frontendoptimised2\downloads\Anguttara Nikaya by Bhante Hye Dhammavuddho Mahathera\Book 7F (7.7.63 - 7.7.64).en\AN Book 7F (7.7.63 - 7.7.64).en.srt","","5","COM EN MP4 SRT TXT","1786167774522"
"AN Book 7G (7.7.65 - 7.7.67)","","AN","Anguttara Nikaya","Book 7G (7.7.65 - 7.7.67)","RAW","85","True","True","False","False","False","False","True","True","False","True","False","","","","en","frontendoptimised2\downloads\Anguttara Nikaya by Bhante Hye Dhammavuddho Mahathera\Book 7G (7.7.65 - 7.7.67).en\Book 7G (7.7.65 - 7.7.67).en.json","frontendoptimised2\downloads\Anguttara Nikaya by Bhante Hye Dhammavuddho Mahathera\Book 7G (7.7.65 - 7.7.67)\AN Book 7G (7.7.65 - 7.7.67).mp4","frontendoptimised2\downloads\Anguttara Nikaya by Bhante Hye Dhammavuddho Mahathera\Book 7G (7.7.65 - 7.7.67).en\AN Book 7G (7.7.65 - 7.7.67).en.srt","","5","COM EN MP4 SRT TXT","1786167774537"
"AN Book 7H (7.7.68 - 7.8.71) by Bhante Hye Dhammavuddho Mahathera","","AN","Anguttara Nikaya","Book 7H (7.7.68 - 7.8.71) by Bhante Hye Dhammavuddho Mahathera","RAW","85","True","True","False","False","False","False","True","True","False","True","False","","","","en","frontendoptimised2\downloads\Anguttara Nikaya by Bhante Hye Dhammavuddho Mahathera\Book 7H (7.7.68 - 7.8.71) by Bhante Hye Dhammavuddho Mahathera.en\Book 7H (7.7.68 - 7.8.71) by Bhante Hye Dhammavuddho Mahathera.en.json","frontendoptimised2\downloads\Anguttara Nikaya by Bhante Hye Dhammavuddho Mahathera\Book 7H (7.7.68 - 7.8.71) by Bhante Hye Dhammavuddho Mahathera\Anguttara Nikaya Book 7H (7.7.68 - 7.8.71) by Bhante Hye Dhammavuddho Mahathera.mp4","frontendoptimised2\downloads\Anguttara Nikaya by Bhante Hye Dhammavuddho Mahathera\Book 7H (7.7.68 - 7.8.71) by Bhante Hye Dhammavuddho Mahathera.en\Anguttara Nikaya Book 7H (7.7.68 - 7.8.71) by Bhante Hye Dhammavuddho Mahathera.en.srt","","5","COM EN MP4 SRT TXT","1786167774555"
"AN Book 8A (8.1.2 - 8.1.10)","","AN","Anguttara Nikaya","Book 8A (8.1.2 - 8.1.10)","RAW","85","True","True","False","False","False","False","True","True","False","True","False","","","","en","frontendoptimised2\downloads\Anguttara Nikaya by Bhante Hye Dhammavuddho Mahathera\Book 8A (8.1.2 - 8.1.10).en\Book 8A (8.1.2 - 8.1.10).en.json","frontendoptimised2\downloads\Anguttara Nikaya by Bhante Hye Dhammavuddho Mahathera\Book 8A (8.1.2 - 8.1.10)\AN Book 8A (8.1.2 - 8.1.10).mp4","frontendoptimised2\downloads\Anguttara Nikaya by Bhante Hye Dhammavuddho Mahathera\Book 8A (8.1.2 - 8.1.10).en\AN Book 8A (8.1.2 - 8.1.10).en.srt","","5","COM EN MP4 SRT TXT","1786167774606"
"AN Book 8B (8.2.11 - 8.2.12)","","AN","Anguttara Nikaya","Book 8B (8.2.11 - 8.2.12)","RAW","85","True","True","False","False","False","False","True","True","False","True","False","","","","en","frontendoptimised2\downloads\Anguttara Nikaya by Bhante Hye Dhammavuddho Mahathera\Book 8B (8.2.11 - 8.2.12).en\Book 8B (8.2.11 - 8.2.12).en.json","frontendoptimised2\downloads\Anguttara Nikaya by Bhante Hye Dhammavuddho Mahathera\Book 8B (8.2.11 - 8.2.12)\AN Book 8B (8.2.11 - 8.2.12).mp4","frontendoptimised2\downloads\Anguttara Nikaya by Bhante Hye Dhammavuddho Mahathera\Book 8B (8.2.11 - 8.2.12).en\AN Book 8B (8.2.11 - 8.2.12).en.srt","","5","COM EN MP4 SRT TXT","1786167774632"
"AN Book 8C (8.2.13 - 8.2.19)","","AN","Anguttara Nikaya","Book 8C (8.2.13 - 8.2.19)","RAW","85","True","True","False","False","False","False","True","True","False","True","False","","","","en","frontendoptimised2\downloads\Anguttara Nikaya by Bhante Hye Dhammavuddho Mahathera\Book 8C (8.2.13 - 8.2.19).en\Book 8C (8.2.13 - 8.2.19).en.json","frontendoptimised2\downloads\Anguttara Nikaya by Bhante Hye Dhammavuddho Mahathera\Book 8C (8.2.13 - 8.2.19)\AN Book 8C (8.2.13 - 8.2.19).mp4","frontendoptimised2\downloads\Anguttara Nikaya by Bhante Hye Dhammavuddho Mahathera\Book 8C (8.2.13 - 8.2.19).en\AN Book 8C (8.2.13 - 8.2.19).en.srt","","5","COM EN MP4 SRT TXT","1786167774654"
"AN Book 8D (8.2.20 - 8.3.25)","","AN","Anguttara Nikaya","Book 8D (8.2.20 - 8.3.25)","RAW","85","True","True","False","False","False","False","True","True","False","True","False","","","","en","frontendoptimised2\downloads\Anguttara Nikaya by Bhante Hye Dhammavuddho Mahathera\Book 8D (8.2.20 - 8.3.25).en\Book 8D (8.2.20 - 8.3.25).en.json","frontendoptimised2\downloads\Anguttara Nikaya by Bhante Hye Dhammavuddho Mahathera\Book 8D (8.2.20 - 8.3.25)\AN Book 8D (8.2.20 - 8.3.25).mp4","frontendoptimised2\downloads\Anguttara Nikaya by Bhante Hye Dhammavuddho Mahathera\Book 8D (8.2.20 - 8.3.25).en\AN Book 8D (8.2.20 - 8.3.25).en.srt","","5","COM EN MP4 SRT TXT","1786167774686"
"AN Book 8E (8.3.27 - 8.4.35)","","AN","Anguttara Nikaya","Book 8E (8.3.27 - 8.4.35)","RAW","85","True","True","False","False","False","False","True","True","False","True","False","","","","en","frontendoptimised2\downloads\Anguttara Nikaya by Bhante Hye Dhammavuddho Mahathera\Book 8E (8.3.27 - 8.4.35).en\Book 8E (8.3.27 - 8.4.35).en.json","frontendoptimised2\downloads\Anguttara Nikaya by Bhante Hye Dhammavuddho Mahathera\Book 8E (8.3.27 - 8.4.35)\AN Book 8E (8.3.27 - 8.4.35).mp4","frontendoptimised2\downloads\Anguttara Nikaya by Bhante Hye Dhammavuddho Mahathera\Book 8E (8.3.27 - 8.4.35).en\AN Book 8E (8.3.27 - 8.4.35).en.srt","","5","COM EN MP4 SRT TXT","1786167774717"
"AN Book 8F (8.4.36 - 8.5.49)","","AN","Anguttara Nikaya","Book 8F (8.4.36 - 8.5.49)","RAW","85","True","True","False","False","False","False","True","True","False","True","False","","","","en","frontendoptimised2\downloads\Anguttara Nikaya by Bhante Hye Dhammavuddho Mahathera\Book 8F (8.4.36 - 8.5.49).en\Book 8F (8.4.36 - 8.5.49).en.json","frontendoptimised2\downloads\Anguttara Nikaya by Bhante Hye Dhammavuddho Mahathera\Book 8F (8.4.36 - 8.5.49)\AN Book 8F (8.4.36 - 8.5.49).mp4","frontendoptimised2\downloads\Anguttara Nikaya by Bhante Hye Dhammavuddho Mahathera\Book 8F (8.4.36 - 8.5.49).en\AN Book 8F (8.4.36 - 8.5.49).en.srt","","5","COM EN MP4 SRT TXT","1786167774733"
"AN Book 8G (8.6.51 - 8.6.58)","","AN","Anguttara Nikaya","Book 8G (8.6.51 - 8.6.58)","RAW","85","True","True","False","False","False","False","True","True","False","True","False","","","","en","frontendoptimised2\downloads\Anguttara Nikaya by Bhante Hye Dhammavuddho Mahathera\Book 8G (8.6.51 - 8.6.58).en\Book 8G (8.6.51 - 8.6.58).en.json","frontendoptimised2\downloads\Anguttara Nikaya by Bhante Hye Dhammavuddho Mahathera\Book 8G (8.6.51 - 8.6.58)\AN Book 8G (8.6.51 - 8.6.58).mp4","frontendoptimised2\downloads\Anguttara Nikaya by Bhante Hye Dhammavuddho Mahathera\Book 8G (8.6.51 - 8.6.58).en\AN Book 8G (8.6.51 - 8.6.58).en.srt","","5","COM EN MP4 SRT TXT","1786167774774"
"AN Book 8H (8.6.59 - 8.8.74)","","AN","Anguttara Nikaya","Book 8H (8.6.59 - 8.8.74)","RAW","85","True","True","False","False","False","False","True","True","False","True","False","","","","en","frontendoptimised2\downloads\Anguttara Nikaya by Bhante Hye Dhammavuddho Mahathera\Book 8H (8.6.59 - 8.8.74).en\Book 8H (8.6.59 - 8.8.74).en.json","frontendoptimised2\downloads\Anguttara Nikaya by Bhante Hye Dhammavuddho Mahathera\Book 8H (8.6.59 - 8.8.74)\AN Book 8H (8.6.59 - 8.8.74).mp4","frontendoptimised2\downloads\Anguttara Nikaya by Bhante Hye Dhammavuddho Mahathera\Book 8H (8.6.59 - 8.8.74).en\AN Book 8H (8.6.59 - 8.8.74).en.srt","","5","COM EN MP4 SRT TXT","1786167774811"
"AN Book 8I (8.8.79 - 8.9.88)","","AN","Anguttara Nikaya","Book 8I (8.8.79 - 8.9.88)","RAW","85","True","True","False","False","False","False","True","True","False","True","False","","","","en","frontendoptimised2\downloads\Anguttara Nikaya by Bhante Hye Dhammavuddho Mahathera\Book 8I (8.8.79 - 8.9.88).en\Book 8I (8.8.79 - 8.9.88).en.json","frontendoptimised2\downloads\Anguttara Nikaya by Bhante Hye Dhammavuddho Mahathera\Book 8I (8.8.79 - 8.9.88)\AN Book 8I (8.8.79 - 8.9.88).mp4","frontendoptimised2\downloads\Anguttara Nikaya by Bhante Hye Dhammavuddho Mahathera\Book 8I (8.8.79 - 8.9.88).en\AN Book 8I (8.8.79 - 8.9.88).en.srt","","5","COM EN MP4 SRT TXT","1786167774828"
"AN Book 9A (9.1.3 - 9.1.5)","","AN","Anguttara Nikaya","Book 9A (9.1.3 - 9.1.5)","RAW","85","True","True","False","False","False","False","True","True","False","True","False","","","","en","frontendoptimised2\downloads\Anguttara Nikaya by Bhante Hye Dhammavuddho Mahathera\Book 9A (9.1.3 - 9.1.5).en\Book 9A (9.1.3 - 9.1.5).en.json","frontendoptimised2\downloads\Anguttara Nikaya by Bhante Hye Dhammavuddho Mahathera\Book 9A (9.1.3 - 9.1.5)\AN Book 9A (9.1.3 - 9.1.5).mp4","frontendoptimised2\downloads\Anguttara Nikaya by Bhante Hye Dhammavuddho Mahathera\Book 9A (9.1.3 - 9.1.5).en\AN Book 9A (9.1.3 - 9.1.5).en.srt","","5","COM EN MP4 SRT TXT","1786167774859"
"AN Book 9B (9.1.7 - 9.2.12)","","AN","Anguttara Nikaya","Book 9B (9.1.7 - 9.2.12)","RAW","85","True","True","False","False","False","False","True","True","False","True","False","","","","en","frontendoptimised2\downloads\Anguttara Nikaya by Bhante Hye Dhammavuddho Mahathera\Book 9B (9.1.7 - 9.2.12).en\Book 9B (9.1.7 - 9.2.12).en.json","frontendoptimised2\downloads\Anguttara Nikaya by Bhante Hye Dhammavuddho Mahathera\Book 9B (9.1.7 - 9.2.12)\AN Book 9B (9.1.7 - 9.2.12).mp4","frontendoptimised2\downloads\Anguttara Nikaya by Bhante Hye Dhammavuddho Mahathera\Book 9B (9.1.7 - 9.2.12).en\AN Book 9B (9.1.7 - 9.2.12).en.srt","","5","COM EN MP4 SRT TXT","1786167774894"
"AN Book 9C (9.2.14 - 9.2.20)","","AN","Anguttara Nikaya","Book 9C (9.2.14 - 9.2.20)","RAW","85","True","True","False","False","False","False","True","True","False","True","False","","","","en","frontendoptimised2\downloads\Anguttara Nikaya by Bhante Hye Dhammavuddho Mahathera\Book 9C (9.2.14 - 9.2.20).en\Book 9C (9.2.14 - 9.2.20).en.json","frontendoptimised2\downloads\Anguttara Nikaya by Bhante Hye Dhammavuddho Mahathera\Book 9C (9.2.14 - 9.2.20)\AN Book 9C (9.2.14 - 9.2.20).mp4","frontendoptimised2\downloads\Anguttara Nikaya by Bhante Hye Dhammavuddho Mahathera\Book 9C (9.2.14 - 9.2.20).en\AN Book 9C (9.2.14 - 9.2.20).en.srt","","5","COM EN MP4 SRT TXT","1786167774920"
"AN Book 9D (9.2.21 - 9.4.34)","","AN","Anguttara Nikaya","Book 9D (9.2.21 - 9.4.34)","RAW","85","True","True","False","False","False","False","True","True","False","True","False","","","","en","frontendoptimised2\downloads\Anguttara Nikaya by Bhante Hye Dhammavuddho Mahathera\Book 9D (9.2.21 - 9.4.34).en\Book 9D (9.2.21 - 9.4.34).en.json","frontendoptimised2\downloads\Anguttara Nikaya by Bhante Hye Dhammavuddho Mahathera\Book 9D (9.2.21 - 9.4.34)\AN Book 9D (9.2.21 - 9.4.34).mp4","frontendoptimised2\downloads\Anguttara Nikaya by Bhante Hye Dhammavuddho Mahathera\Book 9D (9.2.21 - 9.4.34).en\AN Book 9D (9.2.21 - 9.4.34).en.srt","","5","COM EN MP4 SRT TXT","1786167774945"
"AN Book 9E (9.4.35 - 9.4.37)","","AN","Anguttara Nikaya","Book 9E (9.4.35 - 9.4.37)","RAW","85","True","True","False","False","False","False","True","True","False","True","False","","","","en","frontendoptimised2\downloads\Anguttara Nikaya by Bhante Hye Dhammavuddho Mahathera\Book 9E (9.4.35 - 9.4.37).en\Book 9E (9.4.35 - 9.4.37).en.json","frontendoptimised2\downloads\Anguttara Nikaya by Bhante Hye Dhammavuddho Mahathera\Book 9E (9.4.35 - 9.4.37)\AN Book 9E (9.4.35 - 9.4.37).mp4","frontendoptimised2\downloads\Anguttara Nikaya by Bhante Hye Dhammavuddho Mahathera\Book 9E (9.4.35 - 9.4.37).en\AN Book 9E (9.4.35 - 9.4.37).en.srt","","5","COM EN MP4 SRT TXT","1786167774983"
"AN Book 9F (9.4.38 - 9.4.39b)","","AN","Anguttara Nikaya","Book 9F (9.4.38 - 9.4.39b)","RAW","85","True","True","False","False","False","False","True","True","False","True","False","","","","en","frontendoptimised2\downloads\Anguttara Nikaya by Bhante Hye Dhammavuddho Mahathera\Book 9F (9.4.38 - 9.4.39b).en\Book 9F (9.4.38 - 9.4.39b).en.json","frontendoptimised2\downloads\Anguttara Nikaya by Bhante Hye Dhammavuddho Mahathera\Book 9F (9.4.38 - 9.4.39b)\AN Book 9F (9.4.38 - 9.4.39b).mp4","frontendoptimised2\downloads\Anguttara Nikaya by Bhante Hye Dhammavuddho Mahathera\Book 9F (9.4.38 - 9.4.39b).en\AN Book 9F (9.4.38 - 9.4.39b).en.srt","","5","COM EN MP4 SRT TXT","1786167775009"
"AN Book 9G (9.4.40 - 9.4.44)","","AN","Anguttara Nikaya","Book 9G (9.4.40 - 9.4.44)","RAW","85","True","True","False","False","False","False","True","True","False","True","False","","","","en","frontendoptimised2\downloads\Anguttara Nikaya by Bhante Hye Dhammavuddho Mahathera\Book 9G (9.4.40 - 9.4.44).en\Book 9G (9.4.40 - 9.4.44).en.json","frontendoptimised2\downloads\Anguttara Nikaya by Bhante Hye Dhammavuddho Mahathera\Book 9G (9.4.40 - 9.4.44)\AN Book 9G (9.4.40 - 9.4.44).mp4","frontendoptimised2\downloads\Anguttara Nikaya by Bhante Hye Dhammavuddho Mahathera\Book 9G (9.4.40 - 9.4.44).en\AN Book 9G (9.4.40 - 9.4.44).en.srt","","5","COM EN MP4 SRT TXT","1786167775025"
"AN Book 10A (10.1 - 10.8)","","AN","Anguttara Nikaya","Book 10A (10.1 - 10.8)","RAW","85","True","True","False","False","False","False","True","True","False","True","False","","","","en","frontendoptimised2\downloads\Anguttara Nikaya by Bhante Hye Dhammavuddho Mahathera\Book 10A (10.1 - 10.8).en\Book 10A (10.1 - 10.8).en.json","frontendoptimised2\downloads\Anguttara Nikaya by Bhante Hye Dhammavuddho Mahathera\Book 10A (10.1 - 10.8)\AN Book 10A (10.1 - 10.8).mp4","frontendoptimised2\downloads\Anguttara Nikaya by Bhante Hye Dhammavuddho Mahathera\Book 10A (10.1 - 10.8).en\AN Book 10A (10.1 - 10.8).en.srt","","5","COM EN MP4 SRT TXT","1786167772301"
"AN Book 10B (10.11 - 10.13)","","AN","Anguttara Nikaya","Book 10B (10.11 - 10.13)","RAW","85","True","True","False","False","False","False","True","True","False","True","False","","","","en","frontendoptimised2\downloads\Anguttara Nikaya by Bhante Hye Dhammavuddho Mahathera\Book 10B (10.11 - 10.13).en\Book 10B (10.11 - 10.13).en.json","frontendoptimised2\downloads\Anguttara Nikaya by Bhante Hye Dhammavuddho Mahathera\Book 10B (10.11 - 10.13)\AN Book 10B (10.11 - 10.13).mp4","frontendoptimised2\downloads\Anguttara Nikaya by Bhante Hye Dhammavuddho Mahathera\Book 10B (10.11 - 10.13).en\AN Book 10B (10.11 - 10.13).en.srt","","5","COM EN MP4 SRT TXT","1786167772332"
"AN Book 10C (10.14 - 10.17)","","AN","Anguttara Nikaya","Book 10C (10.14 - 10.17)","RAW","85","True","True","False","False","False","False","True","True","False","True","False","","","","en","frontendoptimised2\downloads\Anguttara Nikaya by Bhante Hye Dhammavuddho Mahathera\Book 10C (10.14 - 10.17).en\Book 10C (10.14 - 10.17).en.json","frontendoptimised2\downloads\Anguttara Nikaya by Bhante Hye Dhammavuddho Mahathera\Book 10C (10.14 - 10.17)\AN Book 10C (10.14 - 10.17).mp4","frontendoptimised2\downloads\Anguttara Nikaya by Bhante Hye Dhammavuddho Mahathera\Book 10C (10.14 - 10.17).en\AN Book 10C (10.14 - 10.17).en.srt","","5","COM EN MP4 SRT TXT","1786167772359"
"AN Book 10D (10.20 - 10.27)","","AN","Anguttara Nikaya","Book 10D (10.20 - 10.27)","RAW","85","True","True","False","False","False","False","True","True","False","True","False","","","","en","frontendoptimised2\downloads\Anguttara Nikaya by Bhante Hye Dhammavuddho Mahathera\Book 10D (10.20 - 10.27).en\Book 10D (10.20 - 10.27).en.json","frontendoptimised2\downloads\Anguttara Nikaya by Bhante Hye Dhammavuddho Mahathera\Book 10D (10.20 - 10.27)\AN Book 10D (10.20 - 10.27).mp4","frontendoptimised2\downloads\Anguttara Nikaya by Bhante Hye Dhammavuddho Mahathera\Book 10D (10.20 - 10.27).en\AN Book 10D (10.20 - 10.27).en.srt","","5","COM EN MP4 SRT TXT","1786167772392"
"AN Book 10E (10.29)","","AN","Anguttara Nikaya","Book 10E (10.29)","RAW","85","True","True","False","False","False","False","True","True","False","True","False","","","","en","frontendoptimised2\downloads\Anguttara Nikaya by Bhante Hye Dhammavuddho Mahathera\Book 10E (10.29).en\Book 10E (10.29).en.json","frontendoptimised2\downloads\Anguttara Nikaya by Bhante Hye Dhammavuddho Mahathera\Book 10E (10.29)\AN Book 10E (10.29).mp4","frontendoptimised2\downloads\Anguttara Nikaya by Bhante Hye Dhammavuddho Mahathera\Book 10E (10.29).en\AN Book 10E (10.29).en.srt","","5","COM EN MP4 SRT TXT","1786167772443"
"AN Book 10F (10.30 - 10.44)","","AN","Anguttara Nikaya","Book 10F (10.30 - 10.44)","RAW","85","True","True","False","False","False","False","True","True","False","True","False","","","","en","frontendoptimised2\downloads\Anguttara Nikaya by Bhante Hye Dhammavuddho Mahathera\Book 10F (10.30 - 10.44).en\Book 10F (10.30 - 10.44).en.json","frontendoptimised2\downloads\Anguttara Nikaya by Bhante Hye Dhammavuddho Mahathera\Book 10F (10.30 - 10.44)\AN Book 10F (10.30 - 10.44).mp4","frontendoptimised2\downloads\Anguttara Nikaya by Bhante Hye Dhammavuddho Mahathera\Book 10F (10.30 - 10.44).en\AN Book 10F (10.30 - 10.44).en.srt","","5","COM EN MP4 SRT TXT","1786167772479"
"AN Book 10G (10.46 - 10.50)","","AN","Anguttara Nikaya","Book 10G (10.46 - 10.50)","RAW","85","True","True","False","False","False","False","True","True","False","True","False","","","","en","frontendoptimised2\downloads\Anguttara Nikaya by Bhante Hye Dhammavuddho Mahathera\Book 10G (10.46 - 10.50).en\Book 10G (10.46 - 10.50).en.json","frontendoptimised2\downloads\Anguttara Nikaya by Bhante Hye Dhammavuddho Mahathera\Book 10G (10.46 - 10.50)\AN Book 10G (10.46 - 10.50).mp4","frontendoptimised2\downloads\Anguttara Nikaya by Bhante Hye Dhammavuddho Mahathera\Book 10G (10.46 - 10.50).en\AN Book 10G (10.46 - 10.50).en.srt","","5","COM EN MP4 SRT TXT","1786167772518"
"AN Book 10H (10.51 - 10.61)","","AN","Anguttara Nikaya","Book 10H (10.51 - 10.61)","RAW","85","True","True","False","False","False","False","True","True","False","True","False","","","","en","frontendoptimised2\downloads\Anguttara Nikaya by Bhante Hye Dhammavuddho Mahathera\Book 10H (10.51 - 10.61).en\Book 10H (10.51 - 10.61).en.json","frontendoptimised2\downloads\Anguttara Nikaya by Bhante Hye Dhammavuddho Mahathera\Book 10H (10.51 - 10.61)\AN Book 10H (10.51 - 10.61).mp4","frontendoptimised2\downloads\Anguttara Nikaya by Bhante Hye Dhammavuddho Mahathera\Book 10H (10.51 - 10.61).en\AN Book 10H (10.51 - 10.61).en.srt","","5","COM EN MP4 SRT TXT","1786167772555"
"AN Book 10I (10.63 - 10.72)","","AN","Anguttara Nikaya","Book 10I (10.63 - 10.72)","RAW","85","True","True","False","False","False","False","True","True","False","True","False","","","","en","frontendoptimised2\downloads\Anguttara Nikaya by Bhante Hye Dhammavuddho Mahathera\Book 10I (10.63 - 10.72).en\Book 10I (10.63 - 10.72).en.json","frontendoptimised2\downloads\Anguttara Nikaya by Bhante Hye Dhammavuddho Mahathera\Book 10I (10.63 - 10.72)\AN Book 10I (10.63 - 10.72).mp4","frontendoptimised2\downloads\Anguttara Nikaya by Bhante Hye Dhammavuddho Mahathera\Book 10I (10.63 - 10.72).en\AN Book 10I (10.63 - 10.72).en.srt","","5","COM EN MP4 SRT TXT","1786167772588"
"AN Book 10J (10.73 - 10.99)","","AN","Anguttara Nikaya","Book 10J (10.73 - 10.99)","RAW","85","True","True","False","False","False","False","True","True","False","True","False","","","","en","frontendoptimised2\downloads\Anguttara Nikaya by Bhante Hye Dhammavuddho Mahathera\Book 10J (10.73 - 10.99).en\Book 10J (10.73 - 10.99).en.json","frontendoptimised2\downloads\Anguttara Nikaya by Bhante Hye Dhammavuddho Mahathera\Book 10J (10.73 - 10.99)\AN Book 10J (10.73 - 10.99).mp4","frontendoptimised2\downloads\Anguttara Nikaya by Bhante Hye Dhammavuddho Mahathera\Book 10J (10.73 - 10.99).en\AN Book 10J (10.73 - 10.99).en.srt","","5","COM EN MP4 SRT TXT","1786167772621"
"AN Book 10K (10.177 - 10.213)","","AN","Anguttara Nikaya","Book 10K (10.177 - 10.213)","RAW","85","True","True","False","False","False","False","True","True","False","True","False","","","","en","frontendoptimised2\downloads\Anguttara Nikaya by Bhante Hye Dhammavuddho Mahathera\Book 10K (10.177 - 10.213).en\Book 10K (10.177 - 10.213).en.json","frontendoptimised2\downloads\Anguttara Nikaya by Bhante Hye Dhammavuddho Mahathera\Book 10K (10.177 - 10.213)\AN Book 10K (10.177 - 10.213).mp4","frontendoptimised2\downloads\Anguttara Nikaya by Bhante Hye Dhammavuddho Mahathera\Book 10K (10.177 - 10.213).en\AN Book 10K (10.177 - 10.213).en.srt","","5","COM EN MP4 SRT TXT","1786167772658"
"AN Book 11 (11.6 - 11.16)","","AN","Anguttara Nikaya","Book 11 (11.6 - 11.16)","RAW","85","True","True","False","False","False","False","True","True","False","True","False","","","","en","frontendoptimised2\downloads\Anguttara Nikaya by Bhante Hye Dhammavuddho Mahathera\Book 11 (11.6 - 11.16).en\Book 11 (11.6 - 11.16).en.json","frontendoptimised2\downloads\Anguttara Nikaya by Bhante Hye Dhammavuddho Mahathera\Book 11 (11.6 - 11.16)\AN Book 11 (11.6 - 11.16).mp4","frontendoptimised2\downloads\Anguttara Nikaya by Bhante Hye Dhammavuddho Mahathera\Book 11 (11.6 - 11.16).en\AN Book 11 (11.6 - 11.16).en.srt","","5","COM EN MP4 SRT TXT","1786167772688"
"MN 1","The Root of All Things","MN","Majjhima Nikaya","1","COMPLETE","100","True","True","True","True","True","False","True","True","True","False","False","","","https://suttacentral.net/mn1?view=normal&lang=en","Count IsFixedSize IsReadOnly IsSynchronized Length LongLength Rank SyncRoot","Majjhima Nikaya by Bhante Hye Dhammavuddho Mahathera\1\1.json","Majjhima Nikaya by Bhante Hye Dhammavuddho Mahathera\1\1.mp4","Majjhima Nikaya by Bhante Hye Dhammavuddho Mahathera\1\1.en.srt","Majjhima Nikaya by Bhante Hye Dhammavuddho Mahathera\1\metrics.json","17","COM COUNT ISFIXEDSIZE ISREADONLY ISSYNCHRONIZED KG LENGTH LONGLENGTH MET MP4 QZ RANK SC SRT SYNCROOT TRN TXT","1786962878173"
"MN 2","MN 2","MN","Majjhima Nikaya","2","RAW","60","False","False","False","False","False","False","False","False","False","False","False","","","https://suttacentral.net/mn2","Count IsFixedSize IsReadOnly IsSynchronized Length LongLength Rank SyncRoot","Majjhima Nikaya by Bhante Hye Dhammavuddho Mahathera\2\2.json","","","","9","COUNT ISFIXEDSIZE ISREADONLY ISSYNCHRONIZED LENGTH LONGLENGTH RANK SC SYNCROOT","1786962940367"
"MN 3","Dhammadayada Sutta: Heirs in the Dhamma","MN","Majjhima Nikaya","3","COMPLETE","100","True","True","True","True","True","False","True","True","False","False","False","","","https://suttacentral.net/mn3","Count IsFixedSize IsReadOnly IsSynchronized Length LongLength Rank SyncRoot","Majjhima Nikaya by Bhante Hye Dhammavuddho Mahathera\3\3.json","Majjhima Nikaya by Bhante Hye Dhammavuddho Mahathera\3\3.mp4","Majjhima Nikaya by Bhante Hye Dhammavuddho Mahathera\3\3.en.srt","","16","COM COUNT ISFIXEDSIZE ISREADONLY ISSYNCHRONIZED KG LENGTH LONGLENGTH MP4 QZ RANK SC SRT SYNCROOT TRN TXT","1786962940387"
"MN 4","Bhaya-bherava Sutta — Fear and Dread","MN","Majjhima Nikaya","4","COMPLETE","100","True","True","True","True","True","False","True","True","False","False","False","","","https://suttacentral.net/mn4","Count IsFixedSize IsReadOnly IsSynchronized Length LongLength Rank SyncRoot","Majjhima Nikaya by Bhante Hye Dhammavuddho Mahathera\4\4.json","Majjhima Nikaya by Bhante Hye Dhammavuddho Mahathera\4\4.mp4","Majjhima Nikaya by Bhante Hye Dhammavuddho Mahathera\4\4.en.srt","","16","COM COUNT ISFIXEDSIZE ISREADONLY ISSYNCHRONIZED KG LENGTH LONGLENGTH MP4 QZ RANK SC SRT SYNCROOT TRN TXT","1786962940512"
"MN 5","MN 5","MN","Majjhima Nikaya","5","RAW","85","False","False","True","False","False","False","True","True","False","False","False","","","https://suttacentral.net/mn5","Count IsFixedSize IsReadOnly IsSynchronized Length LongLength Rank SyncRoot","Majjhima Nikaya by Bhante Hye Dhammavuddho Mahathera\5\5.json","Majjhima Nikaya by Bhante Hye Dhammavuddho Mahathera\5\5.mp4","Majjhima Nikaya by Bhante Hye Dhammavuddho Mahathera\5\5.en.srt","","12","COUNT ISFIXEDSIZE ISREADONLY ISSYNCHRONIZED LENGTH LONGLENGTH MP4 RANK SC SRT SYNCROOT TRN","1786962940580"
"MN 5.1.1","Anumāna Sutta","MN","Majjhima Nikaya","5_1_1","RAW","60","True","True","True","True","True","False","False","False","False","False","False","","","https://suttacentral.net/mn15","Count IsFixedSize IsReadOnly IsSynchronized Length LongLength Rank SyncRoot","frontendoptimised2\downloads\Majjhima Nikaya by Bhante Hye Dhammavuddho Mahathera\5_1_1\5_1_1.json","","","","14","COM COUNT ISFIXEDSIZE ISREADONLY ISSYNCHRONIZED KG LENGTH LONGLENGTH QZ RANK SC SYNCROOT TRN TXT","1786962878186"
"MN 6","MN 6","MN","Majjhima Nikaya","6","RAW","85","False","False","True","False","False","False","True","True","False","False","False","","","https://suttacentral.net/mn6","Count IsFixedSize IsReadOnly IsSynchronized Length LongLength Rank SyncRoot","Majjhima Nikaya by Bhante Hye Dhammavuddho Mahathera\6\6.json","Majjhima Nikaya by Bhante Hye Dhammavuddho Mahathera\6\6.mp4","Majjhima Nikaya by Bhante Hye Dhammavuddho Mahathera\6\6.en.srt","","12","COUNT ISFIXEDSIZE ISREADONLY ISSYNCHRONIZED LENGTH LONGLENGTH MP4 RANK SC SRT SYNCROOT TRN","1786962940612"
"MN 7","MN 7","MN","Majjhima Nikaya","7","RAW","85","False","False","True","False","False","False","True","True","False","False","False","","","https://suttacentral.net/mn7","Count IsFixedSize IsReadOnly IsSynchronized Length LongLength Rank SyncRoot","Majjhima Nikaya by Bhante Hye Dhammavuddho Mahathera\7\7.json","Majjhima Nikaya by Bhante Hye Dhammavuddho Mahathera\7\7.mp4","Majjhima Nikaya by Bhante Hye Dhammavuddho Mahathera\7\7.en.srt","","12","COUNT ISFIXEDSIZE ISREADONLY ISSYNCHRONIZED LENGTH LONGLENGTH MP4 RANK SC SRT SYNCROOT TRN","1786962940638"
"MN 8","MN 8","MN","Majjhima Nikaya","8","RAW","60","False","False","False","False","False","False","False","False","False","False","False","","","https://suttacentral.net/mn8","Count IsFixedSize IsReadOnly IsSynchronized Length LongLength Rank SyncRoot","Majjhima Nikaya by Bhante Hye Dhammavuddho Mahathera\8\8.json","","","","9","COUNT ISFIXEDSIZE ISREADONLY ISSYNCHRONIZED LENGTH LONGLENGTH RANK SC SYNCROOT","1786962940656"
"MN 9","MN 9","MN","Majjhima Nikaya","9","RAW","60","False","False","False","False","False","False","False","False","False","False","False","","","https://suttacentral.net/mn9","Count IsFixedSize IsReadOnly IsSynchronized Length LongLength Rank SyncRoot","Majjhima Nikaya by Bhante Hye Dhammavuddho Mahathera\9\9.json","","","","9","COUNT ISFIXEDSIZE ISREADONLY ISSYNCHRONIZED LENGTH LONGLENGTH RANK SC SYNCROOT","1786962940670"
"MN 10","Cetana Sutta","MN","Majjhima Nikaya","10","RAW","60","False","False","False","False","False","False","False","False","False","False","False","","","https://suttacentral.net/mn10","Count IsFixedSize IsReadOnly IsSynchronized Length LongLength Rank SyncRoot","Majjhima Nikaya by Bhante Hye Dhammavuddho Mahathera\10\10.json","","","","9","COUNT ISFIXEDSIZE ISREADONLY ISSYNCHRONIZED LENGTH LONGLENGTH RANK SC SYNCROOT","1786962940683"
"MN 11","MN 11","MN","Majjhima Nikaya","11","RAW","60","False","False","False","False","False","False","False","False","False","False","False","","","https://suttacentral.net/mn11","Count IsFixedSize IsReadOnly IsSynchronized Length LongLength Rank SyncRoot","Majjhima Nikaya by Bhante Hye Dhammavuddho Mahathera\11\11.json","","","","9","COUNT ISFIXEDSIZE ISREADONLY ISSYNCHRONIZED LENGTH LONGLENGTH RANK SC SYNCROOT","1786962940696"
"MN 12","MN 12","MN","Majjhima Nikaya","12","RAW","60","False","False","False","False","False","False","False","False","False","False","False","","","https://suttacentral.net/mn12","Count IsFixedSize IsReadOnly IsSynchronized Length LongLength Rank SyncRoot","Majjhima Nikaya by Bhante Hye Dhammavuddho Mahathera\12\12.json","","","","9","COUNT ISFIXEDSIZE ISREADONLY ISSYNCHRONIZED LENGTH LONGLENGTH RANK SC SYNCROOT","1786962940708"
"MN 13","MN 13","MN","Majjhima Nikaya","13","RAW","85","False","False","True","False","False","False","True","True","False","False","False","","","https://suttacentral.net/mn13","Count IsFixedSize IsReadOnly IsSynchronized Length LongLength Rank SyncRoot","Majjhima Nikaya by Bhante Hye Dhammavuddho Mahathera\13\13.json","Majjhima Nikaya by Bhante Hye Dhammavuddho Mahathera\13\13.mp4","Majjhima Nikaya by Bhante Hye Dhammavuddho Mahathera\13\13.en.srt","","12","COUNT ISFIXEDSIZE ISREADONLY ISSYNCHRONIZED LENGTH LONGLENGTH MP4 RANK SC SRT SYNCROOT TRN","1786962940725"
"MN 14","MN 14","MN","Majjhima Nikaya","14","RAW","85","False","False","True","False","False","False","True","True","False","False","False","","","https://suttacentral.net/mn14","Count IsFixedSize IsReadOnly IsSynchronized Length LongLength Rank SyncRoot","Majjhima Nikaya by Bhante Hye Dhammavuddho Mahathera\14\14.json","Majjhima Nikaya by Bhante Hye Dhammavuddho Mahathera\14\14.mp4","Majjhima Nikaya by Bhante Hye Dhammavuddho Mahathera\14\14.en.srt","","12","COUNT ISFIXEDSIZE ISREADONLY ISSYNCHRONIZED LENGTH LONGLENGTH MP4 RANK SC SRT SYNCROOT TRN","1786962940749"
"MN 15","MN 15","MN","Majjhima Nikaya","15","RAW","60","False","False","False","False","False","False","False","False","False","False","False","","","https://suttacentral.net/mn15","Count IsFixedSize IsReadOnly IsSynchronized Length LongLength Rank SyncRoot","Majjhima Nikaya by Bhante Hye Dhammavuddho Mahathera\15\15.json","","","","9","COUNT ISFIXEDSIZE ISREADONLY ISSYNCHRONIZED LENGTH LONGLENGTH RANK SC SYNCROOT","1786962940765"
"MN 16","MN 16","MN","Majjhima Nikaya","16","RAW","60","False","False","False","False","False","False","False","False","False","False","False","","","https://suttacentral.net/mn16","Count IsFixedSize IsReadOnly IsSynchronized Length LongLength Rank SyncRoot","Majjhima Nikaya by Bhante Hye Dhammavuddho Mahathera\16\16.json","","","","9","COUNT ISFIXEDSIZE ISREADONLY ISSYNCHRONIZED LENGTH LONGLENGTH RANK SC SYNCROOT","1786962940775"
"MN 17","MN 17","MN","Majjhima Nikaya","17","RAW","60","False","False","False","False","False","False","False","False","False","False","False","","","https://suttacentral.net/mn17","Count IsFixedSize IsReadOnly IsSynchronized Length LongLength Rank SyncRoot","Majjhima Nikaya by Bhante Hye Dhammavuddho Mahathera\17\17.json","","","","9","COUNT ISFIXEDSIZE ISREADONLY ISSYNCHRONIZED LENGTH LONGLENGTH RANK SC SYNCROOT","1786962940788"
"MN 18","MN 18","MN","Majjhima Nikaya","18","RAW","60","False","False","False","False","False","False","False","False","False","False","False","","","https://suttacentral.net/mn18","Count IsFixedSize IsReadOnly IsSynchronized Length LongLength Rank SyncRoot","Majjhima Nikaya by Bhante Hye Dhammavuddho Mahathera\18\18.json","","","","9","COUNT ISFIXEDSIZE ISREADONLY ISSYNCHRONIZED LENGTH LONGLENGTH RANK SC SYNCROOT","1786962940802"
"MN 19","MN 19","MN","Majjhima Nikaya","19","RAW","85","False","False","True","False","False","False","True","True","False","False","False","","","https://suttacentral.net/mn19","Count IsFixedSize IsReadOnly IsSynchronized Length LongLength Rank SyncRoot","Majjhima Nikaya by Bhante Hye Dhammavuddho Mahathera\19\19.json","Majjhima Nikaya by Bhante Hye Dhammavuddho Mahathera\19\19.mp4","Majjhima Nikaya by Bhante Hye Dhammavuddho Mahathera\19\19.en.srt","","12","COUNT ISFIXEDSIZE ISREADONLY ISSYNCHRONIZED LENGTH LONGLENGTH MP4 RANK SC SRT SYNCROOT TRN","1786962940820"
"MN 20","MN 20","MN","Majjhima Nikaya","20","RAW","85","False","False","True","False","False","False","True","True","False","False","False","","","https://suttacentral.net/mn20","Count IsFixedSize IsReadOnly IsSynchronized Length LongLength Rank SyncRoot","Majjhima Nikaya by Bhante Hye Dhammavuddho Mahathera\20\20.json","Majjhima Nikaya by Bhante Hye Dhammavuddho Mahathera\20\20.mp4","Majjhima Nikaya by Bhante Hye Dhammavuddho Mahathera\20\20.en.srt","","12","COUNT ISFIXEDSIZE ISREADONLY ISSYNCHRONIZED LENGTH LONGLENGTH MP4 RANK SC SRT SYNCROOT TRN","1786962940842"
"MN 21","MN 21","MN","Majjhima Nikaya","21","RAW","85","False","False","True","False","False","False","True","True","False","False","False","","","https://suttacentral.net/mn21","Count IsFixedSize IsReadOnly IsSynchronized Length LongLength Rank SyncRoot","Majjhima Nikaya by Bhante Hye Dhammavuddho Mahathera\21\21.json","Majjhima Nikaya by Bhante Hye Dhammavuddho Mahathera\21\21.mp4","Majjhima Nikaya by Bhante Hye Dhammavuddho Mahathera\21\21.en.srt","","12","COUNT ISFIXEDSIZE ISREADONLY ISSYNCHRONIZED LENGTH LONGLENGTH MP4 RANK SC SRT SYNCROOT TRN","1786962940873"
"MN 22","MN 22","MN","Majjhima Nikaya","22","RAW","60","False","False","False","False","False","False","False","False","False","False","False","","","https://suttacentral.net/mn22","Count IsFixedSize IsReadOnly IsSynchronized Length LongLength Rank SyncRoot","Majjhima Nikaya by Bhante Hye Dhammavuddho Mahathera\22\22.json","","","","9","COUNT ISFIXEDSIZE ISREADONLY ISSYNCHRONIZED LENGTH LONGLENGTH RANK SC SYNCROOT","1786962940898"
"MN 23","MN 23","MN","Majjhima Nikaya","23","RAW","60","False","False","False","False","False","False","False","False","False","False","False","","","https://suttacentral.net/mn23","Count IsFixedSize IsReadOnly IsSynchronized Length LongLength Rank SyncRoot","Majjhima Nikaya by Bhante Hye Dhammavuddho Mahathera\23\23.json","","","","9","COUNT ISFIXEDSIZE ISREADONLY ISSYNCHRONIZED LENGTH LONGLENGTH RANK SC SYNCROOT","1786962940912"
"MN 24","MN 24","MN","Majjhima Nikaya","24","RAW","60","False","False","False","False","False","False","False","False","False","False","False","","","https://suttacentral.net/mn24","Count IsFixedSize IsReadOnly IsSynchronized Length LongLength Rank SyncRoot","Majjhima Nikaya by Bhante Hye Dhammavuddho Mahathera\24\24.json","","","","9","COUNT ISFIXEDSIZE ISREADONLY ISSYNCHRONIZED LENGTH LONGLENGTH RANK SC SYNCROOT","1786962940925"
"MN 25","MN 25","MN","Majjhima Nikaya","25","RAW","60","False","False","False","False","False","False","False","False","False","False","False","","","https://suttacentral.net/mn25","Count IsFixedSize IsReadOnly IsSynchronized Length LongLength Rank SyncRoot","Majjhima Nikaya by Bhante Hye Dhammavuddho Mahathera\25\25.json","","","","9","COUNT ISFIXEDSIZE ISREADONLY ISSYNCHRONIZED LENGTH LONGLENGTH RANK SC SYNCROOT","1786962940939"
"MN 26","MN 26","MN","Majjhima Nikaya","26","RAW","85","False","False","True","False","False","False","True","True","False","False","False","","","https://suttacentral.net/mn26","Count IsFixedSize IsReadOnly IsSynchronized Length LongLength Rank SyncRoot","Majjhima Nikaya by Bhante Hye Dhammavuddho Mahathera\26\26.json","Majjhima Nikaya by Bhante Hye Dhammavuddho Mahathera\26\26.mp4","Majjhima Nikaya by Bhante Hye Dhammavuddho Mahathera\26\26.en.srt","","12","COUNT ISFIXEDSIZE ISREADONLY ISSYNCHRONIZED LENGTH LONGLENGTH MP4 RANK SC SRT SYNCROOT TRN","1786962940960"
"MN 27","MN 27","MN","Majjhima Nikaya","27","RAW","85","False","False","True","False","False","False","True","True","False","False","False","","","https://suttacentral.net/mn27","Count IsFixedSize IsReadOnly IsSynchronized Length LongLength Rank SyncRoot","Majjhima Nikaya by Bhante Hye Dhammavuddho Mahathera\27\27.json","Majjhima Nikaya by Bhante Hye Dhammavuddho Mahathera\27\27.mp4","Majjhima Nikaya by Bhante Hye Dhammavuddho Mahathera\27\27.en.srt","","12","COUNT ISFIXEDSIZE ISREADONLY ISSYNCHRONIZED LENGTH LONGLENGTH MP4 RANK SC SRT SYNCROOT TRN","1786962940987"
"MN 28","MN 28","MN","Majjhima Nikaya","28","RAW","85","False","False","True","False","False","False","True","True","False","False","False","","","https://suttacentral.net/mn28","Count IsFixedSize IsReadOnly IsSynchronized Length LongLength Rank SyncRoot","Majjhima Nikaya by Bhante Hye Dhammavuddho Mahathera\28\28.json","Majjhima Nikaya by Bhante Hye Dhammavuddho Mahathera\28\28.mp4","Majjhima Nikaya by Bhante Hye Dhammavuddho Mahathera\28\28.en.srt","","12","COUNT ISFIXEDSIZE ISREADONLY ISSYNCHRONIZED LENGTH LONGLENGTH MP4 RANK SC SRT SYNCROOT TRN","1786962941010"
"MN 29","MN 29","MN","Majjhima Nikaya","29","RAW","60","False","False","False","False","False","False","False","False","False","False","False","","","https://suttacentral.net/mn29","Count IsFixedSize IsReadOnly IsSynchronized Length LongLength Rank SyncRoot","Majjhima Nikaya by Bhante Hye Dhammavuddho Mahathera\29\29.json","","","","9","COUNT ISFIXEDSIZE ISREADONLY ISSYNCHRONIZED LENGTH LONGLENGTH RANK SC SYNCROOT","1786962941028"
"MN 30","MN 30","MN","Majjhima Nikaya","30","RAW","60","False","False","False","False","False","False","False","False","False","False","False","","","https://suttacentral.net/mn30","Count IsFixedSize IsReadOnly IsSynchronized Length LongLength Rank SyncRoot","Majjhima Nikaya by Bhante Hye Dhammavuddho Mahathera\30\30.json","","","","9","COUNT ISFIXEDSIZE ISREADONLY ISSYNCHRONIZED LENGTH LONGLENGTH RANK SC SYNCROOT","1786962941041"
"MN 31","MN 31","MN","Majjhima Nikaya","31","RAW","60","False","False","False","False","False","False","False","False","False","False","False","","","https://suttacentral.net/mn31","Count IsFixedSize IsReadOnly IsSynchronized Length LongLength Rank SyncRoot","Majjhima Nikaya by Bhante Hye Dhammavuddho Mahathera\31\31.json","","","","9","COUNT ISFIXEDSIZE ISREADONLY ISSYNCHRONIZED LENGTH LONGLENGTH RANK SC SYNCROOT","1786962941055"
"MN 32","MN 32","MN","Majjhima Nikaya","32","RAW","60","False","False","False","False","False","False","False","False","False","False","False","","","https://suttacentral.net/mn32","Count IsFixedSize IsReadOnly IsSynchronized Length LongLength Rank SyncRoot","Majjhima Nikaya by Bhante Hye Dhammavuddho Mahathera\32\32.json","","","","9","COUNT ISFIXEDSIZE ISREADONLY ISSYNCHRONIZED LENGTH LONGLENGTH RANK SC SYNCROOT","1786962941067"
"MN 33","MN 33","MN","Majjhima Nikaya","33","RAW","60","False","False","False","False","False","False","False","False","False","False","False","","","https://suttacentral.net/mn33","Count IsFixedSize IsReadOnly IsSynchronized Length LongLength Rank SyncRoot","Majjhima Nikaya by Bhante Hye Dhammavuddho Mahathera\33\33.json","","","","9","COUNT ISFIXEDSIZE ISREADONLY ISSYNCHRONIZED LENGTH LONGLENGTH RANK SC SYNCROOT","1786962941081"
"MN 34","MN 34","MN","Majjhima Nikaya","34","RAW","60","False","False","False","False","False","False","False","False","False","False","False","","","https://suttacentral.net/mn34","Count IsFixedSize IsReadOnly IsSynchronized Length LongLength Rank SyncRoot","Majjhima Nikaya by Bhante Hye Dhammavuddho Mahathera\34\34.json","","","","9","COUNT ISFIXEDSIZE ISREADONLY ISSYNCHRONIZED LENGTH LONGLENGTH RANK SC SYNCROOT","1786962941092"
"MN 35","MN 35","MN","Majjhima Nikaya","35","RAW","60","False","False","False","False","False","False","False","False","False","False","False","","","https://suttacentral.net/mn35","Count IsFixedSize IsReadOnly IsSynchronized Length LongLength Rank SyncRoot","Majjhima Nikaya by Bhante Hye Dhammavuddho Mahathera\35\35.json","","","","9","COUNT ISFIXEDSIZE ISREADONLY ISSYNCHRONIZED LENGTH LONGLENGTH RANK SC SYNCROOT","1786962941107"
"MN 36","MN 36","MN","Majjhima Nikaya","36","RAW","60","False","False","False","False","False","False","False","False","False","False","False","","","https://suttacentral.net/mn36","Count IsFixedSize IsReadOnly IsSynchronized Length LongLength Rank SyncRoot","Majjhima Nikaya by Bhante Hye Dhammavuddho Mahathera\36\36.json","","","","9","COUNT ISFIXEDSIZE ISREADONLY ISSYNCHRONIZED LENGTH LONGLENGTH RANK SC SYNCROOT","1786962941117"
"MN 37","MN 37","MN","Majjhima Nikaya","37","RAW","60","False","False","False","False","False","False","False","False","False","False","False","","","https://suttacentral.net/mn37","Count IsFixedSize IsReadOnly IsSynchronized Length LongLength Rank SyncRoot","Majjhima Nikaya by Bhante Hye Dhammavuddho Mahathera\37\37.json","","","","9","COUNT ISFIXEDSIZE ISREADONLY ISSYNCHRONIZED LENGTH LONGLENGTH RANK SC SYNCROOT","1786962941131"
"MN 38","MN 38","MN","Majjhima Nikaya","38","RAW","60","False","False","False","False","False","False","False","False","False","False","False","","","https://suttacentral.net/mn38","Count IsFixedSize IsReadOnly IsSynchronized Length LongLength Rank SyncRoot","Majjhima Nikaya by Bhante Hye Dhammavuddho Mahathera\38\38.json","","","","9","COUNT ISFIXEDSIZE ISREADONLY ISSYNCHRONIZED LENGTH LONGLENGTH RANK SC SYNCROOT","1786962941145"
"MN 39","MN 39","MN","Majjhima Nikaya","39","RAW","60","False","False","False","False","False","False","False","False","False","False","False","","","https://suttacentral.net/mn39","Count IsFixedSize IsReadOnly IsSynchronized Length LongLength Rank SyncRoot","Majjhima Nikaya by Bhante Hye Dhammavuddho Mahathera\39\39.json","","","","9","COUNT ISFIXEDSIZE ISREADONLY ISSYNCHRONIZED LENGTH LONGLENGTH RANK SC SYNCROOT","1786962941161"
"MN 40","MN 40","MN","Majjhima Nikaya","40","RAW","60","False","False","False","False","False","False","False","False","False","False","False","","","https://suttacentral.net/mn40","Count IsFixedSize IsReadOnly IsSynchronized Length LongLength Rank SyncRoot","Majjhima Nikaya by Bhante Hye Dhammavuddho Mahathera\40\40.json","","","","9","COUNT ISFIXEDSIZE ISREADONLY ISSYNCHRONIZED LENGTH LONGLENGTH RANK SC SYNCROOT","1786962941175"
"MN 41","MN 41","MN","Majjhima Nikaya","41","RAW","85","False","False","True","False","False","False","True","True","False","False","False","","","https://suttacentral.net/mn41","Count IsFixedSize IsReadOnly IsSynchronized Length LongLength Rank SyncRoot","Majjhima Nikaya by Bhante Hye Dhammavuddho Mahathera\41\41.json","Majjhima Nikaya by Bhante Hye Dhammavuddho Mahathera\41\41.mp4","Majjhima Nikaya by Bhante Hye Dhammavuddho Mahathera\41\41.en.srt","","12","COUNT ISFIXEDSIZE ISREADONLY ISSYNCHRONIZED LENGTH LONGLENGTH MP4 RANK SC SRT SYNCROOT TRN","1786962941200"
"MN 42","MN 42","MN","Majjhima Nikaya","42","RAW","85","False","False","True","False","False","False","True","True","False","False","False","","","https://suttacentral.net/mn42","Count IsFixedSize IsReadOnly IsSynchronized Length LongLength Rank SyncRoot","Majjhima Nikaya by Bhante Hye Dhammavuddho Mahathera\42\42.json","Majjhima Nikaya by Bhante Hye Dhammavuddho Mahathera\42\42.mp4","Majjhima Nikaya by Bhante Hye Dhammavuddho Mahathera\42\42.en.srt","","12","COUNT ISFIXEDSIZE ISREADONLY ISSYNCHRONIZED LENGTH LONGLENGTH MP4 RANK SC SRT SYNCROOT TRN","1786962941231"
"MN 43","MN 43","MN","Majjhima Nikaya","43","RAW","85","False","False","True","False","False","False","True","True","False","False","False","","","https://suttacentral.net/mn43","Count IsFixedSize IsReadOnly IsSynchronized Length LongLength Rank SyncRoot","Majjhima Nikaya by Bhante Hye Dhammavuddho Mahathera\43\43.json","Majjhima Nikaya by Bhante Hye Dhammavuddho Mahathera\43\43.mp4","Majjhima Nikaya by Bhante Hye Dhammavuddho Mahathera\43\43.en.srt","","12","COUNT ISFIXEDSIZE ISREADONLY ISSYNCHRONIZED LENGTH LONGLENGTH MP4 RANK SC SRT SYNCROOT TRN","1786962941261"
"MN 44","MN 44","MN","Majjhima Nikaya","44","RAW","85","False","False","True","False","False","False","True","True","False","False","False","","","https://suttacentral.net/mn44","Count IsFixedSize IsReadOnly IsSynchronized Length LongLength Rank SyncRoot","Majjhima Nikaya by Bhante Hye Dhammavuddho Mahathera\44\44.json","Majjhima Nikaya by Bhante Hye Dhammavuddho Mahathera\44\44.mp4","Majjhima Nikaya by Bhante Hye Dhammavuddho Mahathera\44\44.en.srt","","12","COUNT ISFIXEDSIZE ISREADONLY ISSYNCHRONIZED LENGTH LONGLENGTH MP4 RANK SC SRT SYNCROOT TRN","1786962941289"
"MN 45","MN 45","MN","Majjhima Nikaya","45","RAW","85","False","False","True","False","False","False","True","True","False","False","False","","","https://suttacentral.net/mn45","Count IsFixedSize IsReadOnly IsSynchronized Length LongLength Rank SyncRoot","Majjhima Nikaya by Bhante Hye Dhammavuddho Mahathera\45\45.json","Majjhima Nikaya by Bhante Hye Dhammavuddho Mahathera\45\45.mp4","Majjhima Nikaya by Bhante Hye Dhammavuddho Mahathera\45\45.en.srt","","12","COUNT ISFIXEDSIZE ISREADONLY ISSYNCHRONIZED LENGTH LONGLENGTH MP4 RANK SC SRT SYNCROOT TRN","1786962941314"
"MN 46","MN 46","MN","Majjhima Nikaya","46","RAW","85","False","False","True","False","False","False","True","True","False","False","False","","","https://suttacentral.net/mn46","Count IsFixedSize IsReadOnly IsSynchronized Length LongLength Rank SyncRoot","Majjhima Nikaya by Bhante Hye Dhammavuddho Mahathera\46\46.json","Majjhima Nikaya by Bhante Hye Dhammavuddho Mahathera\46\46.mp4","Majjhima Nikaya by Bhante Hye Dhammavuddho Mahathera\46\46.en.srt","","12","COUNT ISFIXEDSIZE ISREADONLY ISSYNCHRONIZED LENGTH LONGLENGTH MP4 RANK SC SRT SYNCROOT TRN","1786962941337"
"MN 47","MN 47","MN","Majjhima Nikaya","47","RAW","85","False","False","True","False","False","False","True","True","False","False","False","","","https://suttacentral.net/mn47","Count IsFixedSize IsReadOnly IsSynchronized Length LongLength Rank SyncRoot","Majjhima Nikaya by Bhante Hye Dhammavuddho Mahathera\47\47.json","Majjhima Nikaya by Bhante Hye Dhammavuddho Mahathera\47\47.mp4","Majjhima Nikaya by Bhante Hye Dhammavuddho Mahathera\47\47.en.srt","","12","COUNT ISFIXEDSIZE ISREADONLY ISSYNCHRONIZED LENGTH LONGLENGTH MP4 RANK SC SRT SYNCROOT TRN","1786962941361"
"MN 48","MN 48","MN","Majjhima Nikaya","48","RAW","85","False","False","True","False","False","False","True","True","False","False","False","","","https://suttacentral.net/mn48","Count IsFixedSize IsReadOnly IsSynchronized Length LongLength Rank SyncRoot","Majjhima Nikaya by Bhante Hye Dhammavuddho Mahathera\48\48.json","Majjhima Nikaya by Bhante Hye Dhammavuddho Mahathera\48\48.mp4","Majjhima Nikaya by Bhante Hye Dhammavuddho Mahathera\48\48.en.srt","","12","COUNT ISFIXEDSIZE ISREADONLY ISSYNCHRONIZED LENGTH LONGLENGTH MP4 RANK SC SRT SYNCROOT TRN","1786962941381"
"MN 49","MN 49","MN","Majjhima Nikaya","49","RAW","85","False","False","True","False","False","False","True","True","False","False","False","","","https://suttacentral.net/mn49","Count IsFixedSize IsReadOnly IsSynchronized Length LongLength Rank SyncRoot","Majjhima Nikaya by Bhante Hye Dhammavuddho Mahathera\49\49.json","Majjhima Nikaya by Bhante Hye Dhammavuddho Mahathera\49\49.mp4","Majjhima Nikaya by Bhante Hye Dhammavuddho Mahathera\49\49.en.srt","","12","COUNT ISFIXEDSIZE ISREADONLY ISSYNCHRONIZED LENGTH LONGLENGTH MP4 RANK SC SRT SYNCROOT TRN","1786962941402"
"MN 50","MN 50","MN","Majjhima Nikaya","50","RAW","60","False","False","False","False","False","False","False","False","False","False","False","","","https://suttacentral.net/mn50","Count IsFixedSize IsReadOnly IsSynchronized Length LongLength Rank SyncRoot","Majjhima Nikaya by Bhante Hye Dhammavuddho Mahathera\50\50.json","","","","9","COUNT ISFIXEDSIZE ISREADONLY ISSYNCHRONIZED LENGTH LONGLENGTH RANK SC SYNCROOT","1786962941418"
"MN 51","MN 51","MN","Majjhima Nikaya","51","RAW","60","False","False","False","False","False","False","False","False","False","False","False","","","https://suttacentral.net/mn51","Count IsFixedSize IsReadOnly IsSynchronized Length LongLength Rank SyncRoot","Majjhima Nikaya by Bhante Hye Dhammavuddho Mahathera\51\51.json","","","","9","COUNT ISFIXEDSIZE ISREADONLY ISSYNCHRONIZED LENGTH LONGLENGTH RANK SC SYNCROOT","1786962941431"
"MN 52","MN 52","MN","Majjhima Nikaya","52","RAW","60","False","False","False","False","False","False","False","False","False","False","False","","","https://suttacentral.net/mn52","Count IsFixedSize IsReadOnly IsSynchronized Length LongLength Rank SyncRoot","Majjhima Nikaya by Bhante Hye Dhammavuddho Mahathera\52\52.json","","","","9","COUNT ISFIXEDSIZE ISREADONLY ISSYNCHRONIZED LENGTH LONGLENGTH RANK SC SYNCROOT","1786962941444"
"MN 53","MN 53","MN","Majjhima Nikaya","53","RAW","85","False","False","True","False","False","False","True","True","False","False","False","","","https://suttacentral.net/mn53","Count IsFixedSize IsReadOnly IsSynchronized Length LongLength Rank SyncRoot","Majjhima Nikaya by Bhante Hye Dhammavuddho Mahathera\53\53.json","Majjhima Nikaya by Bhante Hye Dhammavuddho Mahathera\53\53.mp4","Majjhima Nikaya by Bhante Hye Dhammavuddho Mahathera\53\53.en.srt","","12","COUNT ISFIXEDSIZE ISREADONLY ISSYNCHRONIZED LENGTH LONGLENGTH MP4 RANK SC SRT SYNCROOT TRN","1786962941465"
"MN 54","MN 54","MN","Majjhima Nikaya","54","RAW","85","False","False","True","False","False","False","True","True","False","False","False","","","https://suttacentral.net/mn54","Count IsFixedSize IsReadOnly IsSynchronized Length LongLength Rank SyncRoot","Majjhima Nikaya by Bhante Hye Dhammavuddho Mahathera\54\54.json","Majjhima Nikaya by Bhante Hye Dhammavuddho Mahathera\54\54.mp4","Majjhima Nikaya by Bhante Hye Dhammavuddho Mahathera\54\54.en.srt","","12","COUNT ISFIXEDSIZE ISREADONLY ISSYNCHRONIZED LENGTH LONGLENGTH MP4 RANK SC SRT SYNCROOT TRN","1786962941491"
"MN 55","MN 55","MN","Majjhima Nikaya","55","RAW","85","False","False","True","False","False","False","True","True","False","False","False","","","https://suttacentral.net/mn55","Count IsFixedSize IsReadOnly IsSynchronized Length LongLength Rank SyncRoot","Majjhima Nikaya by Bhante Hye Dhammavuddho Mahathera\55\55.json","Majjhima Nikaya by Bhante Hye Dhammavuddho Mahathera\55\55.mp4","Majjhima Nikaya by Bhante Hye Dhammavuddho Mahathera\55\55.en.srt","","12","COUNT ISFIXEDSIZE ISREADONLY ISSYNCHRONIZED LENGTH LONGLENGTH MP4 RANK SC SRT SYNCROOT TRN","1786962941516"
"MN 56","MN 56","MN","Majjhima Nikaya","56","RAW","60","False","False","False","False","False","False","False","False","False","False","False","","","https://suttacentral.net/mn56","Count IsFixedSize IsReadOnly IsSynchronized Length LongLength Rank SyncRoot","Majjhima Nikaya by Bhante Hye Dhammavuddho Mahathera\56\56.json","","","","9","COUNT ISFIXEDSIZE ISREADONLY ISSYNCHRONIZED LENGTH LONGLENGTH RANK SC SYNCROOT","1786962941532"
"MN 57","MN 57","MN","Majjhima Nikaya","57","RAW","60","False","False","True","False","False","False","False","True","False","False","False","","","https://suttacentral.net/mn57","Count IsFixedSize IsReadOnly IsSynchronized Length LongLength Rank SyncRoot","Majjhima Nikaya by Bhante Hye Dhammavuddho Mahathera\57\57.json","","Majjhima Nikaya by Bhante Hye Dhammavuddho Mahathera\57\57.en.srt","","11","COUNT ISFIXEDSIZE ISREADONLY ISSYNCHRONIZED LENGTH LONGLENGTH RANK SC SRT SYNCROOT TRN","1786962941551"
"MN 58","MN 58","MN","Majjhima Nikaya","58","RAW","60","False","False","False","False","False","False","False","False","False","False","False","","","https://suttacentral.net/mn58","Count IsFixedSize IsReadOnly IsSynchronized Length LongLength Rank SyncRoot","Majjhima Nikaya by Bhante Hye Dhammavuddho Mahathera\58\58.json","","","","9","COUNT ISFIXEDSIZE ISREADONLY ISSYNCHRONIZED LENGTH LONGLENGTH RANK SC SYNCROOT","1786962941569"
"MN 59","MN 59","MN","Majjhima Nikaya","59","RAW","60","False","False","False","False","False","False","False","False","False","False","False","","","https://suttacentral.net/mn59","Count IsFixedSize IsReadOnly IsSynchronized Length LongLength Rank SyncRoot","Majjhima Nikaya by Bhante Hye Dhammavuddho Mahathera\59\59.json","","","","9","COUNT ISFIXEDSIZE ISREADONLY ISSYNCHRONIZED LENGTH LONGLENGTH RANK SC SYNCROOT","1786962941583"
"MN 60","MN 60","MN","Majjhima Nikaya","60","RAW","60","False","False","False","False","False","False","False","False","False","False","False","","","https://suttacentral.net/mn60","Count IsFixedSize IsReadOnly IsSynchronized Length LongLength Rank SyncRoot","Majjhima Nikaya by Bhante Hye Dhammavuddho Mahathera\60\60.json","","","","9","COUNT ISFIXEDSIZE ISREADONLY ISSYNCHRONIZED LENGTH LONGLENGTH RANK SC SYNCROOT","1786962941597"
"MN 61","MN 61","MN","Majjhima Nikaya","61","RAW","60","False","False","False","False","False","False","False","False","False","False","False","","","https://suttacentral.net/mn61","Count IsFixedSize IsReadOnly IsSynchronized Length LongLength Rank SyncRoot","Majjhima Nikaya by Bhante Hye Dhammavuddho Mahathera\61\61.json","","","","9","COUNT ISFIXEDSIZE ISREADONLY ISSYNCHRONIZED LENGTH LONGLENGTH RANK SC SYNCROOT","1786962941611"
"MN 62","MN 62","MN","Majjhima Nikaya","62","RAW","60","False","False","False","False","False","False","False","False","False","False","False","","","https://suttacentral.net/mn62","Count IsFixedSize IsReadOnly IsSynchronized Length LongLength Rank SyncRoot","Majjhima Nikaya by Bhante Hye Dhammavuddho Mahathera\62\62.json","","","","9","COUNT ISFIXEDSIZE ISREADONLY ISSYNCHRONIZED LENGTH LONGLENGTH RANK SC SYNCROOT","1786962941624"
"MN 63","MN 63","MN","Majjhima Nikaya","63","RAW","60","False","False","False","False","False","False","False","False","False","False","False","","","https://suttacentral.net/mn63","Count IsFixedSize IsReadOnly IsSynchronized Length LongLength Rank SyncRoot","Majjhima Nikaya by Bhante Hye Dhammavuddho Mahathera\63\63.json","","","","9","COUNT ISFIXEDSIZE ISREADONLY ISSYNCHRONIZED LENGTH LONGLENGTH RANK SC SYNCROOT","1786962941636"
"MN 64","MN 64","MN","Majjhima Nikaya","64","RAW","85","False","False","True","False","False","False","True","True","False","False","False","","","https://suttacentral.net/mn64","Count IsFixedSize IsReadOnly IsSynchronized Length LongLength Rank SyncRoot","Majjhima Nikaya by Bhante Hye Dhammavuddho Mahathera\64\64.json","Majjhima Nikaya by Bhante Hye Dhammavuddho Mahathera\64\64.mp4","Majjhima Nikaya by Bhante Hye Dhammavuddho Mahathera\64\64.en.srt","","12","COUNT ISFIXEDSIZE ISREADONLY ISSYNCHRONIZED LENGTH LONGLENGTH MP4 RANK SC SRT SYNCROOT TRN","1786962941656"
"MN 65","MN 65","MN","Majjhima Nikaya","65","RAW","85","False","False","True","False","False","False","True","True","False","False","False","","","https://suttacentral.net/mn65","Count IsFixedSize IsReadOnly IsSynchronized Length LongLength Rank SyncRoot","Majjhima Nikaya by Bhante Hye Dhammavuddho Mahathera\65\65.json","Majjhima Nikaya by Bhante Hye Dhammavuddho Mahathera\65\65.mp4","Majjhima Nikaya by Bhante Hye Dhammavuddho Mahathera\65\65.en.srt","","12","COUNT ISFIXEDSIZE ISREADONLY ISSYNCHRONIZED LENGTH LONGLENGTH MP4 RANK SC SRT SYNCROOT TRN","1786962941681"
"MN 66","MN 66","MN","Majjhima Nikaya","66","RAW","60","False","False","False","False","False","False","False","False","False","False","False","","","https://suttacentral.net/mn66","Count IsFixedSize IsReadOnly IsSynchronized Length LongLength Rank SyncRoot","Majjhima Nikaya by Bhante Hye Dhammavuddho Mahathera\66\66.json","","","","9","COUNT ISFIXEDSIZE ISREADONLY ISSYNCHRONIZED LENGTH LONGLENGTH RANK SC SYNCROOT","1786962941699"
"MN 67","MN 67","MN","Majjhima Nikaya","67","RAW","60","False","False","False","False","False","False","False","False","False","False","False","","","https://suttacentral.net/mn67","Count IsFixedSize IsReadOnly IsSynchronized Length LongLength Rank SyncRoot","Majjhima Nikaya by Bhante Hye Dhammavuddho Mahathera\67\67.json","","","","9","COUNT ISFIXEDSIZE ISREADONLY ISSYNCHRONIZED LENGTH LONGLENGTH RANK SC SYNCROOT","1786962941709"
"MN 68","MN 68","MN","Majjhima Nikaya","68","RAW","60","False","False","False","False","False","False","False","False","False","False","False","","","https://suttacentral.net/mn68","Count IsFixedSize IsReadOnly IsSynchronized Length LongLength Rank SyncRoot","Majjhima Nikaya by Bhante Hye Dhammavuddho Mahathera\68\68.json","","","","9","COUNT ISFIXEDSIZE ISREADONLY ISSYNCHRONIZED LENGTH LONGLENGTH RANK SC SYNCROOT","1786962941723"
"MN 69","MN 69","MN","Majjhima Nikaya","69","RAW","60","False","False","False","False","False","False","False","False","False","False","False","","","https://suttacentral.net/mn69","Count IsFixedSize IsReadOnly IsSynchronized Length LongLength Rank SyncRoot","Majjhima Nikaya by Bhante Hye Dhammavuddho Mahathera\69\69.json","","","","9","COUNT ISFIXEDSIZE ISREADONLY ISSYNCHRONIZED LENGTH LONGLENGTH RANK SC SYNCROOT","1786962941736"
"MN 70","MN 70","MN","Majjhima Nikaya","70","RAW","60","False","False","False","False","False","False","False","False","False","False","False","","","https://suttacentral.net/mn70","Count IsFixedSize IsReadOnly IsSynchronized Length LongLength Rank SyncRoot","Majjhima Nikaya by Bhante Hye Dhammavuddho Mahathera\70\70.json","","","","9","COUNT ISFIXEDSIZE ISREADONLY ISSYNCHRONIZED LENGTH LONGLENGTH RANK SC SYNCROOT","1786962941755"
"MN 71","MN 71","MN","Majjhima Nikaya","71","RAW","60","False","False","False","False","False","False","False","False","False","False","False","","","https://suttacentral.net/mn71","Count IsFixedSize IsReadOnly IsSynchronized Length LongLength Rank SyncRoot","Majjhima Nikaya by Bhante Hye Dhammavuddho Mahathera\71\71.json","","","","9","COUNT ISFIXEDSIZE ISREADONLY ISSYNCHRONIZED LENGTH LONGLENGTH RANK SC SYNCROOT","1786962941799"
"MN 72","MN 72","MN","Majjhima Nikaya","72","RAW","85","False","False","True","False","False","False","True","True","False","False","False","","","https://suttacentral.net/mn72","Count IsFixedSize IsReadOnly IsSynchronized Length LongLength Rank SyncRoot","Majjhima Nikaya by Bhante Hye Dhammavuddho Mahathera\72\72.json","Majjhima Nikaya by Bhante Hye Dhammavuddho Mahathera\72\72.mp4","Majjhima Nikaya by Bhante Hye Dhammavuddho Mahathera\72\72.en.srt","","12","COUNT ISFIXEDSIZE ISREADONLY ISSYNCHRONIZED LENGTH LONGLENGTH MP4 RANK SC SRT SYNCROOT TRN","1786962941863"
"MN 73","MN 73","MN","Majjhima Nikaya","73","RAW","85","False","False","True","False","False","False","True","True","False","False","False","","","https://suttacentral.net/mn73","Count IsFixedSize IsReadOnly IsSynchronized Length LongLength Rank SyncRoot","Majjhima Nikaya by Bhante Hye Dhammavuddho Mahathera\73\73.json","Majjhima Nikaya by Bhante Hye Dhammavuddho Mahathera\73\73.mp4","Majjhima Nikaya by Bhante Hye Dhammavuddho Mahathera\73\73.en.srt","","12","COUNT ISFIXEDSIZE ISREADONLY ISSYNCHRONIZED LENGTH LONGLENGTH MP4 RANK SC SRT SYNCROOT TRN","1786962941896"
"MN 74","MN 74","MN","Majjhima Nikaya","74","RAW","85","False","False","True","False","False","False","True","True","False","False","False","","","https://suttacentral.net/mn74","Count IsFixedSize IsReadOnly IsSynchronized Length LongLength Rank SyncRoot","Majjhima Nikaya by Bhante Hye Dhammavuddho Mahathera\74\74.json","Majjhima Nikaya by Bhante Hye Dhammavuddho Mahathera\74\74.mp4","Majjhima Nikaya by Bhante Hye Dhammavuddho Mahathera\74\74.en.srt","","12","COUNT ISFIXEDSIZE ISREADONLY ISSYNCHRONIZED LENGTH LONGLENGTH MP4 RANK SC SRT SYNCROOT TRN","1786962941922"
"MN 75","MN 75","MN","Majjhima Nikaya","75","RAW","85","False","False","True","False","False","False","True","True","False","False","False","","","https://suttacentral.net/mn75","Count IsFixedSize IsReadOnly IsSynchronized Length LongLength Rank SyncRoot","Majjhima Nikaya by Bhante Hye Dhammavuddho Mahathera\75\75.json","Majjhima Nikaya by Bhante Hye Dhammavuddho Mahathera\75\75.mp4","Majjhima Nikaya by Bhante Hye Dhammavuddho Mahathera\75\75.en.srt","","12","COUNT ISFIXEDSIZE ISREADONLY ISSYNCHRONIZED LENGTH LONGLENGTH MP4 RANK SC SRT SYNCROOT TRN","1786962941946"
"MN 76","MN 76","MN","Majjhima Nikaya","76","RAW","85","False","False","True","False","False","False","True","True","False","False","False","","","https://suttacentral.net/mn76","Count IsFixedSize IsReadOnly IsSynchronized Length LongLength Rank SyncRoot","Majjhima Nikaya by Bhante Hye Dhammavuddho Mahathera\76\76.json","Majjhima Nikaya by Bhante Hye Dhammavuddho Mahathera\76\76.mp4","Majjhima Nikaya by Bhante Hye Dhammavuddho Mahathera\76\76.en.srt","","12","COUNT ISFIXEDSIZE ISREADONLY ISSYNCHRONIZED LENGTH LONGLENGTH MP4 RANK SC SRT SYNCROOT TRN","1786962941973"
"MN 77","Janussoni Sutta","MN","Majjhima Nikaya","77","RAW","60","False","False","False","False","False","False","False","False","False","False","False","","","https://suttacentral.net/mn77","Count IsFixedSize IsReadOnly IsSynchronized Length LongLength Rank SyncRoot","Majjhima Nikaya by Bhante Hye Dhammavuddho Mahathera\77\77.json","","","","9","COUNT ISFIXEDSIZE ISREADONLY ISSYNCHRONIZED LENGTH LONGLENGTH RANK SC SYNCROOT","1786962941994"
"MN 78","MN 78","MN","Majjhima Nikaya","78","RAW","60","False","False","False","False","False","False","False","False","False","False","False","","","https://suttacentral.net/mn78","Count IsFixedSize IsReadOnly IsSynchronized Length LongLength Rank SyncRoot","Majjhima Nikaya by Bhante Hye Dhammavuddho Mahathera\78\78.json","","","","9","COUNT ISFIXEDSIZE ISREADONLY ISSYNCHRONIZED LENGTH LONGLENGTH RANK SC SYNCROOT","1786962942005"
"MN 79","MN 79","MN","Majjhima Nikaya","79","RAW","60","False","False","False","False","False","False","False","False","False","False","False","","","https://suttacentral.net/mn79","Count IsFixedSize IsReadOnly IsSynchronized Length LongLength Rank SyncRoot","Majjhima Nikaya by Bhante Hye Dhammavuddho Mahathera\79\79.json","","","","9","COUNT ISFIXEDSIZE ISREADONLY ISSYNCHRONIZED LENGTH LONGLENGTH RANK SC SYNCROOT","1786962942019"
"MN 80","MN 80","MN","Majjhima Nikaya","80","RAW","60","False","False","False","False","False","False","False","False","False","False","False","","","https://suttacentral.net/mn80","Count IsFixedSize IsReadOnly IsSynchronized Length LongLength Rank SyncRoot","Majjhima Nikaya by Bhante Hye Dhammavuddho Mahathera\80\80.json","","","","9","COUNT ISFIXEDSIZE ISREADONLY ISSYNCHRONIZED LENGTH LONGLENGTH RANK SC SYNCROOT","1786962942033"
"MN 81","MN 81","MN","Majjhima Nikaya","81","RAW","60","False","False","False","False","False","False","False","False","False","False","False","","","https://suttacentral.net/mn81","Count IsFixedSize IsReadOnly IsSynchronized Length LongLength Rank SyncRoot","Majjhima Nikaya by Bhante Hye Dhammavuddho Mahathera\81\81.json","","","","9","COUNT ISFIXEDSIZE ISREADONLY ISSYNCHRONIZED LENGTH LONGLENGTH RANK SC SYNCROOT","1786962942047"
"MN 82","MN 82","MN","Majjhima Nikaya","82","RAW","60","False","False","False","False","False","False","False","False","False","False","False","","","https://suttacentral.net/mn82","Count IsFixedSize IsReadOnly IsSynchronized Length LongLength Rank SyncRoot","Majjhima Nikaya by Bhante Hye Dhammavuddho Mahathera\82\82.json","","","","9","COUNT ISFIXEDSIZE ISREADONLY ISSYNCHRONIZED LENGTH LONGLENGTH RANK SC SYNCROOT","1786962942063"
"MN 83","MN 83","MN","Majjhima Nikaya","83","RAW","60","False","False","False","False","False","False","False","False","False","False","False","","","https://suttacentral.net/mn83","Count IsFixedSize IsReadOnly IsSynchronized Length LongLength Rank SyncRoot","Majjhima Nikaya by Bhante Hye Dhammavuddho Mahathera\83\83.json","","","","9","COUNT ISFIXEDSIZE ISREADONLY ISSYNCHRONIZED LENGTH LONGLENGTH RANK SC SYNCROOT","1786962942126"
"MN 84","MN 84","MN","Majjhima Nikaya","84","RAW","60","False","False","False","False","False","False","False","False","False","False","False","","","https://suttacentral.net/mn84","Count IsFixedSize IsReadOnly IsSynchronized Length LongLength Rank SyncRoot","Majjhima Nikaya by Bhante Hye Dhammavuddho Mahathera\84\84.json","","","","9","COUNT ISFIXEDSIZE ISREADONLY ISSYNCHRONIZED LENGTH LONGLENGTH RANK SC SYNCROOT","1786962942139"
"MN 85","MN 85","MN","Majjhima Nikaya","85","RAW","60","False","False","False","False","False","False","False","False","False","False","False","","","https://suttacentral.net/mn85","Count IsFixedSize IsReadOnly IsSynchronized Length LongLength Rank SyncRoot","Majjhima Nikaya by Bhante Hye Dhammavuddho Mahathera\85\85.json","","","","9","COUNT ISFIXEDSIZE ISREADONLY ISSYNCHRONIZED LENGTH LONGLENGTH RANK SC SYNCROOT","1786962942153"
"MN 86","MN 86","MN","Majjhima Nikaya","86","RAW","60","False","False","False","False","False","False","False","False","False","False","False","","","https://suttacentral.net/mn86","Count IsFixedSize IsReadOnly IsSynchronized Length LongLength Rank SyncRoot","Majjhima Nikaya by Bhante Hye Dhammavuddho Mahathera\86\86.json","","","","9","COUNT ISFIXEDSIZE ISREADONLY ISSYNCHRONIZED LENGTH LONGLENGTH RANK SC SYNCROOT","1786962942168"
"MN 87","MN 87","MN","Majjhima Nikaya","87","RAW","85","False","False","True","False","False","False","True","True","False","False","False","","","https://suttacentral.net/mn87","Count IsFixedSize IsReadOnly IsSynchronized Length LongLength Rank SyncRoot","Majjhima Nikaya by Bhante Hye Dhammavuddho Mahathera\87\87.json","Majjhima Nikaya by Bhante Hye Dhammavuddho Mahathera\87\87.mp4","Majjhima Nikaya by Bhante Hye Dhammavuddho Mahathera\87\87.en.srt","","12","COUNT ISFIXEDSIZE ISREADONLY ISSYNCHRONIZED LENGTH LONGLENGTH MP4 RANK SC SRT SYNCROOT TRN","1786962942186"
"MN 88","MN 88","MN","Majjhima Nikaya","88","RAW","85","False","False","True","False","False","False","True","True","False","False","False","","","https://suttacentral.net/mn88","Count IsFixedSize IsReadOnly IsSynchronized Length LongLength Rank SyncRoot","Majjhima Nikaya by Bhante Hye Dhammavuddho Mahathera\88\88.json","Majjhima Nikaya by Bhante Hye Dhammavuddho Mahathera\88\88.mp4","Majjhima Nikaya by Bhante Hye Dhammavuddho Mahathera\88\88.en.srt","","12","COUNT ISFIXEDSIZE ISREADONLY ISSYNCHRONIZED LENGTH LONGLENGTH MP4 RANK SC SRT SYNCROOT TRN","1786962942207"
"MN 89","MN 89","MN","Majjhima Nikaya","89","RAW","85","False","False","True","False","False","False","True","True","False","False","False","","","https://suttacentral.net/mn89","Count IsFixedSize IsReadOnly IsSynchronized Length LongLength Rank SyncRoot","Majjhima Nikaya by Bhante Hye Dhammavuddho Mahathera\89\89.json","Majjhima Nikaya by Bhante Hye Dhammavuddho Mahathera\89\89.mp4","Majjhima Nikaya by Bhante Hye Dhammavuddho Mahathera\89\89.en.srt","","12","COUNT ISFIXEDSIZE ISREADONLY ISSYNCHRONIZED LENGTH LONGLENGTH MP4 RANK SC SRT SYNCROOT TRN","1786962942230"
"MN 90","MN 90","MN","Majjhima Nikaya","90","RAW","60","False","False","False","False","False","False","False","False","False","False","False","","","https://suttacentral.net/mn90","Count IsFixedSize IsReadOnly IsSynchronized Length LongLength Rank SyncRoot","Majjhima Nikaya by Bhante Hye Dhammavuddho Mahathera\90\90.json","","","","9","COUNT ISFIXEDSIZE ISREADONLY ISSYNCHRONIZED LENGTH LONGLENGTH RANK SC SYNCROOT","1786962942244"
"MN 91","MN 91","MN","Majjhima Nikaya","91","RAW","60","False","False","False","False","False","False","False","False","False","False","False","","","https://suttacentral.net/mn91","Count IsFixedSize IsReadOnly IsSynchronized Length LongLength Rank SyncRoot","Majjhima Nikaya by Bhante Hye Dhammavuddho Mahathera\91\91.json","","","","9","COUNT ISFIXEDSIZE ISREADONLY ISSYNCHRONIZED LENGTH LONGLENGTH RANK SC SYNCROOT","1786962942261"
"MN 92","MN 92","MN","Majjhima Nikaya","92","RAW","60","False","False","False","False","False","False","False","False","False","False","False","","","https://suttacentral.net/mn92","Count IsFixedSize IsReadOnly IsSynchronized Length LongLength Rank SyncRoot","Majjhima Nikaya by Bhante Hye Dhammavuddho Mahathera\92\92.json","","","","9","COUNT ISFIXEDSIZE ISREADONLY ISSYNCHRONIZED LENGTH LONGLENGTH RANK SC SYNCROOT","1786962942274"
"MN 93","Samatha Sutta","MN","Majjhima Nikaya","93","RAW","60","False","False","False","False","False","False","False","False","False","False","False","","","https://suttacentral.net/mn93","Count IsFixedSize IsReadOnly IsSynchronized Length LongLength Rank SyncRoot","Majjhima Nikaya by Bhante Hye Dhammavuddho Mahathera\93\93.json","","","","9","COUNT ISFIXEDSIZE ISREADONLY ISSYNCHRONIZED LENGTH LONGLENGTH RANK SC SYNCROOT","1786962942287"
"MN 94","Āhananā Sutta / Loṇaphala Sutta","MN","Majjhima Nikaya","94","RAW","60","False","False","False","False","False","False","False","False","False","False","False","","","https://suttacentral.net/mn94","Count IsFixedSize IsReadOnly IsSynchronized Length LongLength Rank SyncRoot","Majjhima Nikaya by Bhante Hye Dhammavuddho Mahathera\94\94.json","","","","9","COUNT ISFIXEDSIZE ISREADONLY ISSYNCHRONIZED LENGTH LONGLENGTH RANK SC SYNCROOT","1786962942299"
"MN 95","MN 95","MN","Majjhima Nikaya","95","RAW","60","False","False","False","False","False","False","False","False","False","False","False","","","https://suttacentral.net/mn95","Count IsFixedSize IsReadOnly IsSynchronized Length LongLength Rank SyncRoot","Majjhima Nikaya by Bhante Hye Dhammavuddho Mahathera\95\95.json","","","","9","COUNT ISFIXEDSIZE ISREADONLY ISSYNCHRONIZED LENGTH LONGLENGTH RANK SC SYNCROOT","1786962942312"
"MN 96","MN 96","MN","Majjhima Nikaya","96","RAW","60","False","False","False","False","False","False","False","False","False","False","False","","","https://suttacentral.net/mn96","Count IsFixedSize IsReadOnly IsSynchronized Length LongLength Rank SyncRoot","Majjhima Nikaya by Bhante Hye Dhammavuddho Mahathera\96\96.json","","","","9","COUNT ISFIXEDSIZE ISREADONLY ISSYNCHRONIZED LENGTH LONGLENGTH RANK SC SYNCROOT","1786962942324"
"MN 97","MN 97","MN","Majjhima Nikaya","97","RAW","60","False","False","False","False","False","False","False","False","False","False","False","","","https://suttacentral.net/mn97","Count IsFixedSize IsReadOnly IsSynchronized Length LongLength Rank SyncRoot","Majjhima Nikaya by Bhante Hye Dhammavuddho Mahathera\97\97.json","","","","9","COUNT ISFIXEDSIZE ISREADONLY ISSYNCHRONIZED LENGTH LONGLENGTH RANK SC SYNCROOT","1786962942337"
"MN 98","MN 98","MN","Majjhima Nikaya","98","RAW","60","False","False","False","False","False","False","False","False","False","False","False","","","https://suttacentral.net/mn98","Count IsFixedSize IsReadOnly IsSynchronized Length LongLength Rank SyncRoot","Majjhima Nikaya by Bhante Hye Dhammavuddho Mahathera\98\98.json","","","","9","COUNT ISFIXEDSIZE ISREADONLY ISSYNCHRONIZED LENGTH LONGLENGTH RANK SC SYNCROOT","1786962942349"
"MN 99","MN 99","MN","Majjhima Nikaya","99","RAW","85","False","False","True","False","False","False","True","True","False","False","False","","","https://suttacentral.net/mn99","Count IsFixedSize IsReadOnly IsSynchronized Length LongLength Rank SyncRoot","Majjhima Nikaya by Bhante Hye Dhammavuddho Mahathera\99\99.json","Majjhima Nikaya by Bhante Hye Dhammavuddho Mahathera\99\99.mp4","Majjhima Nikaya by Bhante Hye Dhammavuddho Mahathera\99\99.en.srt","","12","COUNT ISFIXEDSIZE ISREADONLY ISSYNCHRONIZED LENGTH LONGLENGTH MP4 RANK SC SRT SYNCROOT TRN","1786962942389"
"MN 100","MN 100","MN","Majjhima Nikaya","100","RAW","85","False","False","True","False","False","False","True","True","False","False","False","","","https://suttacentral.net/mn100","Count IsFixedSize IsReadOnly IsSynchronized Length LongLength Rank SyncRoot","Majjhima Nikaya by Bhante Hye Dhammavuddho Mahathera\100\100.json","Majjhima Nikaya by Bhante Hye Dhammavuddho Mahathera\100\100.mp4","Majjhima Nikaya by Bhante Hye Dhammavuddho Mahathera\100\100.en.srt","","12","COUNT ISFIXEDSIZE ISREADONLY ISSYNCHRONIZED LENGTH LONGLENGTH MP4 RANK SC SRT SYNCROOT TRN","1786962942409"
"MN 101","MN 101","MN","Majjhima Nikaya","101","RAW","60","False","False","False","False","False","False","False","False","False","False","False","","","https://suttacentral.net/mn101","Count IsFixedSize IsReadOnly IsSynchronized Length LongLength Rank SyncRoot","Majjhima Nikaya by Bhante Hye Dhammavuddho Mahathera\101\101.json","","","","9","COUNT ISFIXEDSIZE ISREADONLY ISSYNCHRONIZED LENGTH LONGLENGTH RANK SC SYNCROOT","1786962942424"
"MN 102","MN 102","MN","Majjhima Nikaya","102","RAW","60","False","False","False","False","False","False","False","False","False","False","False","","","https://suttacentral.net/mn102","Count IsFixedSize IsReadOnly IsSynchronized Length LongLength Rank SyncRoot","Majjhima Nikaya by Bhante Hye Dhammavuddho Mahathera\102\102.json","","","","9","COUNT ISFIXEDSIZE ISREADONLY ISSYNCHRONIZED LENGTH LONGLENGTH RANK SC SYNCROOT","1786962942436"
"MN 103","Rona Sutta","MN","Majjhima Nikaya","103","RAW","60","False","False","False","False","False","False","False","False","False","False","False","","","https://suttacentral.net/mn103","Count IsFixedSize IsReadOnly IsSynchronized Length LongLength Rank SyncRoot","Majjhima Nikaya by Bhante Hye Dhammavuddho Mahathera\103\103.json","","","","9","COUNT ISFIXEDSIZE ISREADONLY ISSYNCHRONIZED LENGTH LONGLENGTH RANK SC SYNCROOT","1786962942450"
"MN 104","Anassāda Sutta / Mada Sutta","MN","Majjhima Nikaya","104","RAW","60","False","False","False","False","False","False","False","False","False","False","False","","","https://suttacentral.net/mn104","Count IsFixedSize IsReadOnly IsSynchronized Length LongLength Rank SyncRoot","Majjhima Nikaya by Bhante Hye Dhammavuddho Mahathera\104\104.json","","","","9","COUNT ISFIXEDSIZE ISREADONLY ISSYNCHRONIZED LENGTH LONGLENGTH RANK SC SYNCROOT","1786962942464"
"MN 105","MN 105","MN","Majjhima Nikaya","105","RAW","60","False","False","False","False","False","False","False","False","False","False","False","","","https://suttacentral.net/mn105","Count IsFixedSize IsReadOnly IsSynchronized Length LongLength Rank SyncRoot","Majjhima Nikaya by Bhante Hye Dhammavuddho Mahathera\105\105.json","","","","9","COUNT ISFIXEDSIZE ISREADONLY ISSYNCHRONIZED LENGTH LONGLENGTH RANK SC SYNCROOT","1786962942479"
"MN 106","MN 106","MN","Majjhima Nikaya","106","RAW","60","False","False","False","False","False","False","False","False","False","False","False","","","https://suttacentral.net/mn106","Count IsFixedSize IsReadOnly IsSynchronized Length LongLength Rank SyncRoot","Majjhima Nikaya by Bhante Hye Dhammavuddho Mahathera\106\106.json","","","","9","COUNT ISFIXEDSIZE ISREADONLY ISSYNCHRONIZED LENGTH LONGLENGTH RANK SC SYNCROOT","1786962942490"
"MN 107","MN 107","MN","Majjhima Nikaya","107","RAW","60","False","False","False","False","False","False","False","False","False","False","False","","","https://suttacentral.net/mn107","Count IsFixedSize IsReadOnly IsSynchronized Length LongLength Rank SyncRoot","Majjhima Nikaya by Bhante Hye Dhammavuddho Mahathera\107\107.json","","","","9","COUNT ISFIXEDSIZE ISREADONLY ISSYNCHRONIZED LENGTH LONGLENGTH RANK SC SYNCROOT","1786962942501"
"MN 108","MN 108","MN","Majjhima Nikaya","108","RAW","85","False","False","True","False","False","False","True","True","False","False","False","","","https://suttacentral.net/mn108","Count IsFixedSize IsReadOnly IsSynchronized Length LongLength Rank SyncRoot","Majjhima Nikaya by Bhante Hye Dhammavuddho Mahathera\108\108.json","Majjhima Nikaya by Bhante Hye Dhammavuddho Mahathera\108\108.mp4","Majjhima Nikaya by Bhante Hye Dhammavuddho Mahathera\108\108.en.srt","","12","COUNT ISFIXEDSIZE ISREADONLY ISSYNCHRONIZED LENGTH LONGLENGTH MP4 RANK SC SRT SYNCROOT TRN","1786962942522"
"MN 109","MN 109","MN","Majjhima Nikaya","109","RAW","85","False","False","True","False","False","False","True","True","False","False","False","","","https://suttacentral.net/mn109","Count IsFixedSize IsReadOnly IsSynchronized Length LongLength Rank SyncRoot","Majjhima Nikaya by Bhante Hye Dhammavuddho Mahathera\109\109.json","Majjhima Nikaya by Bhante Hye Dhammavuddho Mahathera\109\109.mp4","Majjhima Nikaya by Bhante Hye Dhammavuddho Mahathera\109\109.en.srt","","12","COUNT ISFIXEDSIZE ISREADONLY ISSYNCHRONIZED LENGTH LONGLENGTH MP4 RANK SC SRT SYNCROOT TRN","1786962942550"
"MN 110","MN 110","MN","Majjhima Nikaya","110","RAW","85","False","False","True","False","False","False","True","True","False","False","False","","","https://suttacentral.net/mn110","Count IsFixedSize IsReadOnly IsSynchronized Length LongLength Rank SyncRoot","Majjhima Nikaya by Bhante Hye Dhammavuddho Mahathera\110\110.json","Majjhima Nikaya by Bhante Hye Dhammavuddho Mahathera\110\110.mp4","Majjhima Nikaya by Bhante Hye Dhammavuddho Mahathera\110\110.en.srt","","12","COUNT ISFIXEDSIZE ISREADONLY ISSYNCHRONIZED LENGTH LONGLENGTH MP4 RANK SC SRT SYNCROOT TRN","1786962942572"
"MN 111","MN 111","MN","Majjhima Nikaya","111","RAW","85","False","False","True","False","False","False","True","True","False","False","False","","","https://suttacentral.net/mn111","Count IsFixedSize IsReadOnly IsSynchronized Length LongLength Rank SyncRoot","Majjhima Nikaya by Bhante Hye Dhammavuddho Mahathera\111\111.json","Majjhima Nikaya by Bhante Hye Dhammavuddho Mahathera\111\111.mp4","Majjhima Nikaya by Bhante Hye Dhammavuddho Mahathera\111\111.en.srt","","12","COUNT ISFIXEDSIZE ISREADONLY ISSYNCHRONIZED LENGTH LONGLENGTH MP4 RANK SC SRT SYNCROOT TRN","1786962942598"
"MN 112","MN 112","MN","Majjhima Nikaya","112","RAW","85","False","False","True","False","False","False","True","True","False","False","False","","","https://suttacentral.net/mn112","Count IsFixedSize IsReadOnly IsSynchronized Length LongLength Rank SyncRoot","Majjhima Nikaya by Bhante Hye Dhammavuddho Mahathera\112\112.json","Majjhima Nikaya by Bhante Hye Dhammavuddho Mahathera\112\112.mp4","Majjhima Nikaya by Bhante Hye Dhammavuddho Mahathera\112\112.en.srt","","12","COUNT ISFIXEDSIZE ISREADONLY ISSYNCHRONIZED LENGTH LONGLENGTH MP4 RANK SC SRT SYNCROOT TRN","1786962942620"
"MN 113","MN 113","MN","Majjhima Nikaya","113","RAW","85","False","False","True","False","False","False","True","True","False","False","False","","","https://suttacentral.net/mn113","Count IsFixedSize IsReadOnly IsSynchronized Length LongLength Rank SyncRoot","Majjhima Nikaya by Bhante Hye Dhammavuddho Mahathera\113\113.json","Majjhima Nikaya by Bhante Hye Dhammavuddho Mahathera\113\113.mp4","Majjhima Nikaya by Bhante Hye Dhammavuddho Mahathera\113\113.en.srt","","12","COUNT ISFIXEDSIZE ISREADONLY ISSYNCHRONIZED LENGTH LONGLENGTH MP4 RANK SC SRT SYNCROOT TRN","1786962942641"
"MN 114","MN 114","MN","Majjhima Nikaya","114","RAW","60","False","False","False","False","False","False","False","False","False","False","False","","","https://suttacentral.net/mn114","Count IsFixedSize IsReadOnly IsSynchronized Length LongLength Rank SyncRoot","Majjhima Nikaya by Bhante Hye Dhammavuddho Mahathera\114\114.json","","","","9","COUNT ISFIXEDSIZE ISREADONLY ISSYNCHRONIZED LENGTH LONGLENGTH RANK SC SYNCROOT","1786962942654"
"MN 115","MN 115","MN","Majjhima Nikaya","115","RAW","60","False","False","False","False","False","False","False","False","False","False","False","","","https://suttacentral.net/mn115","Count IsFixedSize IsReadOnly IsSynchronized Length LongLength Rank SyncRoot","Majjhima Nikaya by Bhante Hye Dhammavuddho Mahathera\115\115.json","","","","9","COUNT ISFIXEDSIZE ISREADONLY ISSYNCHRONIZED LENGTH LONGLENGTH RANK SC SYNCROOT","1786962942669"
"MN 116","MN 116","MN","Majjhima Nikaya","116","RAW","85","False","False","True","False","False","False","True","True","False","False","False","","","https://suttacentral.net/mn116","Count IsFixedSize IsReadOnly IsSynchronized Length LongLength Rank SyncRoot","Majjhima Nikaya by Bhante Hye Dhammavuddho Mahathera\116\116.json","Majjhima Nikaya by Bhante Hye Dhammavuddho Mahathera\116\116.mp4","Majjhima Nikaya by Bhante Hye Dhammavuddho Mahathera\116\116.en.srt","","12","COUNT ISFIXEDSIZE ISREADONLY ISSYNCHRONIZED LENGTH LONGLENGTH MP4 RANK SC SRT SYNCROOT TRN","1786962942687"
"MN 117","MN 117","MN","Majjhima Nikaya","117","RAW","85","False","False","True","False","False","False","True","True","False","False","False","","","https://suttacentral.net/mn117","Count IsFixedSize IsReadOnly IsSynchronized Length LongLength Rank SyncRoot","Majjhima Nikaya by Bhante Hye Dhammavuddho Mahathera\117\117.json","Majjhima Nikaya by Bhante Hye Dhammavuddho Mahathera\117\117.mp4","Majjhima Nikaya by Bhante Hye Dhammavuddho Mahathera\117\117.en.srt","","12","COUNT ISFIXEDSIZE ISREADONLY ISSYNCHRONIZED LENGTH LONGLENGTH MP4 RANK SC SRT SYNCROOT TRN","1786962942707"
"MN 118","MN 118","MN","Majjhima Nikaya","118","RAW","60","False","False","False","False","False","False","False","False","False","False","False","","","https://suttacentral.net/mn118","Count IsFixedSize IsReadOnly IsSynchronized Length LongLength Rank SyncRoot","Majjhima Nikaya by Bhante Hye Dhammavuddho Mahathera\118\118.json","","","","9","COUNT ISFIXEDSIZE ISREADONLY ISSYNCHRONIZED LENGTH LONGLENGTH RANK SC SYNCROOT","1786962942724"
"MN 119","MN 119","MN","Majjhima Nikaya","119","RAW","60","False","False","False","False","False","False","False","False","False","False","False","","","https://suttacentral.net/mn119","Count IsFixedSize IsReadOnly IsSynchronized Length LongLength Rank SyncRoot","Majjhima Nikaya by Bhante Hye Dhammavuddho Mahathera\119\119.json","","","","9","COUNT ISFIXEDSIZE ISREADONLY ISSYNCHRONIZED LENGTH LONGLENGTH RANK SC SYNCROOT","1786962942737"
"MN 120","MN 120","MN","Majjhima Nikaya","120","RAW","60","False","False","False","False","False","False","False","False","False","False","False","","","https://suttacentral.net/mn120","Count IsFixedSize IsReadOnly IsSynchronized Length LongLength Rank SyncRoot","Majjhima Nikaya by Bhante Hye Dhammavuddho Mahathera\120\120.json","","","","9","COUNT ISFIXEDSIZE ISREADONLY ISSYNCHRONIZED LENGTH LONGLENGTH RANK SC SYNCROOT","1786962942749"
"MN 121","MN 121","MN","Majjhima Nikaya","121","RAW","60","False","False","False","False","False","False","False","False","False","False","False","","","https://suttacentral.net/mn121","Count IsFixedSize IsReadOnly IsSynchronized Length LongLength Rank SyncRoot","Majjhima Nikaya by Bhante Hye Dhammavuddho Mahathera\121\121.json","","","","9","COUNT ISFIXEDSIZE ISREADONLY ISSYNCHRONIZED LENGTH LONGLENGTH RANK SC SYNCROOT","1786962942761"
"MN 122","MN 122","MN","Majjhima Nikaya","122","RAW","60","False","False","False","False","False","False","False","False","False","False","False","","","https://suttacentral.net/mn122","Count IsFixedSize IsReadOnly IsSynchronized Length LongLength Rank SyncRoot","Majjhima Nikaya by Bhante Hye Dhammavuddho Mahathera\122\122.json","","","","9","COUNT ISFIXEDSIZE ISREADONLY ISSYNCHRONIZED LENGTH LONGLENGTH RANK SC SYNCROOT","1786962942772"
"MN 123","MN 123","MN","Majjhima Nikaya","123","RAW","60","False","False","False","False","False","False","False","False","False","False","False","","","https://suttacentral.net/mn123","Count IsFixedSize IsReadOnly IsSynchronized Length LongLength Rank SyncRoot","Majjhima Nikaya by Bhante Hye Dhammavuddho Mahathera\123\123.json","","","","9","COUNT ISFIXEDSIZE ISREADONLY ISSYNCHRONIZED LENGTH LONGLENGTH RANK SC SYNCROOT","1786962942785"
"MN 124","MN 124","MN","Majjhima Nikaya","124","RAW","60","False","False","False","False","False","False","False","False","False","False","False","","","https://suttacentral.net/mn124","Count IsFixedSize IsReadOnly IsSynchronized Length LongLength Rank SyncRoot","Majjhima Nikaya by Bhante Hye Dhammavuddho Mahathera\124\124.json","","","","9","COUNT ISFIXEDSIZE ISREADONLY ISSYNCHRONIZED LENGTH LONGLENGTH RANK SC SYNCROOT","1786962942798"
"MN 125","MN 125","MN","Majjhima Nikaya","125","RAW","60","False","False","False","False","False","False","False","False","False","False","False","","","https://suttacentral.net/mn125","Count IsFixedSize IsReadOnly IsSynchronized Length LongLength Rank SyncRoot","Majjhima Nikaya by Bhante Hye Dhammavuddho Mahathera\125\125.json","","","","9","COUNT ISFIXEDSIZE ISREADONLY ISSYNCHRONIZED LENGTH LONGLENGTH RANK SC SYNCROOT","1786962942810"
"MN 126","MN 126","MN","Majjhima Nikaya","126","RAW","60","False","False","False","False","False","False","False","False","False","False","False","","","https://suttacentral.net/mn126","Count IsFixedSize IsReadOnly IsSynchronized Length LongLength Rank SyncRoot","Majjhima Nikaya by Bhante Hye Dhammavuddho Mahathera\126\126.json","","","","9","COUNT ISFIXEDSIZE ISREADONLY ISSYNCHRONIZED LENGTH LONGLENGTH RANK SC SYNCROOT","1786962942826"
"MN 127","MN 127","MN","Majjhima Nikaya","127","RAW","60","False","False","False","False","False","False","False","False","False","False","False","","","https://suttacentral.net/mn127","Count IsFixedSize IsReadOnly IsSynchronized Length LongLength Rank SyncRoot","Majjhima Nikaya by Bhante Hye Dhammavuddho Mahathera\127\127.json","","","","9","COUNT ISFIXEDSIZE ISREADONLY ISSYNCHRONIZED LENGTH LONGLENGTH RANK SC SYNCROOT","1786962942839"
"MN 128","MN 128","MN","Majjhima Nikaya","128","RAW","60","False","False","False","False","False","False","False","False","False","False","False","","","https://suttacentral.net/mn128","Count IsFixedSize IsReadOnly IsSynchronized Length LongLength Rank SyncRoot","Majjhima Nikaya by Bhante Hye Dhammavuddho Mahathera\128\128.json","","","","9","COUNT ISFIXEDSIZE ISREADONLY ISSYNCHRONIZED LENGTH LONGLENGTH RANK SC SYNCROOT","1786962942852"
"MN 129","MN 129","MN","Majjhima Nikaya","129","RAW","60","False","False","False","False","False","False","False","False","False","False","False","","","https://suttacentral.net/mn129","Count IsFixedSize IsReadOnly IsSynchronized Length LongLength Rank SyncRoot","Majjhima Nikaya by Bhante Hye Dhammavuddho Mahathera\129\129.json","","","","9","COUNT ISFIXEDSIZE ISREADONLY ISSYNCHRONIZED LENGTH LONGLENGTH RANK SC SYNCROOT","1786962942865"
"MN 130","MN 130","MN","Majjhima Nikaya","130","RAW","85","False","False","True","False","False","False","True","True","False","False","False","","","https://suttacentral.net/mn130","Count IsFixedSize IsReadOnly IsSynchronized Length LongLength Rank SyncRoot","Majjhima Nikaya by Bhante Hye Dhammavuddho Mahathera\130\130.json","Majjhima Nikaya by Bhante Hye Dhammavuddho Mahathera\130\130.mp4","Majjhima Nikaya by Bhante Hye Dhammavuddho Mahathera\130\130.en.srt","","12","COUNT ISFIXEDSIZE ISREADONLY ISSYNCHRONIZED LENGTH LONGLENGTH MP4 RANK SC SRT SYNCROOT TRN","1786962942889"
"MN 131","MN 131","MN","Majjhima Nikaya","131","RAW","85","False","False","True","False","False","False","True","True","False","False","False","","","https://suttacentral.net/mn131","Count IsFixedSize IsReadOnly IsSynchronized Length LongLength Rank SyncRoot","Majjhima Nikaya by Bhante Hye Dhammavuddho Mahathera\131\131.json","Majjhima Nikaya by Bhante Hye Dhammavuddho Mahathera\131\131.mp4","Majjhima Nikaya by Bhante Hye Dhammavuddho Mahathera\131\131.en.srt","","12","COUNT ISFIXEDSIZE ISREADONLY ISSYNCHRONIZED LENGTH LONGLENGTH MP4 RANK SC SRT SYNCROOT TRN","1786962942913"
"MN 132","MN 132","MN","Majjhima Nikaya","132","RAW","85","False","False","True","False","False","False","True","True","False","False","False","","","https://suttacentral.net/mn132","Count IsFixedSize IsReadOnly IsSynchronized Length LongLength Rank SyncRoot","Majjhima Nikaya by Bhante Hye Dhammavuddho Mahathera\132\132.json","Majjhima Nikaya by Bhante Hye Dhammavuddho Mahathera\132\132.mp4","Majjhima Nikaya by Bhante Hye Dhammavuddho Mahathera\132\132.en.srt","","12","COUNT ISFIXEDSIZE ISREADONLY ISSYNCHRONIZED LENGTH LONGLENGTH MP4 RANK SC SRT SYNCROOT TRN","1786962942938"
"MN 133","MN 133","MN","Majjhima Nikaya","133","RAW","60","False","False","False","False","False","False","False","False","False","False","False","","","https://suttacentral.net/mn133","Count IsFixedSize IsReadOnly IsSynchronized Length LongLength Rank SyncRoot","Majjhima Nikaya by Bhante Hye Dhammavuddho Mahathera\133\133.json","","","","9","COUNT ISFIXEDSIZE ISREADONLY ISSYNCHRONIZED LENGTH LONGLENGTH RANK SC SYNCROOT","1786962942957"
"MN 134","MN 134","MN","Majjhima Nikaya","134","RAW","60","False","False","False","False","False","False","False","False","False","False","False","","","https://suttacentral.net/mn134","Count IsFixedSize IsReadOnly IsSynchronized Length LongLength Rank SyncRoot","Majjhima Nikaya by Bhante Hye Dhammavuddho Mahathera\134\134.json","","","","9","COUNT ISFIXEDSIZE ISREADONLY ISSYNCHRONIZED LENGTH LONGLENGTH RANK SC SYNCROOT","1786962942970"
"MN 135","MN 135","MN","Majjhima Nikaya","135","RAW","60","False","False","False","False","False","False","False","False","False","False","False","","","https://suttacentral.net/mn135","Count IsFixedSize IsReadOnly IsSynchronized Length LongLength Rank SyncRoot","Majjhima Nikaya by Bhante Hye Dhammavuddho Mahathera\135\135.json","","","","9","COUNT ISFIXEDSIZE ISREADONLY ISSYNCHRONIZED LENGTH LONGLENGTH RANK SC SYNCROOT","1786962942984"
"MN 136","MN 136","MN","Majjhima Nikaya","136","RAW","85","False","False","True","False","False","False","True","True","False","False","False","","","https://suttacentral.net/mn136","Count IsFixedSize IsReadOnly IsSynchronized Length LongLength Rank SyncRoot","Majjhima Nikaya by Bhante Hye Dhammavuddho Mahathera\136\136.json","Majjhima Nikaya by Bhante Hye Dhammavuddho Mahathera\136\136.mp4","Majjhima Nikaya by Bhante Hye Dhammavuddho Mahathera\136\136.en.srt","","12","COUNT ISFIXEDSIZE ISREADONLY ISSYNCHRONIZED LENGTH LONGLENGTH MP4 RANK SC SRT SYNCROOT TRN","1786962943004"
"MN 137","MN 137","MN","Majjhima Nikaya","137","RAW","85","False","False","True","False","False","False","True","True","False","False","False","","","https://suttacentral.net/mn137","Count IsFixedSize IsReadOnly IsSynchronized Length LongLength Rank SyncRoot","Majjhima Nikaya by Bhante Hye Dhammavuddho Mahathera\137\137.json","Majjhima Nikaya by Bhante Hye Dhammavuddho Mahathera\137\137.mp4","Majjhima Nikaya by Bhante Hye Dhammavuddho Mahathera\137\137.en.srt","","12","COUNT ISFIXEDSIZE ISREADONLY ISSYNCHRONIZED LENGTH LONGLENGTH MP4 RANK SC SRT SYNCROOT TRN","1786962943029"
"MN 138","MN 138","MN","Majjhima Nikaya","138","RAW","85","False","False","True","False","False","False","True","True","False","False","False","","","https://suttacentral.net/mn138","Count IsFixedSize IsReadOnly IsSynchronized Length LongLength Rank SyncRoot","Majjhima Nikaya by Bhante Hye Dhammavuddho Mahathera\138\138.json","Majjhima Nikaya by Bhante Hye Dhammavuddho Mahathera\138\138.mp4","Majjhima Nikaya by Bhante Hye Dhammavuddho Mahathera\138\138.en.srt","","12","COUNT ISFIXEDSIZE ISREADONLY ISSYNCHRONIZED LENGTH LONGLENGTH MP4 RANK SC SRT SYNCROOT TRN","1786962943053"
"MN 139","MN 139","MN","Majjhima Nikaya","139","RAW","85","False","False","True","False","False","False","True","True","False","False","False","","","https://suttacentral.net/mn139","Count IsFixedSize IsReadOnly IsSynchronized Length LongLength Rank SyncRoot","Majjhima Nikaya by Bhante Hye Dhammavuddho Mahathera\139\139.json","Majjhima Nikaya by Bhante Hye Dhammavuddho Mahathera\139\139.mp4","Majjhima Nikaya by Bhante Hye Dhammavuddho Mahathera\139\139.en.srt","","12","COUNT ISFIXEDSIZE ISREADONLY ISSYNCHRONIZED LENGTH LONGLENGTH MP4 RANK SC SRT SYNCROOT TRN","1786962943077"
"MN 140","MN 140","MN","Majjhima Nikaya","140","RAW","60","False","False","False","False","False","False","False","False","False","False","False","","","https://suttacentral.net/mn140","Count IsFixedSize IsReadOnly IsSynchronized Length LongLength Rank SyncRoot","Majjhima Nikaya by Bhante Hye Dhammavuddho Mahathera\140\140.json","","","","9","COUNT ISFIXEDSIZE ISREADONLY ISSYNCHRONIZED LENGTH LONGLENGTH RANK SC SYNCROOT","1786962943093"
"MN 141","MN 141","MN","Majjhima Nikaya","141","RAW","60","False","False","False","False","False","False","False","False","False","False","False","","","https://suttacentral.net/mn141","Count IsFixedSize IsReadOnly IsSynchronized Length LongLength Rank SyncRoot","Majjhima Nikaya by Bhante Hye Dhammavuddho Mahathera\141\141.json","","","","9","COUNT ISFIXEDSIZE ISREADONLY ISSYNCHRONIZED LENGTH LONGLENGTH RANK SC SYNCROOT","1786962943105"
"MN 142","MN 142","MN","Majjhima Nikaya","142","RAW","60","False","False","False","False","False","False","False","False","False","False","False","","","https://suttacentral.net/mn142","Count IsFixedSize IsReadOnly IsSynchronized Length LongLength Rank SyncRoot","Majjhima Nikaya by Bhante Hye Dhammavuddho Mahathera\142\142.json","","","","9","COUNT ISFIXEDSIZE ISREADONLY ISSYNCHRONIZED LENGTH LONGLENGTH RANK SC SYNCROOT","1786962943117"
"MN 143","MN 143","MN","Majjhima Nikaya","143","RAW","85","False","False","True","False","False","False","True","True","False","False","False","","","https://suttacentral.net/mn143","Count IsFixedSize IsReadOnly IsSynchronized Length LongLength Rank SyncRoot","Majjhima Nikaya by Bhante Hye Dhammavuddho Mahathera\143\143.json","Majjhima Nikaya by Bhante Hye Dhammavuddho Mahathera\143\143.mp4","Majjhima Nikaya by Bhante Hye Dhammavuddho Mahathera\143\143.en.srt","","12","COUNT ISFIXEDSIZE ISREADONLY ISSYNCHRONIZED LENGTH LONGLENGTH MP4 RANK SC SRT SYNCROOT TRN","1786962943246"
"MN 144","MN 144","MN","Majjhima Nikaya","144","RAW","85","False","False","True","False","False","False","True","True","False","False","False","","","https://suttacentral.net/mn144","Count IsFixedSize IsReadOnly IsSynchronized Length LongLength Rank SyncRoot","Majjhima Nikaya by Bhante Hye Dhammavuddho Mahathera\144\144.json","Majjhima Nikaya by Bhante Hye Dhammavuddho Mahathera\144\144.mp4","Majjhima Nikaya by Bhante Hye Dhammavuddho Mahathera\144\144.en.srt","","12","COUNT ISFIXEDSIZE ISREADONLY ISSYNCHRONIZED LENGTH LONGLENGTH MP4 RANK SC SRT SYNCROOT TRN","1786962943270"
"MN 145","MN 145","MN","Majjhima Nikaya","145","RAW","85","False","False","True","False","False","False","True","True","False","False","False","","","https://suttacentral.net/mn145","Count IsFixedSize IsReadOnly IsSynchronized Length LongLength Rank SyncRoot","Majjhima Nikaya by Bhante Hye Dhammavuddho Mahathera\145\145.json","Majjhima Nikaya by Bhante Hye Dhammavuddho Mahathera\145\145.mp4","Majjhima Nikaya by Bhante Hye Dhammavuddho Mahathera\145\145.en.srt","","12","COUNT ISFIXEDSIZE ISREADONLY ISSYNCHRONIZED LENGTH LONGLENGTH MP4 RANK SC SRT SYNCROOT TRN","1786962943292"
"MN 146","MN 146","MN","Majjhima Nikaya","146","RAW","60","False","False","False","False","False","False","False","False","False","False","False","","","https://suttacentral.net/mn146","Count IsFixedSize IsReadOnly IsSynchronized Length LongLength Rank SyncRoot","Majjhima Nikaya by Bhante Hye Dhammavuddho Mahathera\146\146.json","","","","9","COUNT ISFIXEDSIZE ISREADONLY ISSYNCHRONIZED LENGTH LONGLENGTH RANK SC SYNCROOT","1786962943307"
"MN 147","MN 147","MN","Majjhima Nikaya","147","RAW","60","False","False","False","False","False","False","False","False","False","False","False","","","https://suttacentral.net/mn147","Count IsFixedSize IsReadOnly IsSynchronized Length LongLength Rank SyncRoot","Majjhima Nikaya by Bhante Hye Dhammavuddho Mahathera\147\147.json","","","","9","COUNT ISFIXEDSIZE ISREADONLY ISSYNCHRONIZED LENGTH LONGLENGTH RANK SC SYNCROOT","1786962943319"
"MN 148","MN 148","MN","Majjhima Nikaya","148","RAW","60","False","False","False","False","False","False","False","False","False","False","False","","","https://suttacentral.net/mn148","Count IsFixedSize IsReadOnly IsSynchronized Length LongLength Rank SyncRoot","Majjhima Nikaya by Bhante Hye Dhammavuddho Mahathera\148\148.json","","","","9","COUNT ISFIXEDSIZE ISREADONLY ISSYNCHRONIZED LENGTH LONGLENGTH RANK SC SYNCROOT","1786962943333"
"MN 149","MN 149","MN","Majjhima Nikaya","149","RAW","60","False","False","False","False","False","False","False","False","False","False","False","","","https://suttacentral.net/mn149","Count IsFixedSize IsReadOnly IsSynchronized Length LongLength Rank SyncRoot","Majjhima Nikaya by Bhante Hye Dhammavuddho Mahathera\149\149.json","","","","9","COUNT ISFIXEDSIZE ISREADONLY ISSYNCHRONIZED LENGTH LONGLENGTH RANK SC SYNCROOT","1786962943345"
"MN 150","MN 150","MN","Majjhima Nikaya","150","RAW","60","False","False","False","False","False","False","False","False","False","False","False","","","https://suttacentral.net/mn150","Count IsFixedSize IsReadOnly IsSynchronized Length LongLength Rank SyncRoot","Majjhima Nikaya by Bhante Hye Dhammavuddho Mahathera\150\150.json","","","","9","COUNT ISFIXEDSIZE ISREADONLY ISSYNCHRONIZED LENGTH LONGLENGTH RANK SC SYNCROOT","1786962943357"
"MN 151","MN 151","MN","Majjhima Nikaya","151","RAW","60","False","False","False","False","False","False","False","False","False","False","False","","","https://suttacentral.net/mn151","Count IsFixedSize IsReadOnly IsSynchronized Length LongLength Rank SyncRoot","Majjhima Nikaya by Bhante Hye Dhammavuddho Mahathera\151\151.json","","","","9","COUNT ISFIXEDSIZE ISREADONLY ISSYNCHRONIZED LENGTH LONGLENGTH RANK SC SYNCROOT","1786962943370"
"MN 152","MN 152","MN","Majjhima Nikaya","152","RAW","60","False","False","False","False","False","False","False","False","False","False","False","","","https://suttacentral.net/mn152","Count IsFixedSize IsReadOnly IsSynchronized Length LongLength Rank SyncRoot","Majjhima Nikaya by Bhante Hye Dhammavuddho Mahathera\152\152.json","","","","9","COUNT ISFIXEDSIZE ISREADONLY ISSYNCHRONIZED LENGTH LONGLENGTH RANK SC SYNCROOT","1786962943381"
"SN 0.3","SN 0.3","SN","Samyutta Nikaya","0_3","RAW","85","False","False","True","False","False","False","True","True","False","False","False","","","https://suttacentral.net/sn0.3","Count IsFixedSize IsReadOnly IsSynchronized Length LongLength Rank SyncRoot","frontendoptimised2\downloads\Samyutta Nikaya by Bhante Hye Dhammavuddho Mahathera\0_3\0_3.json","frontendoptimised2\downloads\Samyutta Nikaya by Bhante Hye Dhammavuddho Mahathera\0_3\0_3.mp4","frontendoptimised2\downloads\Samyutta Nikaya by Bhante Hye Dhammavuddho Mahathera\0_3\0_3.en.srt","","12","COUNT ISFIXEDSIZE ISREADONLY ISSYNCHRONIZED LENGTH LONGLENGTH MP4 RANK SC SRT SYNCROOT TRN","1786962878251"
"SN 0.6","SN 0.6","SN","Samyutta Nikaya","0_6","RAW","85","False","False","True","False","False","False","True","True","False","False","False","","","https://suttacentral.net/sn0.6","Count IsFixedSize IsReadOnly IsSynchronized Length LongLength Rank SyncRoot","frontendoptimised2\downloads\Samyutta Nikaya by Bhante Hye Dhammavuddho Mahathera\0_6\0_6.json","frontendoptimised2\downloads\Samyutta Nikaya by Bhante Hye Dhammavuddho Mahathera\0_6\0_6.mp4","frontendoptimised2\downloads\Samyutta Nikaya by Bhante Hye Dhammavuddho Mahathera\0_6\0_6.en.srt","","12","COUNT ISFIXEDSIZE ISREADONLY ISSYNCHRONIZED LENGTH LONGLENGTH MP4 RANK SC SRT SYNCROOT TRN","1786962878282"
"SN 0.9","SN 0.9","SN","Samyutta Nikaya","0_9","RAW","85","False","False","True","False","False","False","True","True","False","False","False","","","https://suttacentral.net/sn0.9","Count IsFixedSize IsReadOnly IsSynchronized Length LongLength Rank SyncRoot","frontendoptimised2\downloads\Samyutta Nikaya by Bhante Hye Dhammavuddho Mahathera\0_9\0_9.json","frontendoptimised2\downloads\Samyutta Nikaya by Bhante Hye Dhammavuddho Mahathera\0_9\0_9.mp4","frontendoptimised2\downloads\Samyutta Nikaya by Bhante Hye Dhammavuddho Mahathera\0_9\0_9.en.srt","","12","COUNT ISFIXEDSIZE ISREADONLY ISSYNCHRONIZED LENGTH LONGLENGTH MP4 RANK SC SRT SYNCROOT TRN","1786962878534"
"SN 1","Crossing the Flood & Emancipation","SN","Samyutta Nikaya","1","RAW","60","False","False","False","False","False","False","False","False","False","False","False","","","","Count IsFixedSize IsReadOnly IsSynchronized Length LongLength Rank SyncRoot","Samyutta Nikaya by Bhante Hye Dhammavuddho Mahathera\1\1.json","","","","8","COUNT ISFIXEDSIZE ISREADONLY ISSYNCHRONIZED LENGTH LONGLENGTH RANK SYNCROOT","1786962881295"
"SN 01","Crossing the Flood & Emancipation","SN","Samyutta Nikaya","01","RAW","85","False","False","True","False","False","False","True","True","False","False","False","","","https://suttacentral.net/sn1.1","Count IsFixedSize IsReadOnly IsSynchronized Length LongLength Rank SyncRoot","Samyutta Nikaya by Bhante Hye Dhammavuddho Mahathera\01\01.json","Samyutta Nikaya by Bhante Hye Dhammavuddho Mahathera\01\01.mp4","Samyutta Nikaya by Bhante Hye Dhammavuddho Mahathera\01\01.en.srt","","12","COUNT ISFIXEDSIZE ISREADONLY ISSYNCHRONIZED LENGTH LONGLENGTH MP4 RANK SC SRT SYNCROOT TRN","1786962878763"
"SN 1.1","SN 1.1","SN","Samyutta Nikaya","1_1","RAW","85","False","False","True","False","False","False","True","True","False","False","False","","","https://suttacentral.net/sn1.1","Count IsFixedSize IsReadOnly IsSynchronized Length LongLength Rank SyncRoot","frontendoptimised2\downloads\Samyutta Nikaya by Bhante Hye Dhammavuddho Mahathera\1_1\1_1.json","frontendoptimised2\downloads\Samyutta Nikaya by Bhante Hye Dhammavuddho Mahathera\1_1\1_1.mp4","frontendoptimised2\downloads\Samyutta Nikaya by Bhante Hye Dhammavuddho Mahathera\1_1\1_1.en.srt","","12","COUNT ISFIXEDSIZE ISREADONLY ISSYNCHRONIZED LENGTH LONGLENGTH MP4 RANK SC SRT SYNCROOT TRN","1786962881483"
"SN 1.19","Jambudvīpa Vagga","SN","Samyutta Nikaya","1_19","RAW","85","False","False","True","False","False","False","True","True","False","False","False","","","https://suttacentral.net/sn1.19","Count IsFixedSize IsReadOnly IsSynchronized Length LongLength Rank SyncRoot","frontendoptimised2\downloads\Samyutta Nikaya by Bhante Hye Dhammavuddho Mahathera\1_19\1_19.json","frontendoptimised2\downloads\Samyutta Nikaya by Bhante Hye Dhammavuddho Mahathera\1_19\1_19.mp4","frontendoptimised2\downloads\Samyutta Nikaya by Bhante Hye Dhammavuddho Mahathera\1_19\1_19.en.srt","","12","COUNT ISFIXEDSIZE ISREADONLY ISSYNCHRONIZED LENGTH LONGLENGTH MP4 RANK SC SRT SYNCROOT TRN","1786962881532"
"SN 1.20","SN 1.20","SN","Samyutta Nikaya","1_20","RAW","85","False","False","True","False","False","False","True","True","False","False","False","","","https://suttacentral.net/sn1.20","Count IsFixedSize IsReadOnly IsSynchronized Length LongLength Rank SyncRoot","frontendoptimised2\downloads\Samyutta Nikaya by Bhante Hye Dhammavuddho Mahathera\1_20\1_20.json","frontendoptimised2\downloads\Samyutta Nikaya by Bhante Hye Dhammavuddho Mahathera\1_20\1_20.mp4","frontendoptimised2\downloads\Samyutta Nikaya by Bhante Hye Dhammavuddho Mahathera\1_20\1_20.en.srt","","12","COUNT ISFIXEDSIZE ISREADONLY ISSYNCHRONIZED LENGTH LONGLENGTH MP4 RANK SC SRT SYNCROOT TRN","1786962881603"
"SN 1.21","SN 1.21","SN","Samyutta Nikaya","1_21","RAW","85","False","False","True","False","False","False","True","True","False","False","False","","","https://suttacentral.net/sn1.21","Count IsFixedSize IsReadOnly IsSynchronized Length LongLength Rank SyncRoot","frontendoptimised2\downloads\Samyutta Nikaya by Bhante Hye Dhammavuddho Mahathera\1_21\1_21.json","frontendoptimised2\downloads\Samyutta Nikaya by Bhante Hye Dhammavuddho Mahathera\1_21\1_21.mp4","frontendoptimised2\downloads\Samyutta Nikaya by Bhante Hye Dhammavuddho Mahathera\1_21\1_21.en.srt","","12","COUNT ISFIXEDSIZE ISREADONLY ISSYNCHRONIZED LENGTH LONGLENGTH MP4 RANK SC SRT SYNCROOT TRN","1786962881643"
"SN 1.22","SN 1.22","SN","Samyutta Nikaya","1_22","RAW","85","False","False","True","False","False","False","True","True","False","False","False","","","https://suttacentral.net/sn1.22","Count IsFixedSize IsReadOnly IsSynchronized Length LongLength Rank SyncRoot","frontendoptimised2\downloads\Samyutta Nikaya by Bhante Hye Dhammavuddho Mahathera\1_22\1_22.json","frontendoptimised2\downloads\Samyutta Nikaya by Bhante Hye Dhammavuddho Mahathera\1_22\1_22.mp4","frontendoptimised2\downloads\Samyutta Nikaya by Bhante Hye Dhammavuddho Mahathera\1_22\1_22.en.srt","","12","COUNT ISFIXEDSIZE ISREADONLY ISSYNCHRONIZED LENGTH LONGLENGTH MP4 RANK SC SRT SYNCROOT TRN","1786962881678"
"SN 1.23","SN 1.23","SN","Samyutta Nikaya","1_23","RAW","85","False","False","True","False","False","False","True","True","False","False","False","","","https://suttacentral.net/sn1.23","Count IsFixedSize IsReadOnly IsSynchronized Length LongLength Rank SyncRoot","frontendoptimised2\downloads\Samyutta Nikaya by Bhante Hye Dhammavuddho Mahathera\1_23\1_23.json","frontendoptimised2\downloads\Samyutta Nikaya by Bhante Hye Dhammavuddho Mahathera\1_23\1_23.mp4","frontendoptimised2\downloads\Samyutta Nikaya by Bhante Hye Dhammavuddho Mahathera\1_23\1_23.en.srt","","12","COUNT ISFIXEDSIZE ISREADONLY ISSYNCHRONIZED LENGTH LONGLENGTH MP4 RANK SC SRT SYNCROOT TRN","1786962881724"
"SN 1.24","SN 1.24","SN","Samyutta Nikaya","1_24","RAW","85","False","False","True","False","False","False","True","True","False","False","False","","","https://suttacentral.net/sn1.24","Count IsFixedSize IsReadOnly IsSynchronized Length LongLength Rank SyncRoot","frontendoptimised2\downloads\Samyutta Nikaya by Bhante Hye Dhammavuddho Mahathera\1_24\1_24.json","frontendoptimised2\downloads\Samyutta Nikaya by Bhante Hye Dhammavuddho Mahathera\1_24\1_24.mp4","frontendoptimised2\downloads\Samyutta Nikaya by Bhante Hye Dhammavuddho Mahathera\1_24\1_24.en.srt","","12","COUNT ISFIXEDSIZE ISREADONLY ISSYNCHRONIZED LENGTH LONGLENGTH MP4 RANK SC SRT SYNCROOT TRN","1786962881781"
"SN 1.25","SN 1.25","SN","Samyutta Nikaya","1_25","RAW","85","False","False","True","False","False","False","True","True","False","False","False","","","https://suttacentral.net/sn1.25","Count IsFixedSize IsReadOnly IsSynchronized Length LongLength Rank SyncRoot","frontendoptimised2\downloads\Samyutta Nikaya by Bhante Hye Dhammavuddho Mahathera\1_25\1_25.json","frontendoptimised2\downloads\Samyutta Nikaya by Bhante Hye Dhammavuddho Mahathera\1_25\1_25.mp4","frontendoptimised2\downloads\Samyutta Nikaya by Bhante Hye Dhammavuddho Mahathera\1_25\1_25.en.srt","","12","COUNT ISFIXEDSIZE ISREADONLY ISSYNCHRONIZED LENGTH LONGLENGTH MP4 RANK SC SRT SYNCROOT TRN","1786962881913"
"SN 1.41","SN 1.41","SN","Samyutta Nikaya","1_41","RAW","85","False","False","True","False","False","False","True","True","False","False","False","","","https://suttacentral.net/sn1.41","Count IsFixedSize IsReadOnly IsSynchronized Length LongLength Rank SyncRoot","frontendoptimised2\downloads\Samyutta Nikaya by Bhante Hye Dhammavuddho Mahathera\1_41\1_41.json","frontendoptimised2\downloads\Samyutta Nikaya by Bhante Hye Dhammavuddho Mahathera\1_41\1_41.mp4","frontendoptimised2\downloads\Samyutta Nikaya by Bhante Hye Dhammavuddho Mahathera\1_41\1_41.en.srt","","12","COUNT ISFIXEDSIZE ISREADONLY ISSYNCHRONIZED LENGTH LONGLENGTH MP4 RANK SC SRT SYNCROOT TRN","1786962881973"
"SN 1.42","SN 1.42","SN","Samyutta Nikaya","1_42","RAW","85","False","False","True","False","False","False","True","True","False","False","False","","","https://suttacentral.net/sn1.42","Count IsFixedSize IsReadOnly IsSynchronized Length LongLength Rank SyncRoot","frontendoptimised2\downloads\Samyutta Nikaya by Bhante Hye Dhammavuddho Mahathera\1_42\1_42.json","frontendoptimised2\downloads\Samyutta Nikaya by Bhante Hye Dhammavuddho Mahathera\1_42\1_42.mp4","frontendoptimised2\downloads\Samyutta Nikaya by Bhante Hye Dhammavuddho Mahathera\1_42\1_42.en.srt","","12","COUNT ISFIXEDSIZE ISREADONLY ISSYNCHRONIZED LENGTH LONGLENGTH MP4 RANK SC SRT SYNCROOT TRN","1786962882181"
"SN 02","SN 02","SN","Samyutta Nikaya","02","RAW","85","False","False","True","False","False","False","True","True","False","False","False","","","https://suttacentral.net/sn02","Count IsFixedSize IsReadOnly IsSynchronized Length LongLength Rank SyncRoot","Samyutta Nikaya by Bhante Hye Dhammavuddho Mahathera\02\02.json","Samyutta Nikaya by Bhante Hye Dhammavuddho Mahathera\02\02.mp4","Samyutta Nikaya by Bhante Hye Dhammavuddho Mahathera\02\02.en.srt","","12","COUNT ISFIXEDSIZE ISREADONLY ISSYNCHRONIZED LENGTH LONGLENGTH MP4 RANK SC SRT SYNCROOT TRN","1786962879136"
"SN 2","SN 2","SN","Samyutta Nikaya","2","RAW","60","False","False","False","False","False","False","False","False","False","False","False","","","","Count IsFixedSize IsReadOnly IsSynchronized Length LongLength Rank SyncRoot","Samyutta Nikaya by Bhante Hye Dhammavuddho Mahathera\2\2.json","","","","8","COUNT ISFIXEDSIZE ISREADONLY ISSYNCHRONIZED LENGTH LONGLENGTH RANK SYNCROOT","1786962888400"
"SN 2.15","SN 2.15","SN","Samyutta Nikaya","2_15","RAW","85","False","False","True","False","False","False","True","True","False","False","False","","","https://suttacentral.net/sn2.15","Count IsFixedSize IsReadOnly IsSynchronized Length LongLength Rank SyncRoot","frontendoptimised2\downloads\Samyutta Nikaya by Bhante Hye Dhammavuddho Mahathera\2_15\2_15.json","frontendoptimised2\downloads\Samyutta Nikaya by Bhante Hye Dhammavuddho Mahathera\2_15\2_15.mp4","frontendoptimised2\downloads\Samyutta Nikaya by Bhante Hye Dhammavuddho Mahathera\2_15\2_15.en.srt","","12","COUNT ISFIXEDSIZE ISREADONLY ISSYNCHRONIZED LENGTH LONGLENGTH MP4 RANK SC SRT SYNCROOT TRN","1786962888549"
"SN 3","SN 3","SN","Samyutta Nikaya","3","RAW","60","False","False","False","False","False","False","False","False","False","False","False","","","","Count IsFixedSize IsReadOnly IsSynchronized Length LongLength Rank SyncRoot","Samyutta Nikaya by Bhante Hye Dhammavuddho Mahathera\3\3.json","","","","8","COUNT ISFIXEDSIZE ISREADONLY ISSYNCHRONIZED LENGTH LONGLENGTH RANK SYNCROOT","1786962892304"
"SN 03","SN 03","SN","Samyutta Nikaya","03","RAW","85","False","False","True","False","False","False","True","True","False","False","False","","","https://suttacentral.net/sn03","Count IsFixedSize IsReadOnly IsSynchronized Length LongLength Rank SyncRoot","Samyutta Nikaya by Bhante Hye Dhammavuddho Mahathera\03\03.json","Samyutta Nikaya by Bhante Hye Dhammavuddho Mahathera\03\03.mp4","Samyutta Nikaya by Bhante Hye Dhammavuddho Mahathera\03\03.en.srt","","12","COUNT ISFIXEDSIZE ISREADONLY ISSYNCHRONIZED LENGTH LONGLENGTH MP4 RANK SC SRT SYNCROOT TRN","1786962879528"
"SN 3.6","SN 3.6","SN","Samyutta Nikaya","3_6","RAW","85","False","False","True","False","False","False","True","True","False","False","False","","","https://suttacentral.net/sn3.6","Count IsFixedSize IsReadOnly IsSynchronized Length LongLength Rank SyncRoot","frontendoptimised2\downloads\Samyutta Nikaya by Bhante Hye Dhammavuddho Mahathera\3_6\3_6.json","frontendoptimised2\downloads\Samyutta Nikaya by Bhante Hye Dhammavuddho Mahathera\3_6\3_6.mp4","frontendoptimised2\downloads\Samyutta Nikaya by Bhante Hye Dhammavuddho Mahathera\3_6\3_6.en.srt","","12","COUNT ISFIXEDSIZE ISREADONLY ISSYNCHRONIZED LENGTH LONGLENGTH MP4 RANK SC SRT SYNCROOT TRN","1786962892640"
"SN 3.11","SN 3.11","SN","Samyutta Nikaya","3_11","RAW","85","False","False","True","False","False","False","True","True","False","False","False","","","https://suttacentral.net/sn3.11","Count IsFixedSize IsReadOnly IsSynchronized Length LongLength Rank SyncRoot","frontendoptimised2\downloads\Samyutta Nikaya by Bhante Hye Dhammavuddho Mahathera\3_11\3_11.json","frontendoptimised2\downloads\Samyutta Nikaya by Bhante Hye Dhammavuddho Mahathera\3_11\3_11.mp4","frontendoptimised2\downloads\Samyutta Nikaya by Bhante Hye Dhammavuddho Mahathera\3_11\3_11.en.srt","","12","COUNT ISFIXEDSIZE ISREADONLY ISSYNCHRONIZED LENGTH LONGLENGTH MP4 RANK SC SRT SYNCROOT TRN","1786962892535"
"SN 04","SN 04","SN","Samyutta Nikaya","04","RAW","85","False","False","True","False","False","False","True","True","False","False","False","","","https://suttacentral.net/sn04","Count IsFixedSize IsReadOnly IsSynchronized Length LongLength Rank SyncRoot","Samyutta Nikaya by Bhante Hye Dhammavuddho Mahathera\04\04.json","Samyutta Nikaya by Bhante Hye Dhammavuddho Mahathera\04\04.mp4","Samyutta Nikaya by Bhante Hye Dhammavuddho Mahathera\04\04.en.srt","","12","COUNT ISFIXEDSIZE ISREADONLY ISSYNCHRONIZED LENGTH LONGLENGTH MP4 RANK SC SRT SYNCROOT TRN","1786962879903"
"SN 4","SN 4","SN","Samyutta Nikaya","4","RAW","60","False","False","False","False","False","False","False","False","False","False","False","","","","Count IsFixedSize IsReadOnly IsSynchronized Length LongLength Rank SyncRoot","Samyutta Nikaya by Bhante Hye Dhammavuddho Mahathera\4\4.json","","","","8","COUNT ISFIXEDSIZE ISREADONLY ISSYNCHRONIZED LENGTH LONGLENGTH RANK SYNCROOT","1786962909862"
"SN 4.1","SN 4.1","SN","Samyutta Nikaya","4_1","RAW","85","False","False","True","False","False","False","True","True","False","False","False","","","https://suttacentral.net/sn4.1","Count IsFixedSize IsReadOnly IsSynchronized Length LongLength Rank SyncRoot","frontendoptimised2\downloads\Samyutta Nikaya by Bhante Hye Dhammavuddho Mahathera\4_1\4_1.json","frontendoptimised2\downloads\Samyutta Nikaya by Bhante Hye Dhammavuddho Mahathera\4_1\4_1.mp4","frontendoptimised2\downloads\Samyutta Nikaya by Bhante Hye Dhammavuddho Mahathera\4_1\4_1.en.srt","","12","COUNT ISFIXEDSIZE ISREADONLY ISSYNCHRONIZED LENGTH LONGLENGTH MP4 RANK SC SRT SYNCROOT TRN","1786962910044"
"SN 5","SN 5","SN","Samyutta Nikaya","5","RAW","60","False","False","False","False","False","False","False","False","False","False","False","","","","Count IsFixedSize IsReadOnly IsSynchronized Length LongLength Rank SyncRoot","Samyutta Nikaya by Bhante Hye Dhammavuddho Mahathera\5\5.json","","","","8","COUNT ISFIXEDSIZE ISREADONLY ISSYNCHRONIZED LENGTH LONGLENGTH RANK SYNCROOT","1786962926505"
"SN 05","SN 05","SN","Samyutta Nikaya","05","RAW","85","False","False","True","False","False","False","True","True","False","False","False","","","https://suttacentral.net/sn05","Count IsFixedSize IsReadOnly IsSynchronized Length LongLength Rank SyncRoot","Samyutta Nikaya by Bhante Hye Dhammavuddho Mahathera\05\05.json","Samyutta Nikaya by Bhante Hye Dhammavuddho Mahathera\05\05.mp4","Samyutta Nikaya by Bhante Hye Dhammavuddho Mahathera\05\05.en.srt","","12","COUNT ISFIXEDSIZE ISREADONLY ISSYNCHRONIZED LENGTH LONGLENGTH MP4 RANK SC SRT SYNCROOT TRN","1786962880226"
"SN 5.1.1","Kāmada Sutta","SN","Samyutta Nikaya","5_1_1","RAW","60","True","True","True","True","True","False","False","False","False","False","False","","","https://suttacentral.net/sn2.6","Count IsFixedSize IsReadOnly IsSynchronized Length LongLength Rank SyncRoot","frontendoptimised2\downloads\Samyutta Nikaya by Bhante Hye Dhammavuddho Mahathera\5_1_1\5_1_1.json","","","","14","COM COUNT ISFIXEDSIZE ISREADONLY ISSYNCHRONIZED KG LENGTH LONGLENGTH QZ RANK SC SYNCROOT TRN TXT","1786962926650"
"SN 5.5","SN 5.5","SN","Samyutta Nikaya","5_5","RAW","85","False","False","True","False","False","False","True","True","False","False","False","","","https://suttacentral.net/sn5.5","Count IsFixedSize IsReadOnly IsSynchronized Length LongLength Rank SyncRoot","frontendoptimised2\downloads\Samyutta Nikaya by Bhante Hye Dhammavuddho Mahathera\5_5\5_5.json","frontendoptimised2\downloads\Samyutta Nikaya by Bhante Hye Dhammavuddho Mahathera\5_5\5_5.mp4","frontendoptimised2\downloads\Samyutta Nikaya by Bhante Hye Dhammavuddho Mahathera\5_5\5_5.en.srt","","12","COUNT ISFIXEDSIZE ISREADONLY ISSYNCHRONIZED LENGTH LONGLENGTH MP4 RANK SC SRT SYNCROOT TRN","1786962926960"
"SN 06","SN 06","SN","Samyutta Nikaya","06","RAW","85","False","False","True","False","False","False","True","True","False","False","False","","","https://suttacentral.net/sn06","Count IsFixedSize IsReadOnly IsSynchronized Length LongLength Rank SyncRoot","Samyutta Nikaya by Bhante Hye Dhammavuddho Mahathera\06\06.json","Samyutta Nikaya by Bhante Hye Dhammavuddho Mahathera\06\06.mp4","Samyutta Nikaya by Bhante Hye Dhammavuddho Mahathera\06\06.en.srt","","12","COUNT ISFIXEDSIZE ISREADONLY ISSYNCHRONIZED LENGTH LONGLENGTH MP4 RANK SC SRT SYNCROOT TRN","1786962880623"
"SN 6","SN 6","SN","Samyutta Nikaya","6","RAW","60","False","False","False","False","False","False","False","False","False","False","False","","","","Count IsFixedSize IsReadOnly IsSynchronized Length LongLength Rank SyncRoot","Samyutta Nikaya by Bhante Hye Dhammavuddho Mahathera\6\6.json","","","","8","COUNT ISFIXEDSIZE ISREADONLY ISSYNCHRONIZED LENGTH LONGLENGTH RANK SYNCROOT","1786962935330"
"SN 6.2","SN 6.2","SN","Samyutta Nikaya","6_2","RAW","85","False","False","True","False","False","False","True","True","False","False","False","","","https://suttacentral.net/sn6.2","Count IsFixedSize IsReadOnly IsSynchronized Length LongLength Rank SyncRoot","frontendoptimised2\downloads\Samyutta Nikaya by Bhante Hye Dhammavuddho Mahathera\6_2\6_2.json","frontendoptimised2\downloads\Samyutta Nikaya by Bhante Hye Dhammavuddho Mahathera\6_2\6_2.mp4","frontendoptimised2\downloads\Samyutta Nikaya by Bhante Hye Dhammavuddho Mahathera\6_2\6_2.en.srt","","12","COUNT ISFIXEDSIZE ISREADONLY ISSYNCHRONIZED LENGTH LONGLENGTH MP4 RANK SC SRT SYNCROOT TRN","1786962936076"
"SN 6.3","SN 6.3","SN","Samyutta Nikaya","6_3","RAW","85","False","False","True","False","False","False","True","True","False","False","False","","","https://suttacentral.net/sn6.3","Count IsFixedSize IsReadOnly IsSynchronized Length LongLength Rank SyncRoot","frontendoptimised2\downloads\Samyutta Nikaya by Bhante Hye Dhammavuddho Mahathera\6_3\6_3.json","frontendoptimised2\downloads\Samyutta Nikaya by Bhante Hye Dhammavuddho Mahathera\6_3\6_3.mp4","frontendoptimised2\downloads\Samyutta Nikaya by Bhante Hye Dhammavuddho Mahathera\6_3\6_3.en.srt","","12","COUNT ISFIXEDSIZE ISREADONLY ISSYNCHRONIZED LENGTH LONGLENGTH MP4 RANK SC SRT SYNCROOT TRN","1786962936198"
"SN 6.4","SN 6.4","SN","Samyutta Nikaya","6_4","RAW","85","False","False","True","False","False","False","True","True","False","False","False","","","https://suttacentral.net/sn6.4","Count IsFixedSize IsReadOnly IsSynchronized Length LongLength Rank SyncRoot","frontendoptimised2\downloads\Samyutta Nikaya by Bhante Hye Dhammavuddho Mahathera\6_4\6_4.json","frontendoptimised2\downloads\Samyutta Nikaya by Bhante Hye Dhammavuddho Mahathera\6_4\6_4.mp4","frontendoptimised2\downloads\Samyutta Nikaya by Bhante Hye Dhammavuddho Mahathera\6_4\6_4.en.srt","","12","COUNT ISFIXEDSIZE ISREADONLY ISSYNCHRONIZED LENGTH LONGLENGTH MP4 RANK SC SRT SYNCROOT TRN","1786962936335"
"SN 6.5","SN 6.5","SN","Samyutta Nikaya","6_5","RAW","85","False","False","True","False","False","False","True","True","False","False","False","","","https://suttacentral.net/sn6.5","Count IsFixedSize IsReadOnly IsSynchronized Length LongLength Rank SyncRoot","frontendoptimised2\downloads\Samyutta Nikaya by Bhante Hye Dhammavuddho Mahathera\6_5\6_5.json","frontendoptimised2\downloads\Samyutta Nikaya by Bhante Hye Dhammavuddho Mahathera\6_5\6_5.mp4","frontendoptimised2\downloads\Samyutta Nikaya by Bhante Hye Dhammavuddho Mahathera\6_5\6_5.en.srt","","12","COUNT ISFIXEDSIZE ISREADONLY ISSYNCHRONIZED LENGTH LONGLENGTH MP4 RANK SC SRT SYNCROOT TRN","1786962937004"
"SN 6.12","SN 6.12","SN","Samyutta Nikaya","6_12","RAW","85","False","False","True","False","False","False","True","True","False","False","False","","","https://suttacentral.net/sn6.12","Count IsFixedSize IsReadOnly IsSynchronized Length LongLength Rank SyncRoot","frontendoptimised2\downloads\Samyutta Nikaya by Bhante Hye Dhammavuddho Mahathera\6_12\6_12.json","frontendoptimised2\downloads\Samyutta Nikaya by Bhante Hye Dhammavuddho Mahathera\6_12\6_12.mp4","frontendoptimised2\downloads\Samyutta Nikaya by Bhante Hye Dhammavuddho Mahathera\6_12\6_12.en.srt","","12","COUNT ISFIXEDSIZE ISREADONLY ISSYNCHRONIZED LENGTH LONGLENGTH MP4 RANK SC SRT SYNCROOT TRN","1786962935449"
"SN 6.13","SN 6.13","SN","Samyutta Nikaya","6_13","RAW","85","False","False","True","False","False","False","True","True","False","False","False","","","https://suttacentral.net/sn6.13","Count IsFixedSize IsReadOnly IsSynchronized Length LongLength Rank SyncRoot","frontendoptimised2\downloads\Samyutta Nikaya by Bhante Hye Dhammavuddho Mahathera\6_13\6_13.json","frontendoptimised2\downloads\Samyutta Nikaya by Bhante Hye Dhammavuddho Mahathera\6_13\6_13.mp4","frontendoptimised2\downloads\Samyutta Nikaya by Bhante Hye Dhammavuddho Mahathera\6_13\6_13.en.srt","","12","COUNT ISFIXEDSIZE ISREADONLY ISSYNCHRONIZED LENGTH LONGLENGTH MP4 RANK SC SRT SYNCROOT TRN","1786962935556"
"SN 6.14","SN 6.14","SN","Samyutta Nikaya","6_14","RAW","85","False","False","True","False","False","False","True","True","False","False","False","","","https://suttacentral.net/sn6.14","Count IsFixedSize IsReadOnly IsSynchronized Length LongLength Rank SyncRoot","frontendoptimised2\downloads\Samyutta Nikaya by Bhante Hye Dhammavuddho Mahathera\6_14\6_14.json","frontendoptimised2\downloads\Samyutta Nikaya by Bhante Hye Dhammavuddho Mahathera\6_14\6_14.mp4","frontendoptimised2\downloads\Samyutta Nikaya by Bhante Hye Dhammavuddho Mahathera\6_14\6_14.en.srt","","12","COUNT ISFIXEDSIZE ISREADONLY ISSYNCHRONIZED LENGTH LONGLENGTH MP4 RANK SC SRT SYNCROOT TRN","1786962935694"
"SN 6.15","SN 6.15","SN","Samyutta Nikaya","6_15","RAW","85","False","False","True","False","False","False","True","True","False","False","False","","","https://suttacentral.net/sn6.15","Count IsFixedSize IsReadOnly IsSynchronized Length LongLength Rank SyncRoot","frontendoptimised2\downloads\Samyutta Nikaya by Bhante Hye Dhammavuddho Mahathera\6_15\6_15.json","frontendoptimised2\downloads\Samyutta Nikaya by Bhante Hye Dhammavuddho Mahathera\6_15\6_15.mp4","frontendoptimised2\downloads\Samyutta Nikaya by Bhante Hye Dhammavuddho Mahathera\6_15\6_15.en.srt","","12","COUNT ISFIXEDSIZE ISREADONLY ISSYNCHRONIZED LENGTH LONGLENGTH MP4 RANK SC SRT SYNCROOT TRN","1786962935927"
"SN 07","SN 07","SN","Samyutta Nikaya","07","RAW","85","False","False","True","False","False","False","True","True","False","False","False","","","https://suttacentral.net/sn07","Count IsFixedSize IsReadOnly IsSynchronized Length LongLength Rank SyncRoot","Samyutta Nikaya by Bhante Hye Dhammavuddho Mahathera\07\07.json","Samyutta Nikaya by Bhante Hye Dhammavuddho Mahathera\07\07.mp4","Samyutta Nikaya by Bhante Hye Dhammavuddho Mahathera\07\07.en.srt","","12","COUNT ISFIXEDSIZE ISREADONLY ISSYNCHRONIZED LENGTH LONGLENGTH MP4 RANK SC SRT SYNCROOT TRN","1786962880943"
"SN 7","SN 7","SN","Samyutta Nikaya","7","RAW","60","False","False","False","False","False","False","False","False","False","False","False","","","","Count IsFixedSize IsReadOnly IsSynchronized Length LongLength Rank SyncRoot","Samyutta Nikaya by Bhante Hye Dhammavuddho Mahathera\7\7.json","","","","8","COUNT ISFIXEDSIZE ISREADONLY ISSYNCHRONIZED LENGTH LONGLENGTH RANK SYNCROOT","1786962937083"
"SN 7.2","SN 7.2","SN","Samyutta Nikaya","7_2","RAW","85","False","False","True","False","False","False","True","True","False","False","False","","","https://suttacentral.net/sn7.2","Count IsFixedSize IsReadOnly IsSynchronized Length LongLength Rank SyncRoot","frontendoptimised2\downloads\Samyutta Nikaya by Bhante Hye Dhammavuddho Mahathera\7_2\7_2.json","frontendoptimised2\downloads\Samyutta Nikaya by Bhante Hye Dhammavuddho Mahathera\7_2\7_2.mp4","frontendoptimised2\downloads\Samyutta Nikaya by Bhante Hye Dhammavuddho Mahathera\7_2\7_2.en.srt","","12","COUNT ISFIXEDSIZE ISREADONLY ISSYNCHRONIZED LENGTH LONGLENGTH MP4 RANK SC SRT SYNCROOT TRN","1786962937941"
"SN 7.3","SN 7.3","SN","Samyutta Nikaya","7_3","RAW","85","False","False","True","False","False","False","True","True","False","False","False","","","https://suttacentral.net/sn7.3","Count IsFixedSize IsReadOnly IsSynchronized Length LongLength Rank SyncRoot","frontendoptimised2\downloads\Samyutta Nikaya by Bhante Hye Dhammavuddho Mahathera\7_3\7_3.json","frontendoptimised2\downloads\Samyutta Nikaya by Bhante Hye Dhammavuddho Mahathera\7_3\7_3.mp4","frontendoptimised2\downloads\Samyutta Nikaya by Bhante Hye Dhammavuddho Mahathera\7_3\7_3.en.srt","","12","COUNT ISFIXEDSIZE ISREADONLY ISSYNCHRONIZED LENGTH LONGLENGTH MP4 RANK SC SRT SYNCROOT TRN","1786962938796"
"SN 7.14","SN 7.14","SN","Samyutta Nikaya","7_14","RAW","85","False","False","True","False","False","False","True","True","False","False","False","","","https://suttacentral.net/sn7.14","Count IsFixedSize IsReadOnly IsSynchronized Length LongLength Rank SyncRoot","frontendoptimised2\downloads\Samyutta Nikaya by Bhante Hye Dhammavuddho Mahathera\7_14\7_14.json","frontendoptimised2\downloads\Samyutta Nikaya by Bhante Hye Dhammavuddho Mahathera\7_14\7_14.mp4","frontendoptimised2\downloads\Samyutta Nikaya by Bhante Hye Dhammavuddho Mahathera\7_14\7_14.en.srt","","12","COUNT ISFIXEDSIZE ISREADONLY ISSYNCHRONIZED LENGTH LONGLENGTH MP4 RANK SC SRT SYNCROOT TRN","1786962937626"
"SN 8.1","SN 8.1","SN","Samyutta Nikaya","8_1","RAW","85","False","False","True","False","False","False","True","True","False","False","False","","","https://suttacentral.net/sn8.1","Count IsFixedSize IsReadOnly IsSynchronized Length LongLength Rank SyncRoot","frontendoptimised2\downloads\Samyutta Nikaya by Bhante Hye Dhammavuddho Mahathera\8_1\8_1.json","frontendoptimised2\downloads\Samyutta Nikaya by Bhante Hye Dhammavuddho Mahathera\8_1\8_1.mp4","frontendoptimised2\downloads\Samyutta Nikaya by Bhante Hye Dhammavuddho Mahathera\8_1\8_1.en.srt","","12","COUNT ISFIXEDSIZE ISREADONLY ISSYNCHRONIZED LENGTH LONGLENGTH MP4 RANK SC SRT SYNCROOT TRN","1786962939118"
"SN 8.2","SN 8.2","SN","Samyutta Nikaya","8_2","RAW","85","False","False","True","False","False","False","True","True","False","False","False","","","https://suttacentral.net/sn8.2","Count IsFixedSize IsReadOnly IsSynchronized Length LongLength Rank SyncRoot","frontendoptimised2\downloads\Samyutta Nikaya by Bhante Hye Dhammavuddho Mahathera\8_2\8_2.json","frontendoptimised2\downloads\Samyutta Nikaya by Bhante Hye Dhammavuddho Mahathera\8_2\8_2.mp4","frontendoptimised2\downloads\Samyutta Nikaya by Bhante Hye Dhammavuddho Mahathera\8_2\8_2.en.srt","","12","COUNT ISFIXEDSIZE ISREADONLY ISSYNCHRONIZED LENGTH LONGLENGTH MP4 RANK SC SRT SYNCROOT TRN","1786962939681"
"SN 9","SN 9","SN","Samyutta Nikaya","9","RAW","60","False","False","False","False","False","False","False","False","False","False","False","","","","Count IsFixedSize IsReadOnly IsSynchronized Length LongLength Rank SyncRoot","Samyutta Nikaya by Bhante Hye Dhammavuddho Mahathera\9\9.json","","","","8","COUNT ISFIXEDSIZE ISREADONLY ISSYNCHRONIZED LENGTH LONGLENGTH RANK SYNCROOT","1786962939733"
"SN 09","SN 09","SN","Samyutta Nikaya","09","RAW","85","False","False","True","False","False","False","True","True","False","False","False","","","https://suttacentral.net/sn09","Count IsFixedSize IsReadOnly IsSynchronized Length LongLength Rank SyncRoot","Samyutta Nikaya by Bhante Hye Dhammavuddho Mahathera\09\09.json","Samyutta Nikaya by Bhante Hye Dhammavuddho Mahathera\09\09.mp4","Samyutta Nikaya by Bhante Hye Dhammavuddho Mahathera\09\09.en.srt","","12","COUNT ISFIXEDSIZE ISREADONLY ISSYNCHRONIZED LENGTH LONGLENGTH MP4 RANK SC SRT SYNCROOT TRN","1786962881274"
"SN 9.2","SN 9.2","SN","Samyutta Nikaya","9_2","RAW","85","False","False","True","False","False","False","True","True","False","False","False","","","https://suttacentral.net/sn9.2","Count IsFixedSize IsReadOnly IsSynchronized Length LongLength Rank SyncRoot","frontendoptimised2\downloads\Samyutta Nikaya by Bhante Hye Dhammavuddho Mahathera\9_2\9_2.json","frontendoptimised2\downloads\Samyutta Nikaya by Bhante Hye Dhammavuddho Mahathera\9_2\9_2.mp4","frontendoptimised2\downloads\Samyutta Nikaya by Bhante Hye Dhammavuddho Mahathera\9_2\9_2.en.srt","","12","COUNT ISFIXEDSIZE ISREADONLY ISSYNCHRONIZED LENGTH LONGLENGTH MP4 RANK SC SRT SYNCROOT TRN","1786962940360"
"SN 9.13","SN 9.13","SN","Samyutta Nikaya","9_13","RAW","85","False","False","True","False","False","False","True","True","False","False","False","","","https://suttacentral.net/sn9.13","Count IsFixedSize IsReadOnly IsSynchronized Length LongLength Rank SyncRoot","frontendoptimised2\downloads\Samyutta Nikaya by Bhante Hye Dhammavuddho Mahathera\9_13\9_13.json","frontendoptimised2\downloads\Samyutta Nikaya by Bhante Hye Dhammavuddho Mahathera\9_13\9_13.mp4","frontendoptimised2\downloads\Samyutta Nikaya by Bhante Hye Dhammavuddho Mahathera\9_13\9_13.en.srt","","12","COUNT ISFIXEDSIZE ISREADONLY ISSYNCHRONIZED LENGTH LONGLENGTH MP4 RANK SC SRT SYNCROOT TRN","1786962939930"
"SN 9.14","SN 9.14","SN","Samyutta Nikaya","9_14","RAW","85","False","False","True","False","False","False","True","True","False","False","False","","","https://suttacentral.net/sn9.14","Count IsFixedSize IsReadOnly IsSynchronized Length LongLength Rank SyncRoot","frontendoptimised2\downloads\Samyutta Nikaya by Bhante Hye Dhammavuddho Mahathera\9_14\9_14.json","frontendoptimised2\downloads\Samyutta Nikaya by Bhante Hye Dhammavuddho Mahathera\9_14\9_14.mp4","frontendoptimised2\downloads\Samyutta Nikaya by Bhante Hye Dhammavuddho Mahathera\9_14\9_14.en.srt","","12","COUNT ISFIXEDSIZE ISREADONLY ISSYNCHRONIZED LENGTH LONGLENGTH MP4 RANK SC SRT SYNCROOT TRN","1786962940098"
"SN 10.2","Cetana Sutta","SN","Samyutta Nikaya","10_2","RAW","85","False","False","True","False","False","False","True","True","False","False","False","","","https://suttacentral.net/sn10.2","Count IsFixedSize IsReadOnly IsSynchronized Length LongLength Rank SyncRoot","frontendoptimised2\downloads\Samyutta Nikaya by Bhante Hye Dhammavuddho Mahathera\10_2\10_2.json","frontendoptimised2\downloads\Samyutta Nikaya by Bhante Hye Dhammavuddho Mahathera\10_2\10_2.mp4","frontendoptimised2\downloads\Samyutta Nikaya by Bhante Hye Dhammavuddho Mahathera\10_2\10_2.en.srt","","12","COUNT ISFIXEDSIZE ISREADONLY ISSYNCHRONIZED LENGTH LONGLENGTH MP4 RANK SC SRT SYNCROOT TRN","1786962882228"
"SN 10.3","SN 10.3","SN","Samyutta Nikaya","10_3","RAW","85","False","False","True","False","False","False","True","True","False","False","False","","","https://suttacentral.net/sn10.3","Count IsFixedSize IsReadOnly IsSynchronized Length LongLength Rank SyncRoot","frontendoptimised2\downloads\Samyutta Nikaya by Bhante Hye Dhammavuddho Mahathera\10_3\10_3.json","frontendoptimised2\downloads\Samyutta Nikaya by Bhante Hye Dhammavuddho Mahathera\10_3\10_3.mp4","frontendoptimised2\downloads\Samyutta Nikaya by Bhante Hye Dhammavuddho Mahathera\10_3\10_3.en.srt","","12","COUNT ISFIXEDSIZE ISREADONLY ISSYNCHRONIZED LENGTH LONGLENGTH MP4 RANK SC SRT SYNCROOT TRN","1786962882376"
"SN 11","SN 11","SN","Samyutta Nikaya","11","RAW","85","False","False","True","False","False","False","True","True","False","False","False","","","https://suttacentral.net/sn11","Count IsFixedSize IsReadOnly IsSynchronized Length LongLength Rank SyncRoot","Samyutta Nikaya by Bhante Hye Dhammavuddho Mahathera\11\11.json","Samyutta Nikaya by Bhante Hye Dhammavuddho Mahathera\11\11.mp4","Samyutta Nikaya by Bhante Hye Dhammavuddho Mahathera\11\11.en.srt","","12","COUNT ISFIXEDSIZE ISREADONLY ISSYNCHRONIZED LENGTH LONGLENGTH MP4 RANK SC SRT SYNCROOT TRN","1786962882669"
"SN 11.4","SN 11.4","SN","Samyutta Nikaya","11_4","RAW","85","False","False","True","False","False","False","True","True","False","False","False","","","https://suttacentral.net/sn11.4","Count IsFixedSize IsReadOnly IsSynchronized Length LongLength Rank SyncRoot","frontendoptimised2\downloads\Samyutta Nikaya by Bhante Hye Dhammavuddho Mahathera\11_4\11_4.json","frontendoptimised2\downloads\Samyutta Nikaya by Bhante Hye Dhammavuddho Mahathera\11_4\11_4.mp4","frontendoptimised2\downloads\Samyutta Nikaya by Bhante Hye Dhammavuddho Mahathera\11_4\11_4.en.srt","","12","COUNT ISFIXEDSIZE ISREADONLY ISSYNCHRONIZED LENGTH LONGLENGTH MP4 RANK SC SRT SYNCROOT TRN","1786962883147"
"SN 11.6","Byasana Sutta","SN","Samyutta Nikaya","11_6","RAW","85","False","False","True","False","False","False","True","True","False","False","False","","","https://suttacentral.net/sn11.6","Count IsFixedSize IsReadOnly IsSynchronized Length LongLength Rank SyncRoot","frontendoptimised2\downloads\Samyutta Nikaya by Bhante Hye Dhammavuddho Mahathera\11_6\11_6.json","frontendoptimised2\downloads\Samyutta Nikaya by Bhante Hye Dhammavuddho Mahathera\11_6\11_6.mp4","frontendoptimised2\downloads\Samyutta Nikaya by Bhante Hye Dhammavuddho Mahathera\11_6\11_6.en.srt","","12","COUNT ISFIXEDSIZE ISREADONLY ISSYNCHRONIZED LENGTH LONGLENGTH MP4 RANK SC SRT SYNCROOT TRN","1786962883258"
"SN 11.9","SN 11.9","SN","Samyutta Nikaya","11_9","RAW","85","False","False","True","False","False","False","True","True","False","False","False","","","https://suttacentral.net/sn11.9","Count IsFixedSize IsReadOnly IsSynchronized Length LongLength Rank SyncRoot","frontendoptimised2\downloads\Samyutta Nikaya by Bhante Hye Dhammavuddho Mahathera\11_9\11_9.json","frontendoptimised2\downloads\Samyutta Nikaya by Bhante Hye Dhammavuddho Mahathera\11_9\11_9.mp4","frontendoptimised2\downloads\Samyutta Nikaya by Bhante Hye Dhammavuddho Mahathera\11_9\11_9.en.srt","","12","COUNT ISFIXEDSIZE ISREADONLY ISSYNCHRONIZED LENGTH LONGLENGTH MP4 RANK SC SRT SYNCROOT TRN","1786962883300"
"SN 11.11","SN 11.11","SN","Samyutta Nikaya","11_11","RAW","85","False","False","True","False","False","False","True","True","False","False","False","","","https://suttacentral.net/sn11.11","Count IsFixedSize IsReadOnly IsSynchronized Length LongLength Rank SyncRoot","frontendoptimised2\downloads\Samyutta Nikaya by Bhante Hye Dhammavuddho Mahathera\11_11\11_11.json","frontendoptimised2\downloads\Samyutta Nikaya by Bhante Hye Dhammavuddho Mahathera\11_11\11_11.mp4","frontendoptimised2\downloads\Samyutta Nikaya by Bhante Hye Dhammavuddho Mahathera\11_11\11_11.en.srt","","12","COUNT ISFIXEDSIZE ISREADONLY ISSYNCHRONIZED LENGTH LONGLENGTH MP4 RANK SC SRT SYNCROOT TRN","1786962882817"
"SN 11.12","SN 11.12","SN","Samyutta Nikaya","11_12","RAW","85","False","False","True","False","False","False","True","True","False","False","False","","","https://suttacentral.net/sn11.12","Count IsFixedSize IsReadOnly IsSynchronized Length LongLength Rank SyncRoot","frontendoptimised2\downloads\Samyutta Nikaya by Bhante Hye Dhammavuddho Mahathera\11_12\11_12.json","frontendoptimised2\downloads\Samyutta Nikaya by Bhante Hye Dhammavuddho Mahathera\11_12\11_12.mp4","frontendoptimised2\downloads\Samyutta Nikaya by Bhante Hye Dhammavuddho Mahathera\11_12\11_12.en.srt","","12","COUNT ISFIXEDSIZE ISREADONLY ISSYNCHRONIZED LENGTH LONGLENGTH MP4 RANK SC SRT SYNCROOT TRN","1786962882883"
"SN 11.14","SN 11.14","SN","Samyutta Nikaya","11_14","RAW","85","False","False","True","False","False","False","True","True","False","False","False","","","https://suttacentral.net/sn11.14","Count IsFixedSize IsReadOnly IsSynchronized Length LongLength Rank SyncRoot","frontendoptimised2\downloads\Samyutta Nikaya by Bhante Hye Dhammavuddho Mahathera\11_14\11_14.json","frontendoptimised2\downloads\Samyutta Nikaya by Bhante Hye Dhammavuddho Mahathera\11_14\11_14.mp4","frontendoptimised2\downloads\Samyutta Nikaya by Bhante Hye Dhammavuddho Mahathera\11_14\11_14.en.srt","","12","COUNT ISFIXEDSIZE ISREADONLY ISSYNCHRONIZED LENGTH LONGLENGTH MP4 RANK SC SRT SYNCROOT TRN","1786962882937"
"SN 11.18","SN 11.18","SN","Samyutta Nikaya","11_18","RAW","85","False","False","True","False","False","False","True","True","False","False","False","","","https://suttacentral.net/sn11.18","Count IsFixedSize IsReadOnly IsSynchronized Length LongLength Rank SyncRoot","frontendoptimised2\downloads\Samyutta Nikaya by Bhante Hye Dhammavuddho Mahathera\11_18\11_18.json","frontendoptimised2\downloads\Samyutta Nikaya by Bhante Hye Dhammavuddho Mahathera\11_18\11_18.mp4","frontendoptimised2\downloads\Samyutta Nikaya by Bhante Hye Dhammavuddho Mahathera\11_18\11_18.en.srt","","12","COUNT ISFIXEDSIZE ISREADONLY ISSYNCHRONIZED LENGTH LONGLENGTH MP4 RANK SC SRT SYNCROOT TRN","1786962883051"
"SN 11.101","SN 11.101","SN","Samyutta Nikaya","11_101","RAW","85","False","False","True","False","False","False","True","True","False","False","False","","","https://suttacentral.net/sn11.101","Count IsFixedSize IsReadOnly IsSynchronized Length LongLength Rank SyncRoot","frontendoptimised2\downloads\Samyutta Nikaya by Bhante Hye Dhammavuddho Mahathera\11_101\11_101.json","frontendoptimised2\downloads\Samyutta Nikaya by Bhante Hye Dhammavuddho Mahathera\11_101\11_101.mp4","frontendoptimised2\downloads\Samyutta Nikaya by Bhante Hye Dhammavuddho Mahathera\11_101\11_101.en.srt","","12","COUNT ISFIXEDSIZE ISREADONLY ISSYNCHRONIZED LENGTH LONGLENGTH MP4 RANK SC SRT SYNCROOT TRN","1786962882777"
"SN 12","SN 12","SN","Samyutta Nikaya","12","RAW","85","False","False","True","False","False","False","True","True","False","False","False","","","https://suttacentral.net/sn12","Count IsFixedSize IsReadOnly IsSynchronized Length LongLength Rank SyncRoot","Samyutta Nikaya by Bhante Hye Dhammavuddho Mahathera\12\12.json","Samyutta Nikaya by Bhante Hye Dhammavuddho Mahathera\12\12.mp4","Samyutta Nikaya by Bhante Hye Dhammavuddho Mahathera\12\12.en.srt","","12","COUNT ISFIXEDSIZE ISREADONLY ISSYNCHRONIZED LENGTH LONGLENGTH MP4 RANK SC SRT SYNCROOT TRN","1786962883714"
"SN 12.10","SN 12.10","SN","Samyutta Nikaya","12_10","RAW","85","False","False","True","False","False","False","True","True","False","False","False","","","https://suttacentral.net/sn12.10","Count IsFixedSize IsReadOnly IsSynchronized Length LongLength Rank SyncRoot","frontendoptimised2\downloads\Samyutta Nikaya by Bhante Hye Dhammavuddho Mahathera\12_10\12_10.json","frontendoptimised2\downloads\Samyutta Nikaya by Bhante Hye Dhammavuddho Mahathera\12_10\12_10.mp4","frontendoptimised2\downloads\Samyutta Nikaya by Bhante Hye Dhammavuddho Mahathera\12_10\12_10.en.srt","","12","COUNT ISFIXEDSIZE ISREADONLY ISSYNCHRONIZED LENGTH LONGLENGTH MP4 RANK SC SRT SYNCROOT TRN","1786962883854"
"SN 12.12","SN 12.12","SN","Samyutta Nikaya","12_12","RAW","85","False","False","True","False","False","False","True","True","False","False","False","","","https://suttacentral.net/sn12.12","Count IsFixedSize IsReadOnly IsSynchronized Length LongLength Rank SyncRoot","frontendoptimised2\downloads\Samyutta Nikaya by Bhante Hye Dhammavuddho Mahathera\12_12\12_12.json","frontendoptimised2\downloads\Samyutta Nikaya by Bhante Hye Dhammavuddho Mahathera\12_12\12_12.mp4","frontendoptimised2\downloads\Samyutta Nikaya by Bhante Hye Dhammavuddho Mahathera\12_12\12_12.en.srt","","12","COUNT ISFIXEDSIZE ISREADONLY ISSYNCHRONIZED LENGTH LONGLENGTH MP4 RANK SC SRT SYNCROOT TRN","1786962884001"
"SN 12.16","SN 12.16","SN","Samyutta Nikaya","12_16","RAW","85","False","False","True","False","False","False","True","True","False","False","False","","","https://suttacentral.net/sn12.16","Count IsFixedSize IsReadOnly IsSynchronized Length LongLength Rank SyncRoot","frontendoptimised2\downloads\Samyutta Nikaya by Bhante Hye Dhammavuddho Mahathera\12_16\12_16.json","frontendoptimised2\downloads\Samyutta Nikaya by Bhante Hye Dhammavuddho Mahathera\12_16\12_16.mp4","frontendoptimised2\downloads\Samyutta Nikaya by Bhante Hye Dhammavuddho Mahathera\12_16\12_16.en.srt","","12","COUNT ISFIXEDSIZE ISREADONLY ISSYNCHRONIZED LENGTH LONGLENGTH MP4 RANK SC SRT SYNCROOT TRN","1786962884050"
"SN 12.17","SN 12.17","SN","Samyutta Nikaya","12_17","RAW","85","False","False","True","False","False","False","True","True","False","False","False","","","https://suttacentral.net/sn12.17","Count IsFixedSize IsReadOnly IsSynchronized Length LongLength Rank SyncRoot","frontendoptimised2\downloads\Samyutta Nikaya by Bhante Hye Dhammavuddho Mahathera\12_17\12_17.json","frontendoptimised2\downloads\Samyutta Nikaya by Bhante Hye Dhammavuddho Mahathera\12_17\12_17.mp4","frontendoptimised2\downloads\Samyutta Nikaya by Bhante Hye Dhammavuddho Mahathera\12_17\12_17.en.srt","","12","COUNT ISFIXEDSIZE ISREADONLY ISSYNCHRONIZED LENGTH LONGLENGTH MP4 RANK SC SRT SYNCROOT TRN","1786962884123"
"SN 12.18","SN 12.18","SN","Samyutta Nikaya","12_18","RAW","85","False","False","True","False","False","False","True","True","False","False","False","","","https://suttacentral.net/sn12.18","Count IsFixedSize IsReadOnly IsSynchronized Length LongLength Rank SyncRoot","frontendoptimised2\downloads\Samyutta Nikaya by Bhante Hye Dhammavuddho Mahathera\12_18\12_18.json","frontendoptimised2\downloads\Samyutta Nikaya by Bhante Hye Dhammavuddho Mahathera\12_18\12_18.mp4","frontendoptimised2\downloads\Samyutta Nikaya by Bhante Hye Dhammavuddho Mahathera\12_18\12_18.en.srt","","12","COUNT ISFIXEDSIZE ISREADONLY ISSYNCHRONIZED LENGTH LONGLENGTH MP4 RANK SC SRT SYNCROOT TRN","1786962884162"
"SN 12.19","SN 12.19","SN","Samyutta Nikaya","12_19","RAW","85","False","False","True","False","False","False","True","True","False","False","False","","","https://suttacentral.net/sn12.19","Count IsFixedSize IsReadOnly IsSynchronized Length LongLength Rank SyncRoot","frontendoptimised2\downloads\Samyutta Nikaya by Bhante Hye Dhammavuddho Mahathera\12_19\12_19.json","frontendoptimised2\downloads\Samyutta Nikaya by Bhante Hye Dhammavuddho Mahathera\12_19\12_19.mp4","frontendoptimised2\downloads\Samyutta Nikaya by Bhante Hye Dhammavuddho Mahathera\12_19\12_19.en.srt","","12","COUNT ISFIXEDSIZE ISREADONLY ISSYNCHRONIZED LENGTH LONGLENGTH MP4 RANK SC SRT SYNCROOT TRN","1786962884224"
"SN 12.22","SN 12.22","SN","Samyutta Nikaya","12_22","RAW","85","False","False","True","False","False","False","True","True","False","False","False","","","https://suttacentral.net/sn12.22","Count IsFixedSize IsReadOnly IsSynchronized Length LongLength Rank SyncRoot","frontendoptimised2\downloads\Samyutta Nikaya by Bhante Hye Dhammavuddho Mahathera\12_22\12_22.json","frontendoptimised2\downloads\Samyutta Nikaya by Bhante Hye Dhammavuddho Mahathera\12_22\12_22.mp4","frontendoptimised2\downloads\Samyutta Nikaya by Bhante Hye Dhammavuddho Mahathera\12_22\12_22.en.srt","","12","COUNT ISFIXEDSIZE ISREADONLY ISSYNCHRONIZED LENGTH LONGLENGTH MP4 RANK SC SRT SYNCROOT TRN","1786962884270"
"SN 12.23","SN 12.23","SN","Samyutta Nikaya","12_23","RAW","85","False","False","True","False","False","False","True","True","False","False","False","","","https://suttacentral.net/sn12.23","Count IsFixedSize IsReadOnly IsSynchronized Length LongLength Rank SyncRoot","frontendoptimised2\downloads\Samyutta Nikaya by Bhante Hye Dhammavuddho Mahathera\12_23\12_23.json","frontendoptimised2\downloads\Samyutta Nikaya by Bhante Hye Dhammavuddho Mahathera\12_23\12_23.mp4","frontendoptimised2\downloads\Samyutta Nikaya by Bhante Hye Dhammavuddho Mahathera\12_23\12_23.en.srt","","12","COUNT ISFIXEDSIZE ISREADONLY ISSYNCHRONIZED LENGTH LONGLENGTH MP4 RANK SC SRT SYNCROOT TRN","1786962884322"
"SN 12.24","SN 12.24","SN","Samyutta Nikaya","12_24","RAW","85","False","False","True","False","False","False","True","True","False","False","False","","","https://suttacentral.net/sn12.24","Count IsFixedSize IsReadOnly IsSynchronized Length LongLength Rank SyncRoot","frontendoptimised2\downloads\Samyutta Nikaya by Bhante Hye Dhammavuddho Mahathera\12_24\12_24.json","frontendoptimised2\downloads\Samyutta Nikaya by Bhante Hye Dhammavuddho Mahathera\12_24\12_24.mp4","frontendoptimised2\downloads\Samyutta Nikaya by Bhante Hye Dhammavuddho Mahathera\12_24\12_24.en.srt","","12","COUNT ISFIXEDSIZE ISREADONLY ISSYNCHRONIZED LENGTH LONGLENGTH MP4 RANK SC SRT SYNCROOT TRN","1786962884442"
"SN 12.25","SN 12.25","SN","Samyutta Nikaya","12_25","RAW","85","False","False","True","False","False","False","True","True","False","False","False","","","https://suttacentral.net/sn12.25","Count IsFixedSize IsReadOnly IsSynchronized Length LongLength Rank SyncRoot","frontendoptimised2\downloads\Samyutta Nikaya by Bhante Hye Dhammavuddho Mahathera\12_25\12_25.json","frontendoptimised2\downloads\Samyutta Nikaya by Bhante Hye Dhammavuddho Mahathera\12_25\12_25.mp4","frontendoptimised2\downloads\Samyutta Nikaya by Bhante Hye Dhammavuddho Mahathera\12_25\12_25.en.srt","","12","COUNT ISFIXEDSIZE ISREADONLY ISSYNCHRONIZED LENGTH LONGLENGTH MP4 RANK SC SRT SYNCROOT TRN","1786962884606"
"SN 12.31","SN 12.31","SN","Samyutta Nikaya","12_31","RAW","85","False","False","True","False","False","False","True","True","False","False","False","","","https://suttacentral.net/sn12.31","Count IsFixedSize IsReadOnly IsSynchronized Length LongLength Rank SyncRoot","frontendoptimised2\downloads\Samyutta Nikaya by Bhante Hye Dhammavuddho Mahathera\12_31\12_31.json","frontendoptimised2\downloads\Samyutta Nikaya by Bhante Hye Dhammavuddho Mahathera\12_31\12_31.mp4","frontendoptimised2\downloads\Samyutta Nikaya by Bhante Hye Dhammavuddho Mahathera\12_31\12_31.en.srt","","12","COUNT ISFIXEDSIZE ISREADONLY ISSYNCHRONIZED LENGTH LONGLENGTH MP4 RANK SC SRT SYNCROOT TRN","1786962884674"
"SN 12.32","SN 12.32","SN","Samyutta Nikaya","12_32","RAW","85","False","False","True","False","False","False","True","True","False","False","False","","","https://suttacentral.net/sn12.32","Count IsFixedSize IsReadOnly IsSynchronized Length LongLength Rank SyncRoot","frontendoptimised2\downloads\Samyutta Nikaya by Bhante Hye Dhammavuddho Mahathera\12_32\12_32.json","frontendoptimised2\downloads\Samyutta Nikaya by Bhante Hye Dhammavuddho Mahathera\12_32\12_32.mp4","frontendoptimised2\downloads\Samyutta Nikaya by Bhante Hye Dhammavuddho Mahathera\12_32\12_32.en.srt","","12","COUNT ISFIXEDSIZE ISREADONLY ISSYNCHRONIZED LENGTH LONGLENGTH MP4 RANK SC SRT SYNCROOT TRN","1786962884775"
"SN 12.38","SN 12.38","SN","Samyutta Nikaya","12_38","RAW","85","False","False","True","False","False","False","True","True","False","False","False","","","https://suttacentral.net/sn12.38","Count IsFixedSize IsReadOnly IsSynchronized Length LongLength Rank SyncRoot","frontendoptimised2\downloads\Samyutta Nikaya by Bhante Hye Dhammavuddho Mahathera\12_38\12_38.json","frontendoptimised2\downloads\Samyutta Nikaya by Bhante Hye Dhammavuddho Mahathera\12_38\12_38.mp4","frontendoptimised2\downloads\Samyutta Nikaya by Bhante Hye Dhammavuddho Mahathera\12_38\12_38.en.srt","","12","COUNT ISFIXEDSIZE ISREADONLY ISSYNCHRONIZED LENGTH LONGLENGTH MP4 RANK SC SRT SYNCROOT TRN","1786962885004"
"SN 12.43","SN 12.43","SN","Samyutta Nikaya","12_43","RAW","85","False","False","True","False","False","False","True","True","False","False","False","","","https://suttacentral.net/sn12.43","Count IsFixedSize IsReadOnly IsSynchronized Length LongLength Rank SyncRoot","frontendoptimised2\downloads\Samyutta Nikaya by Bhante Hye Dhammavuddho Mahathera\12_43\12_43.json","frontendoptimised2\downloads\Samyutta Nikaya by Bhante Hye Dhammavuddho Mahathera\12_43\12_43.mp4","frontendoptimised2\downloads\Samyutta Nikaya by Bhante Hye Dhammavuddho Mahathera\12_43\12_43.en.srt","","12","COUNT ISFIXEDSIZE ISREADONLY ISSYNCHRONIZED LENGTH LONGLENGTH MP4 RANK SC SRT SYNCROOT TRN","1786962885067"
"SN 12.51","SN 12.51","SN","Samyutta Nikaya","12_51","RAW","85","False","False","True","False","False","False","True","True","False","False","False","","","https://suttacentral.net/sn12.51","Count IsFixedSize IsReadOnly IsSynchronized Length LongLength Rank SyncRoot","frontendoptimised2\downloads\Samyutta Nikaya by Bhante Hye Dhammavuddho Mahathera\12_51\12_51.json","frontendoptimised2\downloads\Samyutta Nikaya by Bhante Hye Dhammavuddho Mahathera\12_51\12_51.mp4","frontendoptimised2\downloads\Samyutta Nikaya by Bhante Hye Dhammavuddho Mahathera\12_51\12_51.en.srt","","12","COUNT ISFIXEDSIZE ISREADONLY ISSYNCHRONIZED LENGTH LONGLENGTH MP4 RANK SC SRT SYNCROOT TRN","1786962885148"
"SN 12.52","SN 12.52","SN","Samyutta Nikaya","12_52","RAW","85","False","False","True","False","False","False","True","True","False","False","False","","","https://suttacentral.net/sn12.52","Count IsFixedSize IsReadOnly IsSynchronized Length LongLength Rank SyncRoot","frontendoptimised2\downloads\Samyutta Nikaya by Bhante Hye Dhammavuddho Mahathera\12_52\12_52.json","frontendoptimised2\downloads\Samyutta Nikaya by Bhante Hye Dhammavuddho Mahathera\12_52\12_52.mp4","frontendoptimised2\downloads\Samyutta Nikaya by Bhante Hye Dhammavuddho Mahathera\12_52\12_52.en.srt","","12","COUNT ISFIXEDSIZE ISREADONLY ISSYNCHRONIZED LENGTH LONGLENGTH MP4 RANK SC SRT SYNCROOT TRN","1786962885214"
"SN 12.60","SN 12.60","SN","Samyutta Nikaya","12_60","RAW","85","False","False","True","False","False","False","True","True","False","False","False","","","https://suttacentral.net/sn12.60","Count IsFixedSize IsReadOnly IsSynchronized Length LongLength Rank SyncRoot","frontendoptimised2\downloads\Samyutta Nikaya by Bhante Hye Dhammavuddho Mahathera\12_60\12_60.json","frontendoptimised2\downloads\Samyutta Nikaya by Bhante Hye Dhammavuddho Mahathera\12_60\12_60.mp4","frontendoptimised2\downloads\Samyutta Nikaya by Bhante Hye Dhammavuddho Mahathera\12_60\12_60.en.srt","","12","COUNT ISFIXEDSIZE ISREADONLY ISSYNCHRONIZED LENGTH LONGLENGTH MP4 RANK SC SRT SYNCROOT TRN","1786962885368"
"SN 12.61","SN 12.61","SN","Samyutta Nikaya","12_61","RAW","85","False","False","True","False","False","False","True","True","False","False","False","","","https://suttacentral.net/sn12.61","Count IsFixedSize IsReadOnly IsSynchronized Length LongLength Rank SyncRoot","frontendoptimised2\downloads\Samyutta Nikaya by Bhante Hye Dhammavuddho Mahathera\12_61\12_61.json","frontendoptimised2\downloads\Samyutta Nikaya by Bhante Hye Dhammavuddho Mahathera\12_61\12_61.mp4","frontendoptimised2\downloads\Samyutta Nikaya by Bhante Hye Dhammavuddho Mahathera\12_61\12_61.en.srt","","12","COUNT ISFIXEDSIZE ISREADONLY ISSYNCHRONIZED LENGTH LONGLENGTH MP4 RANK SC SRT SYNCROOT TRN","1786962885583"
"SN 12.63","SN 12.63","SN","Samyutta Nikaya","12_63","RAW","85","False","False","True","False","False","False","True","True","False","False","False","","","https://suttacentral.net/sn12.63","Count IsFixedSize IsReadOnly IsSynchronized Length LongLength Rank SyncRoot","frontendoptimised2\downloads\Samyutta Nikaya by Bhante Hye Dhammavuddho Mahathera\12_63\12_63.json","frontendoptimised2\downloads\Samyutta Nikaya by Bhante Hye Dhammavuddho Mahathera\12_63\12_63.mp4","frontendoptimised2\downloads\Samyutta Nikaya by Bhante Hye Dhammavuddho Mahathera\12_63\12_63.en.srt","","12","COUNT ISFIXEDSIZE ISREADONLY ISSYNCHRONIZED LENGTH LONGLENGTH MP4 RANK SC SRT SYNCROOT TRN","1786962885661"
"SN 12.64","SN 12.64","SN","Samyutta Nikaya","12_64","RAW","85","False","False","True","False","False","False","True","True","False","False","False","","","https://suttacentral.net/sn12.64","Count IsFixedSize IsReadOnly IsSynchronized Length LongLength Rank SyncRoot","frontendoptimised2\downloads\Samyutta Nikaya by Bhante Hye Dhammavuddho Mahathera\12_64\12_64.json","frontendoptimised2\downloads\Samyutta Nikaya by Bhante Hye Dhammavuddho Mahathera\12_64\12_64.mp4","frontendoptimised2\downloads\Samyutta Nikaya by Bhante Hye Dhammavuddho Mahathera\12_64\12_64.en.srt","","12","COUNT ISFIXEDSIZE ISREADONLY ISSYNCHRONIZED LENGTH LONGLENGTH MP4 RANK SC SRT SYNCROOT TRN","1786962885731"
"SN 12.66","SN 12.66","SN","Samyutta Nikaya","12_66","RAW","85","False","False","True","False","False","False","True","True","False","False","False","","","https://suttacentral.net/sn12.66","Count IsFixedSize IsReadOnly IsSynchronized Length LongLength Rank SyncRoot","frontendoptimised2\downloads\Samyutta Nikaya by Bhante Hye Dhammavuddho Mahathera\12_66\12_66.json","frontendoptimised2\downloads\Samyutta Nikaya by Bhante Hye Dhammavuddho Mahathera\12_66\12_66.mp4","frontendoptimised2\downloads\Samyutta Nikaya by Bhante Hye Dhammavuddho Mahathera\12_66\12_66.en.srt","","12","COUNT ISFIXEDSIZE ISREADONLY ISSYNCHRONIZED LENGTH LONGLENGTH MP4 RANK SC SRT SYNCROOT TRN","1786962885922"
"SN 12.67","SN 12.67","SN","Samyutta Nikaya","12_67","RAW","85","False","False","True","False","False","False","True","True","False","False","False","","","https://suttacentral.net/sn12.67","Count IsFixedSize IsReadOnly IsSynchronized Length LongLength Rank SyncRoot","frontendoptimised2\downloads\Samyutta Nikaya by Bhante Hye Dhammavuddho Mahathera\12_67\12_67.json","frontendoptimised2\downloads\Samyutta Nikaya by Bhante Hye Dhammavuddho Mahathera\12_67\12_67.mp4","frontendoptimised2\downloads\Samyutta Nikaya by Bhante Hye Dhammavuddho Mahathera\12_67\12_67.en.srt","","12","COUNT ISFIXEDSIZE ISREADONLY ISSYNCHRONIZED LENGTH LONGLENGTH MP4 RANK SC SRT SYNCROOT TRN","1786962886014"
"SN 12.68","SN 12.68","SN","Samyutta Nikaya","12_68","RAW","85","False","False","True","False","False","False","True","True","False","False","False","","","https://suttacentral.net/sn12.68","Count IsFixedSize IsReadOnly IsSynchronized Length LongLength Rank SyncRoot","frontendoptimised2\downloads\Samyutta Nikaya by Bhante Hye Dhammavuddho Mahathera\12_68\12_68.json","frontendoptimised2\downloads\Samyutta Nikaya by Bhante Hye Dhammavuddho Mahathera\12_68\12_68.mp4","frontendoptimised2\downloads\Samyutta Nikaya by Bhante Hye Dhammavuddho Mahathera\12_68\12_68.en.srt","","12","COUNT ISFIXEDSIZE ISREADONLY ISSYNCHRONIZED LENGTH LONGLENGTH MP4 RANK SC SRT SYNCROOT TRN","1786962886125"
"SN 12.70","SN 12.70","SN","Samyutta Nikaya","12_70","RAW","85","False","False","True","False","False","False","True","True","False","False","False","","","https://suttacentral.net/sn12.70","Count IsFixedSize IsReadOnly IsSynchronized Length LongLength Rank SyncRoot","frontendoptimised2\downloads\Samyutta Nikaya by Bhante Hye Dhammavuddho Mahathera\12_70\12_70.json","frontendoptimised2\downloads\Samyutta Nikaya by Bhante Hye Dhammavuddho Mahathera\12_70\12_70.mp4","frontendoptimised2\downloads\Samyutta Nikaya by Bhante Hye Dhammavuddho Mahathera\12_70\12_70.en.srt","","12","COUNT ISFIXEDSIZE ISREADONLY ISSYNCHRONIZED LENGTH LONGLENGTH MP4 RANK SC SRT SYNCROOT TRN","1786962886223"
"SN 13.1","SN 13.1","SN","Samyutta Nikaya","13_1","RAW","85","False","False","True","False","False","False","True","True","False","False","False","","","https://suttacentral.net/sn13.1","Count IsFixedSize IsReadOnly IsSynchronized Length LongLength Rank SyncRoot","frontendoptimised2\downloads\Samyutta Nikaya by Bhante Hye Dhammavuddho Mahathera\13_1\13_1.json","frontendoptimised2\downloads\Samyutta Nikaya by Bhante Hye Dhammavuddho Mahathera\13_1\13_1.mp4","frontendoptimised2\downloads\Samyutta Nikaya by Bhante Hye Dhammavuddho Mahathera\13_1\13_1.en.srt","","12","COUNT ISFIXEDSIZE ISREADONLY ISSYNCHRONIZED LENGTH LONGLENGTH MP4 RANK SC SRT SYNCROOT TRN","1786962886323"
"SN 14","SN 14","SN","Samyutta Nikaya","14","RAW","85","False","False","True","False","False","False","True","True","False","False","False","","","https://suttacentral.net/sn14","Count IsFixedSize IsReadOnly IsSynchronized Length LongLength Rank SyncRoot","Samyutta Nikaya by Bhante Hye Dhammavuddho Mahathera\14\14.json","Samyutta Nikaya by Bhante Hye Dhammavuddho Mahathera\14\14.mp4","Samyutta Nikaya by Bhante Hye Dhammavuddho Mahathera\14\14.en.srt","","12","COUNT ISFIXEDSIZE ISREADONLY ISSYNCHRONIZED LENGTH LONGLENGTH MP4 RANK SC SRT SYNCROOT TRN","1786962886602"
"SN 14.1","SN 14.1","SN","Samyutta Nikaya","14_1","RAW","85","False","False","True","False","False","False","True","True","False","False","False","","","https://suttacentral.net/sn14.1","Count IsFixedSize IsReadOnly IsSynchronized Length LongLength Rank SyncRoot","frontendoptimised2\downloads\Samyutta Nikaya by Bhante Hye Dhammavuddho Mahathera\14_1\14_1.json","frontendoptimised2\downloads\Samyutta Nikaya by Bhante Hye Dhammavuddho Mahathera\14_1\14_1.mp4","frontendoptimised2\downloads\Samyutta Nikaya by Bhante Hye Dhammavuddho Mahathera\14_1\14_1.en.srt","","12","COUNT ISFIXEDSIZE ISREADONLY ISSYNCHRONIZED LENGTH LONGLENGTH MP4 RANK SC SRT SYNCROOT TRN","1786962886777"
"SN 14.4","SN 14.4","SN","Samyutta Nikaya","14_4","RAW","85","False","False","True","False","False","False","True","True","False","False","False","","","https://suttacentral.net/sn14.4","Count IsFixedSize IsReadOnly IsSynchronized Length LongLength Rank SyncRoot","frontendoptimised2\downloads\Samyutta Nikaya by Bhante Hye Dhammavuddho Mahathera\14_4\14_4.json","frontendoptimised2\downloads\Samyutta Nikaya by Bhante Hye Dhammavuddho Mahathera\14_4\14_4.mp4","frontendoptimised2\downloads\Samyutta Nikaya by Bhante Hye Dhammavuddho Mahathera\14_4\14_4.en.srt","","12","COUNT ISFIXEDSIZE ISREADONLY ISSYNCHRONIZED LENGTH LONGLENGTH MP4 RANK SC SRT SYNCROOT TRN","1786962886935"
"SN 14.7","SN 14.7","SN","Samyutta Nikaya","14_7","RAW","85","False","False","True","False","False","False","True","True","False","False","False","","","https://suttacentral.net/sn14.7","Count IsFixedSize IsReadOnly IsSynchronized Length LongLength Rank SyncRoot","frontendoptimised2\downloads\Samyutta Nikaya by Bhante Hye Dhammavuddho Mahathera\14_7\14_7.json","frontendoptimised2\downloads\Samyutta Nikaya by Bhante Hye Dhammavuddho Mahathera\14_7\14_7.mp4","frontendoptimised2\downloads\Samyutta Nikaya by Bhante Hye Dhammavuddho Mahathera\14_7\14_7.en.srt","","12","COUNT ISFIXEDSIZE ISREADONLY ISSYNCHRONIZED LENGTH LONGLENGTH MP4 RANK SC SRT SYNCROOT TRN","1786962886975"
"SN 14.11","SN 14.11","SN","Samyutta Nikaya","14_11","RAW","85","False","False","True","False","False","False","True","True","False","False","False","","","https://suttacentral.net/sn14.11","Count IsFixedSize IsReadOnly IsSynchronized Length LongLength Rank SyncRoot","frontendoptimised2\downloads\Samyutta Nikaya by Bhante Hye Dhammavuddho Mahathera\14_11\14_11.json","frontendoptimised2\downloads\Samyutta Nikaya by Bhante Hye Dhammavuddho Mahathera\14_11\14_11.mp4","frontendoptimised2\downloads\Samyutta Nikaya by Bhante Hye Dhammavuddho Mahathera\14_11\14_11.en.srt","","12","COUNT ISFIXEDSIZE ISREADONLY ISSYNCHRONIZED LENGTH LONGLENGTH MP4 RANK SC SRT SYNCROOT TRN","1786962886857"
"SN 14.15","SN 14.15","SN","Samyutta Nikaya","14_15","RAW","85","False","False","True","False","False","False","True","True","False","False","False","","","https://suttacentral.net/sn14.15","Count IsFixedSize IsReadOnly IsSynchronized Length LongLength Rank SyncRoot","frontendoptimised2\downloads\Samyutta Nikaya by Bhante Hye Dhammavuddho Mahathera\14_15\14_15.json","frontendoptimised2\downloads\Samyutta Nikaya by Bhante Hye Dhammavuddho Mahathera\14_15\14_15.mp4","frontendoptimised2\downloads\Samyutta Nikaya by Bhante Hye Dhammavuddho Mahathera\14_15\14_15.en.srt","","12","COUNT ISFIXEDSIZE ISREADONLY ISSYNCHRONIZED LENGTH LONGLENGTH MP4 RANK SC SRT SYNCROOT TRN","1786962886900"
"SN 15.1","SN 15.1","SN","Samyutta Nikaya","15_1","RAW","85","False","False","True","False","False","False","True","True","False","False","False","","","https://suttacentral.net/sn15.1","Count IsFixedSize IsReadOnly IsSynchronized Length LongLength Rank SyncRoot","frontendoptimised2\downloads\Samyutta Nikaya by Bhante Hye Dhammavuddho Mahathera\15_1\15_1.json","frontendoptimised2\downloads\Samyutta Nikaya by Bhante Hye Dhammavuddho Mahathera\15_1\15_1.mp4","frontendoptimised2\downloads\Samyutta Nikaya by Bhante Hye Dhammavuddho Mahathera\15_1\15_1.en.srt","","12","COUNT ISFIXEDSIZE ISREADONLY ISSYNCHRONIZED LENGTH LONGLENGTH MP4 RANK SC SRT SYNCROOT TRN","1786962887100"
"SN 15.3","SN 15.3","SN","Samyutta Nikaya","15_3","RAW","85","False","False","True","False","False","False","True","True","False","False","False","","","https://suttacentral.net/sn15.3","Count IsFixedSize IsReadOnly IsSynchronized Length LongLength Rank SyncRoot","frontendoptimised2\downloads\Samyutta Nikaya by Bhante Hye Dhammavuddho Mahathera\15_3\15_3.json","frontendoptimised2\downloads\Samyutta Nikaya by Bhante Hye Dhammavuddho Mahathera\15_3\15_3.mp4","frontendoptimised2\downloads\Samyutta Nikaya by Bhante Hye Dhammavuddho Mahathera\15_3\15_3.en.srt","","12","COUNT ISFIXEDSIZE ISREADONLY ISSYNCHRONIZED LENGTH LONGLENGTH MP4 RANK SC SRT SYNCROOT TRN","1786962887271"
"SN 15.5","SN 15.5","SN","Samyutta Nikaya","15_5","RAW","85","False","False","True","False","False","False","True","True","False","False","False","","","https://suttacentral.net/sn15.5","Count IsFixedSize IsReadOnly IsSynchronized Length LongLength Rank SyncRoot","frontendoptimised2\downloads\Samyutta Nikaya by Bhante Hye Dhammavuddho Mahathera\15_5\15_5.json","frontendoptimised2\downloads\Samyutta Nikaya by Bhante Hye Dhammavuddho Mahathera\15_5\15_5.mp4","frontendoptimised2\downloads\Samyutta Nikaya by Bhante Hye Dhammavuddho Mahathera\15_5\15_5.en.srt","","12","COUNT ISFIXEDSIZE ISREADONLY ISSYNCHRONIZED LENGTH LONGLENGTH MP4 RANK SC SRT SYNCROOT TRN","1786962887314"
"SN 15.13","SN 15.13","SN","Samyutta Nikaya","15_13","RAW","85","False","False","True","False","False","False","True","True","False","False","False","","","https://suttacentral.net/sn15.13","Count IsFixedSize IsReadOnly IsSynchronized Length LongLength Rank SyncRoot","frontendoptimised2\downloads\Samyutta Nikaya by Bhante Hye Dhammavuddho Mahathera\15_13\15_13.json","frontendoptimised2\downloads\Samyutta Nikaya by Bhante Hye Dhammavuddho Mahathera\15_13\15_13.mp4","frontendoptimised2\downloads\Samyutta Nikaya by Bhante Hye Dhammavuddho Mahathera\15_13\15_13.en.srt","","12","COUNT ISFIXEDSIZE ISREADONLY ISSYNCHRONIZED LENGTH LONGLENGTH MP4 RANK SC SRT SYNCROOT TRN","1786962887167"
"SN 15.20","SN 15.20","SN","Samyutta Nikaya","15_20","RAW","85","False","False","True","False","False","False","True","True","False","False","False","","","https://suttacentral.net/sn15.20","Count IsFixedSize IsReadOnly IsSynchronized Length LongLength Rank SyncRoot","frontendoptimised2\downloads\Samyutta Nikaya by Bhante Hye Dhammavuddho Mahathera\15_20\15_20.json","frontendoptimised2\downloads\Samyutta Nikaya by Bhante Hye Dhammavuddho Mahathera\15_20\15_20.mp4","frontendoptimised2\downloads\Samyutta Nikaya by Bhante Hye Dhammavuddho Mahathera\15_20\15_20.en.srt","","12","COUNT ISFIXEDSIZE ISREADONLY ISSYNCHRONIZED LENGTH LONGLENGTH MP4 RANK SC SRT SYNCROOT TRN","1786962887228"
"SN 16","SN 16","SN","Samyutta Nikaya","16","RAW","85","False","False","True","False","False","False","True","True","False","False","False","","","https://suttacentral.net/sn16","Count IsFixedSize IsReadOnly IsSynchronized Length LongLength Rank SyncRoot","Samyutta Nikaya by Bhante Hye Dhammavuddho Mahathera\16\16.json","Samyutta Nikaya by Bhante Hye Dhammavuddho Mahathera\16\16.mp4","Samyutta Nikaya by Bhante Hye Dhammavuddho Mahathera\16\16.en.srt","","12","COUNT ISFIXEDSIZE ISREADONLY ISSYNCHRONIZED LENGTH LONGLENGTH MP4 RANK SC SRT SYNCROOT TRN","1786962887712"
"SN 16.2","SN 16.2","SN","Samyutta Nikaya","16_2","RAW","85","False","False","True","False","False","False","True","True","False","False","False","","","https://suttacentral.net/sn16.2","Count IsFixedSize IsReadOnly IsSynchronized Length LongLength Rank SyncRoot","frontendoptimised2\downloads\Samyutta Nikaya by Bhante Hye Dhammavuddho Mahathera\16_2\16_2.json","frontendoptimised2\downloads\Samyutta Nikaya by Bhante Hye Dhammavuddho Mahathera\16_2\16_2.mp4","frontendoptimised2\downloads\Samyutta Nikaya by Bhante Hye Dhammavuddho Mahathera\16_2\16_2.en.srt","","12","COUNT ISFIXEDSIZE ISREADONLY ISSYNCHRONIZED LENGTH LONGLENGTH MP4 RANK SC SRT SYNCROOT TRN","1786962887869"
"SN 16.4","SN 16.4","SN","Samyutta Nikaya","16_4","RAW","85","False","False","True","False","False","False","True","True","False","False","False","","","https://suttacentral.net/sn16.4","Count IsFixedSize IsReadOnly IsSynchronized Length LongLength Rank SyncRoot","frontendoptimised2\downloads\Samyutta Nikaya by Bhante Hye Dhammavuddho Mahathera\16_4\16_4.json","frontendoptimised2\downloads\Samyutta Nikaya by Bhante Hye Dhammavuddho Mahathera\16_4\16_4.mp4","frontendoptimised2\downloads\Samyutta Nikaya by Bhante Hye Dhammavuddho Mahathera\16_4\16_4.en.srt","","12","COUNT ISFIXEDSIZE ISREADONLY ISSYNCHRONIZED LENGTH LONGLENGTH MP4 RANK SC SRT SYNCROOT TRN","1786962887914"
"SN 16.5","SN 16.5","SN","Samyutta Nikaya","16_5","RAW","85","False","False","True","False","False","False","True","True","False","False","False","","","https://suttacentral.net/sn16.5","Count IsFixedSize IsReadOnly IsSynchronized Length LongLength Rank SyncRoot","frontendoptimised2\downloads\Samyutta Nikaya by Bhante Hye Dhammavuddho Mahathera\16_5\16_5.json","frontendoptimised2\downloads\Samyutta Nikaya by Bhante Hye Dhammavuddho Mahathera\16_5\16_5.mp4","frontendoptimised2\downloads\Samyutta Nikaya by Bhante Hye Dhammavuddho Mahathera\16_5\16_5.en.srt","","12","COUNT ISFIXEDSIZE ISREADONLY ISSYNCHRONIZED LENGTH LONGLENGTH MP4 RANK SC SRT SYNCROOT TRN","1786962888153"
"SN 16.13","SN 16.13","SN","Samyutta Nikaya","16_13","RAW","85","False","False","True","False","False","False","True","True","False","False","False","","","https://suttacentral.net/sn16.13","Count IsFixedSize IsReadOnly IsSynchronized Length LongLength Rank SyncRoot","frontendoptimised2\downloads\Samyutta Nikaya by Bhante Hye Dhammavuddho Mahathera\16_13\16_13.json","frontendoptimised2\downloads\Samyutta Nikaya by Bhante Hye Dhammavuddho Mahathera\16_13\16_13.mp4","frontendoptimised2\downloads\Samyutta Nikaya by Bhante Hye Dhammavuddho Mahathera\16_13\16_13.en.srt","","12","COUNT ISFIXEDSIZE ISREADONLY ISSYNCHRONIZED LENGTH LONGLENGTH MP4 RANK SC SRT SYNCROOT TRN","1786962887799"
"SN 17.3","SN 17.3","SN","Samyutta Nikaya","17_3","RAW","85","False","False","True","False","False","False","True","True","False","False","False","","","https://suttacentral.net/sn17.3","Count IsFixedSize IsReadOnly IsSynchronized Length LongLength Rank SyncRoot","frontendoptimised2\downloads\Samyutta Nikaya by Bhante Hye Dhammavuddho Mahathera\17_3\17_3.json","frontendoptimised2\downloads\Samyutta Nikaya by Bhante Hye Dhammavuddho Mahathera\17_3\17_3.mp4","frontendoptimised2\downloads\Samyutta Nikaya by Bhante Hye Dhammavuddho Mahathera\17_3\17_3.en.srt","","12","COUNT ISFIXEDSIZE ISREADONLY ISSYNCHRONIZED LENGTH LONGLENGTH MP4 RANK SC SRT SYNCROOT TRN","1786962888256"
"SN 18.1","SN 18.1","SN","Samyutta Nikaya","18_1","RAW","85","False","False","True","False","False","False","True","True","False","False","False","","","https://suttacentral.net/sn18.1","Count IsFixedSize IsReadOnly IsSynchronized Length LongLength Rank SyncRoot","frontendoptimised2\downloads\Samyutta Nikaya by Bhante Hye Dhammavuddho Mahathera\18_1\18_1.json","frontendoptimised2\downloads\Samyutta Nikaya by Bhante Hye Dhammavuddho Mahathera\18_1\18_1.mp4","frontendoptimised2\downloads\Samyutta Nikaya by Bhante Hye Dhammavuddho Mahathera\18_1\18_1.en.srt","","12","COUNT ISFIXEDSIZE ISREADONLY ISSYNCHRONIZED LENGTH LONGLENGTH MP4 RANK SC SRT SYNCROOT TRN","1786962888316"
"SN 19.1","SN 19.1","SN","Samyutta Nikaya","19_1","RAW","85","False","False","True","False","False","False","True","True","False","False","False","","","https://suttacentral.net/sn19.1","Count IsFixedSize IsReadOnly IsSynchronized Length LongLength Rank SyncRoot","frontendoptimised2\downloads\Samyutta Nikaya by Bhante Hye Dhammavuddho Mahathera\19_1\19_1.json","frontendoptimised2\downloads\Samyutta Nikaya by Bhante Hye Dhammavuddho Mahathera\19_1\19_1.mp4","frontendoptimised2\downloads\Samyutta Nikaya by Bhante Hye Dhammavuddho Mahathera\19_1\19_1.en.srt","","12","COUNT ISFIXEDSIZE ISREADONLY ISSYNCHRONIZED LENGTH LONGLENGTH MP4 RANK SC SRT SYNCROOT TRN","1786962888394"
"SN 20","SN 20","SN","Samyutta Nikaya","20","RAW","85","False","False","True","False","False","False","True","True","False","False","False","","","https://suttacentral.net/sn20","Count IsFixedSize IsReadOnly IsSynchronized Length LongLength Rank SyncRoot","Samyutta Nikaya by Bhante Hye Dhammavuddho Mahathera\20\20.json","Samyutta Nikaya by Bhante Hye Dhammavuddho Mahathera\20\20.mp4","Samyutta Nikaya by Bhante Hye Dhammavuddho Mahathera\20\20.en.srt","","12","COUNT ISFIXEDSIZE ISREADONLY ISSYNCHRONIZED LENGTH LONGLENGTH MP4 RANK SC SRT SYNCROOT TRN","1786962888910"
"SN 20.1","SN 20.1","SN","Samyutta Nikaya","20_1","RAW","85","False","False","True","False","False","False","True","True","False","False","False","","","https://suttacentral.net/sn20.1","Count IsFixedSize IsReadOnly IsSynchronized Length LongLength Rank SyncRoot","frontendoptimised2\downloads\Samyutta Nikaya by Bhante Hye Dhammavuddho Mahathera\20_1\20_1.json","frontendoptimised2\downloads\Samyutta Nikaya by Bhante Hye Dhammavuddho Mahathera\20_1\20_1.mp4","frontendoptimised2\downloads\Samyutta Nikaya by Bhante Hye Dhammavuddho Mahathera\20_1\20_1.en.srt","","12","COUNT ISFIXEDSIZE ISREADONLY ISSYNCHRONIZED LENGTH LONGLENGTH MP4 RANK SC SRT SYNCROOT TRN","1786962889061"
"SN 21","SN 21","SN","Samyutta Nikaya","21","RAW","60","False","False","False","False","False","False","False","False","False","False","False","","","","Count IsFixedSize IsReadOnly IsSynchronized Length LongLength Rank SyncRoot","Samyutta Nikaya by Bhante Hye Dhammavuddho Mahathera\21\21.json","","","","8","COUNT ISFIXEDSIZE ISREADONLY ISSYNCHRONIZED LENGTH LONGLENGTH RANK SYNCROOT","1786962889070"
"SN 21 Bhikkhu Part 2, 22 Khandha Part 1by Bhante Hye Dhammavudd","","SN","Samyutta Nikaya","21 Bhikkhu Part 2, 22 Khandha Part 1by Bhante Hye Dhammavudd","RAW","85","True","True","False","False","False","False","True","True","False","True","False","","","","en","frontendoptimised2\downloads\Samyutta Nikaya by Bhante Hye Dhammavuddho Mahathera\21 Bhikkhu Part 2, 22 Khandha Part 1by Bhante Hye Dhammavudd\21 Bhikkhu Part 2, 22 Khandha Part 1by Bhante Hye Dhammavudd.json","frontendoptimised2\downloads\Samyutta Nikaya by Bhante Hye Dhammavuddho Mahathera\21 Bhikkhu Part 2, 22 Khandha Part 1by Bhante Hye Dhammavudd\Samyutta Nikaya 21 Bhikkhu Part 2, 22 Khandha Part 1by Bhante Hye Dhammavuddho Mahathera.mp4","frontendoptimised2\downloads\Samyutta Nikaya by Bhante Hye Dhammavuddho Mahathera\21 Bhikkhu Part 2, 22 Khandha Part 1by Bhante Hye Dhammavudd\Samyutta Nikaya 21 Bhikkhu Part 2, 22 Khandha Part 1by Bhante Hye Dhammavuddho Mahathera.en-orig.srt","","5","COM EN MP4 SRT TXT","1786120297586"
"SN 21.1","SN 21.1","SN","Samyutta Nikaya","21_1","RAW","85","False","False","True","False","False","False","True","True","False","False","False","","","https://suttacentral.net/sn21.1","Count IsFixedSize IsReadOnly IsSynchronized Length LongLength Rank SyncRoot","frontendoptimised2\downloads\Samyutta Nikaya by Bhante Hye Dhammavuddho Mahathera\21_1\21_1.json","frontendoptimised2\downloads\Samyutta Nikaya by Bhante Hye Dhammavuddho Mahathera\21_1\21_1.mp4","frontendoptimised2\downloads\Samyutta Nikaya by Bhante Hye Dhammavuddho Mahathera\21_1\21_1.en.srt","","12","COUNT ISFIXEDSIZE ISREADONLY ISSYNCHRONIZED LENGTH LONGLENGTH MP4 RANK SC SRT SYNCROOT TRN","1786962889123"
"SN 21.2","SN 21.2","SN","Samyutta Nikaya","21_2","RAW","85","False","False","True","False","False","False","True","True","False","False","False","","","https://suttacentral.net/sn21.2","Count IsFixedSize IsReadOnly IsSynchronized Length LongLength Rank SyncRoot","frontendoptimised2\downloads\Samyutta Nikaya by Bhante Hye Dhammavuddho Mahathera\21_2\21_2.json","frontendoptimised2\downloads\Samyutta Nikaya by Bhante Hye Dhammavuddho Mahathera\21_2\21_2.mp4","frontendoptimised2\downloads\Samyutta Nikaya by Bhante Hye Dhammavuddho Mahathera\21_2\21_2.en.srt","","12","COUNT ISFIXEDSIZE ISREADONLY ISSYNCHRONIZED LENGTH LONGLENGTH MP4 RANK SC SRT SYNCROOT TRN","1786962889466"
"SN 21.3","SN 21.3","SN","Samyutta Nikaya","21_3","RAW","85","False","False","True","False","False","False","True","True","False","False","False","","","https://suttacentral.net/sn21.3","Count IsFixedSize IsReadOnly IsSynchronized Length LongLength Rank SyncRoot","frontendoptimised2\downloads\Samyutta Nikaya by Bhante Hye Dhammavuddho Mahathera\21_3\21_3.json","frontendoptimised2\downloads\Samyutta Nikaya by Bhante Hye Dhammavuddho Mahathera\21_3\21_3.mp4","frontendoptimised2\downloads\Samyutta Nikaya by Bhante Hye Dhammavuddho Mahathera\21_3\21_3.en.srt","","12","COUNT ISFIXEDSIZE ISREADONLY ISSYNCHRONIZED LENGTH LONGLENGTH MP4 RANK SC SRT SYNCROOT TRN","1786962889519"
"SN 21.4","SN 21.4","SN","Samyutta Nikaya","21_4","RAW","85","False","False","True","False","False","False","True","True","False","False","False","","","https://suttacentral.net/sn21.4","Count IsFixedSize IsReadOnly IsSynchronized Length LongLength Rank SyncRoot","frontendoptimised2\downloads\Samyutta Nikaya by Bhante Hye Dhammavuddho Mahathera\21_4\21_4.json","frontendoptimised2\downloads\Samyutta Nikaya by Bhante Hye Dhammavuddho Mahathera\21_4\21_4.mp4","frontendoptimised2\downloads\Samyutta Nikaya by Bhante Hye Dhammavuddho Mahathera\21_4\21_4.en.srt","","12","COUNT ISFIXEDSIZE ISREADONLY ISSYNCHRONIZED LENGTH LONGLENGTH MP4 RANK SC SRT SYNCROOT TRN","1786962889598"
"SN 21.10","SN 21.10","SN","Samyutta Nikaya","21_10","RAW","85","False","False","True","False","False","False","True","True","False","False","False","","","https://suttacentral.net/sn21.10","Count IsFixedSize IsReadOnly IsSynchronized Length LongLength Rank SyncRoot","frontendoptimised2\downloads\Samyutta Nikaya by Bhante Hye Dhammavuddho Mahathera\21_10\21_10.json","frontendoptimised2\downloads\Samyutta Nikaya by Bhante Hye Dhammavuddho Mahathera\21_10\21_10.mp4","frontendoptimised2\downloads\Samyutta Nikaya by Bhante Hye Dhammavuddho Mahathera\21_10\21_10.en.srt","","12","COUNT ISFIXEDSIZE ISREADONLY ISSYNCHRONIZED LENGTH LONGLENGTH MP4 RANK SC SRT SYNCROOT TRN","1786962889173"
"SN 21.11","SN 21.11","SN","Samyutta Nikaya","21_11","RAW","85","False","False","True","False","False","False","True","True","False","False","False","","","https://suttacentral.net/sn21.11","Count IsFixedSize IsReadOnly IsSynchronized Length LongLength Rank SyncRoot","frontendoptimised2\downloads\Samyutta Nikaya by Bhante Hye Dhammavuddho Mahathera\21_11\21_11.json","frontendoptimised2\downloads\Samyutta Nikaya by Bhante Hye Dhammavuddho Mahathera\21_11\21_11.mp4","frontendoptimised2\downloads\Samyutta Nikaya by Bhante Hye Dhammavuddho Mahathera\21_11\21_11.en.srt","","12","COUNT ISFIXEDSIZE ISREADONLY ISSYNCHRONIZED LENGTH LONGLENGTH MP4 RANK SC SRT SYNCROOT TRN","1786962889393"
"SN 22","SN 22","SN","Samyutta Nikaya","22","RAW","85","False","False","True","False","False","False","True","True","False","False","False","","","https://suttacentral.net/sn22","Count IsFixedSize IsReadOnly IsSynchronized Length LongLength Rank SyncRoot","Samyutta Nikaya by Bhante Hye Dhammavuddho Mahathera\22\22.json","Samyutta Nikaya by Bhante Hye Dhammavuddho Mahathera\22\22.mp4","Samyutta Nikaya by Bhante Hye Dhammavuddho Mahathera\22\22.en.srt","","12","COUNT ISFIXEDSIZE ISREADONLY ISSYNCHRONIZED LENGTH LONGLENGTH MP4 RANK SC SRT SYNCROOT TRN","1786962889898"
"SN 22.2","SN 22.2","SN","Samyutta Nikaya","22_2","RAW","85","False","False","True","False","False","False","True","True","False","False","False","","","https://suttacentral.net/sn22.2","Count IsFixedSize IsReadOnly IsSynchronized Length LongLength Rank SyncRoot","frontendoptimised2\downloads\Samyutta Nikaya by Bhante Hye Dhammavuddho Mahathera\22_2\22_2.json","frontendoptimised2\downloads\Samyutta Nikaya by Bhante Hye Dhammavuddho Mahathera\22_2\22_2.mp4","frontendoptimised2\downloads\Samyutta Nikaya by Bhante Hye Dhammavuddho Mahathera\22_2\22_2.en.srt","","12","COUNT ISFIXEDSIZE ISREADONLY ISSYNCHRONIZED LENGTH LONGLENGTH MP4 RANK SC SRT SYNCROOT TRN","1786962890005"
"SN 22.3","SN 22.3","SN","Samyutta Nikaya","22_3","RAW","85","False","False","True","False","False","False","True","True","False","False","False","","","https://suttacentral.net/sn22.3","Count IsFixedSize IsReadOnly IsSynchronized Length LongLength Rank SyncRoot","frontendoptimised2\downloads\Samyutta Nikaya by Bhante Hye Dhammavuddho Mahathera\22_3\22_3.json","frontendoptimised2\downloads\Samyutta Nikaya by Bhante Hye Dhammavuddho Mahathera\22_3\22_3.mp4","frontendoptimised2\downloads\Samyutta Nikaya by Bhante Hye Dhammavuddho Mahathera\22_3\22_3.en.srt","","12","COUNT ISFIXEDSIZE ISREADONLY ISSYNCHRONIZED LENGTH LONGLENGTH MP4 RANK SC SRT SYNCROOT TRN","1786962890234"
"SN 22.53","SN 22.53","SN","Samyutta Nikaya","22_53","RAW","85","False","False","True","False","False","False","True","True","False","False","False","","","https://suttacentral.net/sn22.53","Count IsFixedSize IsReadOnly IsSynchronized Length LongLength Rank SyncRoot","frontendoptimised2\downloads\Samyutta Nikaya by Bhante Hye Dhammavuddho Mahathera\22_53\22_53.json","frontendoptimised2\downloads\Samyutta Nikaya by Bhante Hye Dhammavuddho Mahathera\22_53\22_53.mp4","frontendoptimised2\downloads\Samyutta Nikaya by Bhante Hye Dhammavuddho Mahathera\22_53\22_53.en.srt","","12","COUNT ISFIXEDSIZE ISREADONLY ISSYNCHRONIZED LENGTH LONGLENGTH MP4 RANK SC SRT SYNCROOT TRN","1786962890320"
"SN 22.54","SN 22.54","SN","Samyutta Nikaya","22_54","RAW","85","False","False","True","False","False","False","True","True","False","False","False","","","https://suttacentral.net/sn22.54","Count IsFixedSize IsReadOnly IsSynchronized Length LongLength Rank SyncRoot","frontendoptimised2\downloads\Samyutta Nikaya by Bhante Hye Dhammavuddho Mahathera\22_54\22_54.json","frontendoptimised2\downloads\Samyutta Nikaya by Bhante Hye Dhammavuddho Mahathera\22_54\22_54.mp4","frontendoptimised2\downloads\Samyutta Nikaya by Bhante Hye Dhammavuddho Mahathera\22_54\22_54.en.srt","","12","COUNT ISFIXEDSIZE ISREADONLY ISSYNCHRONIZED LENGTH LONGLENGTH MP4 RANK SC SRT SYNCROOT TRN","1786962890387"
"SN 22.55","SN 22.55","SN","Samyutta Nikaya","22_55","RAW","85","False","False","True","False","False","False","True","True","False","False","False","","","https://suttacentral.net/sn22.55","Count IsFixedSize IsReadOnly IsSynchronized Length LongLength Rank SyncRoot","frontendoptimised2\downloads\Samyutta Nikaya by Bhante Hye Dhammavuddho Mahathera\22_55\22_55.json","frontendoptimised2\downloads\Samyutta Nikaya by Bhante Hye Dhammavuddho Mahathera\22_55\22_55.mp4","frontendoptimised2\downloads\Samyutta Nikaya by Bhante Hye Dhammavuddho Mahathera\22_55\22_55.en.srt","","12","COUNT ISFIXEDSIZE ISREADONLY ISSYNCHRONIZED LENGTH LONGLENGTH MP4 RANK SC SRT SYNCROOT TRN","1786962890515"
"SN 22.59","SN 22.59","SN","Samyutta Nikaya","22_59","RAW","85","False","False","True","False","False","False","True","True","False","False","False","","","https://suttacentral.net/sn22.59","Count IsFixedSize IsReadOnly IsSynchronized Length LongLength Rank SyncRoot","frontendoptimised2\downloads\Samyutta Nikaya by Bhante Hye Dhammavuddho Mahathera\22_59\22_59.json","frontendoptimised2\downloads\Samyutta Nikaya by Bhante Hye Dhammavuddho Mahathera\22_59\22_59.mp4","frontendoptimised2\downloads\Samyutta Nikaya by Bhante Hye Dhammavuddho Mahathera\22_59\22_59.en.srt","","12","COUNT ISFIXEDSIZE ISREADONLY ISSYNCHRONIZED LENGTH LONGLENGTH MP4 RANK SC SRT SYNCROOT TRN","1786962890599"
"SN 22.60","SN 22.60","SN","Samyutta Nikaya","22_60","RAW","85","False","False","True","False","False","False","True","True","False","False","False","","","https://suttacentral.net/sn22.60","Count IsFixedSize IsReadOnly IsSynchronized Length LongLength Rank SyncRoot","frontendoptimised2\downloads\Samyutta Nikaya by Bhante Hye Dhammavuddho Mahathera\22_60\22_60.json","frontendoptimised2\downloads\Samyutta Nikaya by Bhante Hye Dhammavuddho Mahathera\22_60\22_60.mp4","frontendoptimised2\downloads\Samyutta Nikaya by Bhante Hye Dhammavuddho Mahathera\22_60\22_60.en.srt","","12","COUNT ISFIXEDSIZE ISREADONLY ISSYNCHRONIZED LENGTH LONGLENGTH MP4 RANK SC SRT SYNCROOT TRN","1786962890840"
"SN 22.83","SN 22.83","SN","Samyutta Nikaya","22_83","RAW","85","False","False","True","False","False","False","True","True","False","False","False","","","https://suttacentral.net/sn22.83","Count IsFixedSize IsReadOnly IsSynchronized Length LongLength Rank SyncRoot","frontendoptimised2\downloads\Samyutta Nikaya by Bhante Hye Dhammavuddho Mahathera\22_83\22_83.json","frontendoptimised2\downloads\Samyutta Nikaya by Bhante Hye Dhammavuddho Mahathera\22_83\22_83.mp4","frontendoptimised2\downloads\Samyutta Nikaya by Bhante Hye Dhammavuddho Mahathera\22_83\22_83.en.srt","","12","COUNT ISFIXEDSIZE ISREADONLY ISSYNCHRONIZED LENGTH LONGLENGTH MP4 RANK SC SRT SYNCROOT TRN","1786962890883"
"SN 22.84","SN 22.84","SN","Samyutta Nikaya","22_84","RAW","85","False","False","True","False","False","False","True","True","False","False","False","","","https://suttacentral.net/sn22.84","Count IsFixedSize IsReadOnly IsSynchronized Length LongLength Rank SyncRoot","frontendoptimised2\downloads\Samyutta Nikaya by Bhante Hye Dhammavuddho Mahathera\22_84\22_84.json","frontendoptimised2\downloads\Samyutta Nikaya by Bhante Hye Dhammavuddho Mahathera\22_84\22_84.mp4","frontendoptimised2\downloads\Samyutta Nikaya by Bhante Hye Dhammavuddho Mahathera\22_84\22_84.en.srt","","12","COUNT ISFIXEDSIZE ISREADONLY ISSYNCHRONIZED LENGTH LONGLENGTH MP4 RANK SC SRT SYNCROOT TRN","1786962891063"
"SN 22.89","SN 22.89","SN","Samyutta Nikaya","22_89","RAW","85","False","False","True","False","False","False","True","True","False","False","False","","","https://suttacentral.net/sn22.89","Count IsFixedSize IsReadOnly IsSynchronized Length LongLength Rank SyncRoot","frontendoptimised2\downloads\Samyutta Nikaya by Bhante Hye Dhammavuddho Mahathera\22_89\22_89.json","frontendoptimised2\downloads\Samyutta Nikaya by Bhante Hye Dhammavuddho Mahathera\22_89\22_89.mp4","frontendoptimised2\downloads\Samyutta Nikaya by Bhante Hye Dhammavuddho Mahathera\22_89\22_89.en.srt","","12","COUNT ISFIXEDSIZE ISREADONLY ISSYNCHRONIZED LENGTH LONGLENGTH MP4 RANK SC SRT SYNCROOT TRN","1786962891312"
"SN 23","SN 23","SN","Samyutta Nikaya","23","RAW","85","False","False","True","False","False","False","True","True","False","False","False","","","https://suttacentral.net/sn23","Count IsFixedSize IsReadOnly IsSynchronized Length LongLength Rank SyncRoot","Samyutta Nikaya by Bhante Hye Dhammavuddho Mahathera\23\23.json","Samyutta Nikaya by Bhante Hye Dhammavuddho Mahathera\23\23.mp4","Samyutta Nikaya by Bhante Hye Dhammavuddho Mahathera\23\23.en.srt","","12","COUNT ISFIXEDSIZE ISREADONLY ISSYNCHRONIZED LENGTH LONGLENGTH MP4 RANK SC SRT SYNCROOT TRN","1786962891440"
"SN 23.1","SN 23.1","SN","Samyutta Nikaya","23_1","RAW","85","False","False","True","False","False","False","True","True","False","False","False","","","https://suttacentral.net/sn23.1","Count IsFixedSize IsReadOnly IsSynchronized Length LongLength Rank SyncRoot","frontendoptimised2\downloads\Samyutta Nikaya by Bhante Hye Dhammavuddho Mahathera\23_1\23_1.json","frontendoptimised2\downloads\Samyutta Nikaya by Bhante Hye Dhammavuddho Mahathera\23_1\23_1.mp4","frontendoptimised2\downloads\Samyutta Nikaya by Bhante Hye Dhammavuddho Mahathera\23_1\23_1.en.srt","","12","COUNT ISFIXEDSIZE ISREADONLY ISSYNCHRONIZED LENGTH LONGLENGTH MP4 RANK SC SRT SYNCROOT TRN","1786962891506"
"SN 23.2","SN 23.2","SN","Samyutta Nikaya","23_2","RAW","85","False","False","True","False","False","False","True","True","False","False","False","","","https://suttacentral.net/sn23.2","Count IsFixedSize IsReadOnly IsSynchronized Length LongLength Rank SyncRoot","frontendoptimised2\downloads\Samyutta Nikaya by Bhante Hye Dhammavuddho Mahathera\23_2\23_2.json","frontendoptimised2\downloads\Samyutta Nikaya by Bhante Hye Dhammavuddho Mahathera\23_2\23_2.mp4","frontendoptimised2\downloads\Samyutta Nikaya by Bhante Hye Dhammavuddho Mahathera\23_2\23_2.en.srt","","12","COUNT ISFIXEDSIZE ISREADONLY ISSYNCHRONIZED LENGTH LONGLENGTH MP4 RANK SC SRT SYNCROOT TRN","1786962891553"
"SN 24.2","SN 24.2","SN","Samyutta Nikaya","24_2","RAW","85","False","False","True","False","False","False","True","True","False","False","False","","","https://suttacentral.net/sn24.2","Count IsFixedSize IsReadOnly IsSynchronized Length LongLength Rank SyncRoot","frontendoptimised2\downloads\Samyutta Nikaya by Bhante Hye Dhammavuddho Mahathera\24_2\24_2.json","frontendoptimised2\downloads\Samyutta Nikaya by Bhante Hye Dhammavuddho Mahathera\24_2\24_2.mp4","frontendoptimised2\downloads\Samyutta Nikaya by Bhante Hye Dhammavuddho Mahathera\24_2\24_2.en.srt","","12","COUNT ISFIXEDSIZE ISREADONLY ISSYNCHRONIZED LENGTH LONGLENGTH MP4 RANK SC SRT SYNCROOT TRN","1786962891602"
"SN 25.1","SN 25.1","SN","Samyutta Nikaya","25_1","RAW","85","False","False","True","False","False","False","True","True","False","False","False","","","https://suttacentral.net/sn25.1","Count IsFixedSize IsReadOnly IsSynchronized Length LongLength Rank SyncRoot","frontendoptimised2\downloads\Samyutta Nikaya by Bhante Hye Dhammavuddho Mahathera\25_1\25_1.json","frontendoptimised2\downloads\Samyutta Nikaya by Bhante Hye Dhammavuddho Mahathera\25_1\25_1.mp4","frontendoptimised2\downloads\Samyutta Nikaya by Bhante Hye Dhammavuddho Mahathera\25_1\25_1.en.srt","","12","COUNT ISFIXEDSIZE ISREADONLY ISSYNCHRONIZED LENGTH LONGLENGTH MP4 RANK SC SRT SYNCROOT TRN","1786962891665"
"SN 26","SN 26","SN","Samyutta Nikaya","26","RAW","85","False","False","True","False","False","False","True","True","False","False","False","","","https://suttacentral.net/sn26","Count IsFixedSize IsReadOnly IsSynchronized Length LongLength Rank SyncRoot","Samyutta Nikaya by Bhante Hye Dhammavuddho Mahathera\26\26.json","Samyutta Nikaya by Bhante Hye Dhammavuddho Mahathera\26\26.mp4","Samyutta Nikaya by Bhante Hye Dhammavuddho Mahathera\26\26.en.srt","","12","COUNT ISFIXEDSIZE ISREADONLY ISSYNCHRONIZED LENGTH LONGLENGTH MP4 RANK SC SRT SYNCROOT TRN","1786962892006"
"SN 26.1","SN 26.1","SN","Samyutta Nikaya","26_1","RAW","85","False","False","True","False","False","False","True","True","False","False","False","","","https://suttacentral.net/sn26.1","Count IsFixedSize IsReadOnly IsSynchronized Length LongLength Rank SyncRoot","frontendoptimised2\downloads\Samyutta Nikaya by Bhante Hye Dhammavuddho Mahathera\26_1\26_1.json","frontendoptimised2\downloads\Samyutta Nikaya by Bhante Hye Dhammavuddho Mahathera\26_1\26_1.mp4","frontendoptimised2\downloads\Samyutta Nikaya by Bhante Hye Dhammavuddho Mahathera\26_1\26_1.en.srt","","12","COUNT ISFIXEDSIZE ISREADONLY ISSYNCHRONIZED LENGTH LONGLENGTH MP4 RANK SC SRT SYNCROOT TRN","1786962892068"
"SN 26.259","SN 26.259","SN","Samyutta Nikaya","26_259","RAW","85","False","False","True","False","False","False","True","True","False","False","False","","","https://suttacentral.net/sn26.259","Count IsFixedSize IsReadOnly IsSynchronized Length LongLength Rank SyncRoot","frontendoptimised2\downloads\Samyutta Nikaya by Bhante Hye Dhammavuddho Mahathera\26_259\26_259.json","frontendoptimised2\downloads\Samyutta Nikaya by Bhante Hye Dhammavuddho Mahathera\26_259\26_259.mp4","frontendoptimised2\downloads\Samyutta Nikaya by Bhante Hye Dhammavuddho Mahathera\26_259\26_259.en.srt","","12","COUNT ISFIXEDSIZE ISREADONLY ISSYNCHRONIZED LENGTH LONGLENGTH MP4 RANK SC SRT SYNCROOT TRN","1786962892109"
"SN 27.2","SN 27.2","SN","Samyutta Nikaya","27_2","RAW","85","False","False","True","False","False","False","True","True","False","False","False","","","https://suttacentral.net/sn27.2","Count IsFixedSize IsReadOnly IsSynchronized Length LongLength Rank SyncRoot","frontendoptimised2\downloads\Samyutta Nikaya by Bhante Hye Dhammavuddho Mahathera\27_2\27_2.json","frontendoptimised2\downloads\Samyutta Nikaya by Bhante Hye Dhammavuddho Mahathera\27_2\27_2.mp4","frontendoptimised2\downloads\Samyutta Nikaya by Bhante Hye Dhammavuddho Mahathera\27_2\27_2.en.srt","","12","COUNT ISFIXEDSIZE ISREADONLY ISSYNCHRONIZED LENGTH LONGLENGTH MP4 RANK SC SRT SYNCROOT TRN","1786962892147"
"SN 28.1","SN 28.1","SN","Samyutta Nikaya","28_1","RAW","85","False","False","True","False","False","False","True","True","False","False","False","","","https://suttacentral.net/sn28.1","Count IsFixedSize IsReadOnly IsSynchronized Length LongLength Rank SyncRoot","frontendoptimised2\downloads\Samyutta Nikaya by Bhante Hye Dhammavuddho Mahathera\28_1\28_1.json","frontendoptimised2\downloads\Samyutta Nikaya by Bhante Hye Dhammavuddho Mahathera\28_1\28_1.mp4","frontendoptimised2\downloads\Samyutta Nikaya by Bhante Hye Dhammavuddho Mahathera\28_1\28_1.en.srt","","12","COUNT ISFIXEDSIZE ISREADONLY ISSYNCHRONIZED LENGTH LONGLENGTH MP4 RANK SC SRT SYNCROOT TRN","1786962892208"
"SN 29.2","SN 29.2","SN","Samyutta Nikaya","29_2","RAW","85","False","False","True","False","False","False","True","True","False","False","False","","","https://suttacentral.net/sn29.2","Count IsFixedSize IsReadOnly IsSynchronized Length LongLength Rank SyncRoot","frontendoptimised2\downloads\Samyutta Nikaya by Bhante Hye Dhammavuddho Mahathera\29_2\29_2.json","frontendoptimised2\downloads\Samyutta Nikaya by Bhante Hye Dhammavuddho Mahathera\29_2\29_2.mp4","frontendoptimised2\downloads\Samyutta Nikaya by Bhante Hye Dhammavuddho Mahathera\29_2\29_2.en.srt","","12","COUNT ISFIXEDSIZE ISREADONLY ISSYNCHRONIZED LENGTH LONGLENGTH MP4 RANK SC SRT SYNCROOT TRN","1786962892248"
"SN 29.3","SN 29.3","SN","Samyutta Nikaya","29_3","RAW","85","False","False","True","False","False","False","True","True","False","False","False","","","https://suttacentral.net/sn29.3","Count IsFixedSize IsReadOnly IsSynchronized Length LongLength Rank SyncRoot","frontendoptimised2\downloads\Samyutta Nikaya by Bhante Hye Dhammavuddho Mahathera\29_3\29_3.json","frontendoptimised2\downloads\Samyutta Nikaya by Bhante Hye Dhammavuddho Mahathera\29_3\29_3.mp4","frontendoptimised2\downloads\Samyutta Nikaya by Bhante Hye Dhammavuddho Mahathera\29_3\29_3.en.srt","","12","COUNT ISFIXEDSIZE ISREADONLY ISSYNCHRONIZED LENGTH LONGLENGTH MP4 RANK SC SRT SYNCROOT TRN","1786962892298"
"SN 30.2","SN 30.2","SN","Samyutta Nikaya","30_2","RAW","85","False","False","True","False","False","False","True","True","False","False","False","","","https://suttacentral.net/sn30.2","Count IsFixedSize IsReadOnly IsSynchronized Length LongLength Rank SyncRoot","frontendoptimised2\downloads\Samyutta Nikaya by Bhante Hye Dhammavuddho Mahathera\30_2\30_2.json","frontendoptimised2\downloads\Samyutta Nikaya by Bhante Hye Dhammavuddho Mahathera\30_2\30_2.mp4","frontendoptimised2\downloads\Samyutta Nikaya by Bhante Hye Dhammavuddho Mahathera\30_2\30_2.en.srt","","12","COUNT ISFIXEDSIZE ISREADONLY ISSYNCHRONIZED LENGTH LONGLENGTH MP4 RANK SC SRT SYNCROOT TRN","1786962892677"
"SN 30.3","SN 30.3","SN","Samyutta Nikaya","30_3","RAW","85","False","False","True","False","False","False","True","True","False","False","False","","","https://suttacentral.net/sn30.3","Count IsFixedSize IsReadOnly IsSynchronized Length LongLength Rank SyncRoot","frontendoptimised2\downloads\Samyutta Nikaya by Bhante Hye Dhammavuddho Mahathera\30_3\30_3.json","frontendoptimised2\downloads\Samyutta Nikaya by Bhante Hye Dhammavuddho Mahathera\30_3\30_3.mp4","frontendoptimised2\downloads\Samyutta Nikaya by Bhante Hye Dhammavuddho Mahathera\30_3\30_3.en.srt","","12","COUNT ISFIXEDSIZE ISREADONLY ISSYNCHRONIZED LENGTH LONGLENGTH MP4 RANK SC SRT SYNCROOT TRN","1786962892718"
"SN 31.1","SN 31.1","SN","Samyutta Nikaya","31_1","RAW","85","False","False","True","False","False","False","True","True","False","False","False","","","https://suttacentral.net/sn31.1","Count IsFixedSize IsReadOnly IsSynchronized Length LongLength Rank SyncRoot","frontendoptimised2\downloads\Samyutta Nikaya by Bhante Hye Dhammavuddho Mahathera\31_1\31_1.json","frontendoptimised2\downloads\Samyutta Nikaya by Bhante Hye Dhammavuddho Mahathera\31_1\31_1.mp4","frontendoptimised2\downloads\Samyutta Nikaya by Bhante Hye Dhammavuddho Mahathera\31_1\31_1.en.srt","","12","COUNT ISFIXEDSIZE ISREADONLY ISSYNCHRONIZED LENGTH LONGLENGTH MP4 RANK SC SRT SYNCROOT TRN","1786962892751"
"SN 31.2","SN 31.2","SN","Samyutta Nikaya","31_2","RAW","85","False","False","True","False","False","False","True","True","False","False","False","","","https://suttacentral.net/sn31.2","Count IsFixedSize IsReadOnly IsSynchronized Length LongLength Rank SyncRoot","frontendoptimised2\downloads\Samyutta Nikaya by Bhante Hye Dhammavuddho Mahathera\31_2\31_2.json","frontendoptimised2\downloads\Samyutta Nikaya by Bhante Hye Dhammavuddho Mahathera\31_2\31_2.mp4","frontendoptimised2\downloads\Samyutta Nikaya by Bhante Hye Dhammavuddho Mahathera\31_2\31_2.en.srt","","12","COUNT ISFIXEDSIZE ISREADONLY ISSYNCHRONIZED LENGTH LONGLENGTH MP4 RANK SC SRT SYNCROOT TRN","1786962892804"
"SN 32.1","SN 32.1","SN","Samyutta Nikaya","32_1","RAW","85","False","False","True","False","False","False","True","True","False","False","False","","","https://suttacentral.net/sn32.1","Count IsFixedSize IsReadOnly IsSynchronized Length LongLength Rank SyncRoot","frontendoptimised2\downloads\Samyutta Nikaya by Bhante Hye Dhammavuddho Mahathera\32_1\32_1.json","frontendoptimised2\downloads\Samyutta Nikaya by Bhante Hye Dhammavuddho Mahathera\32_1\32_1.mp4","frontendoptimised2\downloads\Samyutta Nikaya by Bhante Hye Dhammavuddho Mahathera\32_1\32_1.en.srt","","12","COUNT ISFIXEDSIZE ISREADONLY ISSYNCHRONIZED LENGTH LONGLENGTH MP4 RANK SC SRT SYNCROOT TRN","1786962892851"
"SN 32.2","SN 32.2","SN","Samyutta Nikaya","32_2","RAW","85","False","False","True","False","False","False","True","True","False","False","False","","","https://suttacentral.net/sn32.2","Count IsFixedSize IsReadOnly IsSynchronized Length LongLength Rank SyncRoot","frontendoptimised2\downloads\Samyutta Nikaya by Bhante Hye Dhammavuddho Mahathera\32_2\32_2.json","frontendoptimised2\downloads\Samyutta Nikaya by Bhante Hye Dhammavuddho Mahathera\32_2\32_2.mp4","frontendoptimised2\downloads\Samyutta Nikaya by Bhante Hye Dhammavuddho Mahathera\32_2\32_2.en.srt","","12","COUNT ISFIXEDSIZE ISREADONLY ISSYNCHRONIZED LENGTH LONGLENGTH MP4 RANK SC SRT SYNCROOT TRN","1786962892899"
"SN 32.3","SN 32.3","SN","Samyutta Nikaya","32_3","RAW","85","False","False","True","False","False","False","True","True","False","False","False","","","https://suttacentral.net/sn32.3","Count IsFixedSize IsReadOnly IsSynchronized Length LongLength Rank SyncRoot","frontendoptimised2\downloads\Samyutta Nikaya by Bhante Hye Dhammavuddho Mahathera\32_3\32_3.json","frontendoptimised2\downloads\Samyutta Nikaya by Bhante Hye Dhammavuddho Mahathera\32_3\32_3.mp4","frontendoptimised2\downloads\Samyutta Nikaya by Bhante Hye Dhammavuddho Mahathera\32_3\32_3.en.srt","","12","COUNT ISFIXEDSIZE ISREADONLY ISSYNCHRONIZED LENGTH LONGLENGTH MP4 RANK SC SRT SYNCROOT TRN","1786962892975"
"SN 33.1","SN 33.1","SN","Samyutta Nikaya","33_1","RAW","85","False","False","True","False","False","False","True","True","False","False","False","","","https://suttacentral.net/sn33.1","Count IsFixedSize IsReadOnly IsSynchronized Length LongLength Rank SyncRoot","frontendoptimised2\downloads\Samyutta Nikaya by Bhante Hye Dhammavuddho Mahathera\33_1\33_1.json","frontendoptimised2\downloads\Samyutta Nikaya by Bhante Hye Dhammavuddho Mahathera\33_1\33_1.mp4","frontendoptimised2\downloads\Samyutta Nikaya by Bhante Hye Dhammavuddho Mahathera\33_1\33_1.en.srt","","12","COUNT ISFIXEDSIZE ISREADONLY ISSYNCHRONIZED LENGTH LONGLENGTH MP4 RANK SC SRT SYNCROOT TRN","1786962893065"
"SN 34.1","SN 34.1","SN","Samyutta Nikaya","34_1","RAW","85","False","False","True","False","False","False","True","True","False","False","False","","","https://suttacentral.net/sn34.1","Count IsFixedSize IsReadOnly IsSynchronized Length LongLength Rank SyncRoot","frontendoptimised2\downloads\Samyutta Nikaya by Bhante Hye Dhammavuddho Mahathera\34_1\34_1.json","frontendoptimised2\downloads\Samyutta Nikaya by Bhante Hye Dhammavuddho Mahathera\34_1\34_1.mp4","frontendoptimised2\downloads\Samyutta Nikaya by Bhante Hye Dhammavuddho Mahathera\34_1\34_1.en.srt","","12","COUNT ISFIXEDSIZE ISREADONLY ISSYNCHRONIZED LENGTH LONGLENGTH MP4 RANK SC SRT SYNCROOT TRN","1786962893228"
"SN 35","SN 35","SN","Samyutta Nikaya","35","RAW","85","False","False","True","False","False","False","True","True","False","False","False","","","https://suttacentral.net/sn35","Count IsFixedSize IsReadOnly IsSynchronized Length LongLength Rank SyncRoot","Samyutta Nikaya by Bhante Hye Dhammavuddho Mahathera\35\35.json","Samyutta Nikaya by Bhante Hye Dhammavuddho Mahathera\35\35.mp4","Samyutta Nikaya by Bhante Hye Dhammavuddho Mahathera\35\35.en.srt","","12","COUNT ISFIXEDSIZE ISREADONLY ISSYNCHRONIZED LENGTH LONGLENGTH MP4 RANK SC SRT SYNCROOT TRN","1786962893660"
"SN 35.70","SN 35.70","SN","Samyutta Nikaya","35_70","RAW","85","False","False","True","False","False","False","True","True","False","False","False","","","https://suttacentral.net/sn35.70","Count IsFixedSize IsReadOnly IsSynchronized Length LongLength Rank SyncRoot","frontendoptimised2\downloads\Samyutta Nikaya by Bhante Hye Dhammavuddho Mahathera\35_70\35_70.json","frontendoptimised2\downloads\Samyutta Nikaya by Bhante Hye Dhammavuddho Mahathera\35_70\35_70.mp4","frontendoptimised2\downloads\Samyutta Nikaya by Bhante Hye Dhammavuddho Mahathera\35_70\35_70.en.srt","","12","COUNT ISFIXEDSIZE ISREADONLY ISSYNCHRONIZED LENGTH LONGLENGTH MP4 RANK SC SRT SYNCROOT TRN","1786962901444"
"SN 35.97","SN 35.97","SN","Samyutta Nikaya","35_97","RAW","85","False","False","True","False","False","False","True","True","False","False","False","","","https://suttacentral.net/sn35.97","Count IsFixedSize IsReadOnly IsSynchronized Length LongLength Rank SyncRoot","frontendoptimised2\downloads\Samyutta Nikaya by Bhante Hye Dhammavuddho Mahathera\35_97\35_97.json","frontendoptimised2\downloads\Samyutta Nikaya by Bhante Hye Dhammavuddho Mahathera\35_97\35_97.mp4","frontendoptimised2\downloads\Samyutta Nikaya by Bhante Hye Dhammavuddho Mahathera\35_97\35_97.en.srt","","12","COUNT ISFIXEDSIZE ISREADONLY ISSYNCHRONIZED LENGTH LONGLENGTH MP4 RANK SC SRT SYNCROOT TRN","1786962901612"
"SN 35.120","SN 35.120","SN","Samyutta Nikaya","35_120","RAW","85","False","False","True","False","False","False","True","True","False","False","False","","","https://suttacentral.net/sn35.120","Count IsFixedSize IsReadOnly IsSynchronized Length LongLength Rank SyncRoot","frontendoptimised2\downloads\Samyutta Nikaya by Bhante Hye Dhammavuddho Mahathera\35_120\35_120.json","frontendoptimised2\downloads\Samyutta Nikaya by Bhante Hye Dhammavuddho Mahathera\35_120\35_120.mp4","frontendoptimised2\downloads\Samyutta Nikaya by Bhante Hye Dhammavuddho Mahathera\35_120\35_120.en.srt","","12","COUNT ISFIXEDSIZE ISREADONLY ISSYNCHRONIZED LENGTH LONGLENGTH MP4 RANK SC SRT SYNCROOT TRN","1786962894461"
"SN 35.133","SN 35.133","SN","Samyutta Nikaya","35_133","RAW","85","False","False","True","False","False","False","True","True","False","False","False","","","https://suttacentral.net/sn35.133","Count IsFixedSize IsReadOnly IsSynchronized Length LongLength Rank SyncRoot","frontendoptimised2\downloads\Samyutta Nikaya by Bhante Hye Dhammavuddho Mahathera\35_133\35_133.json","frontendoptimised2\downloads\Samyutta Nikaya by Bhante Hye Dhammavuddho Mahathera\35_133\35_133.mp4","frontendoptimised2\downloads\Samyutta Nikaya by Bhante Hye Dhammavuddho Mahathera\35_133\35_133.en.srt","","12","COUNT ISFIXEDSIZE ISREADONLY ISSYNCHRONIZED LENGTH LONGLENGTH MP4 RANK SC SRT SYNCROOT TRN","1786962895352"
"SN 35.206","SN 35.206","SN","Samyutta Nikaya","35_206","RAW","85","False","False","True","False","False","False","True","True","False","False","False","","","https://suttacentral.net/sn35.206","Count IsFixedSize IsReadOnly IsSynchronized Length LongLength Rank SyncRoot","frontendoptimised2\downloads\Samyutta Nikaya by Bhante Hye Dhammavuddho Mahathera\35_206\35_206.json","frontendoptimised2\downloads\Samyutta Nikaya by Bhante Hye Dhammavuddho Mahathera\35_206\35_206.mp4","frontendoptimised2\downloads\Samyutta Nikaya by Bhante Hye Dhammavuddho Mahathera\35_206\35_206.en.srt","","12","COUNT ISFIXEDSIZE ISREADONLY ISSYNCHRONIZED LENGTH LONGLENGTH MP4 RANK SC SRT SYNCROOT TRN","1786962895721"
"SN 35.231","SN 35.231","SN","Samyutta Nikaya","35_231","RAW","85","False","False","True","False","False","False","True","True","False","False","False","","","https://suttacentral.net/sn35.231","Count IsFixedSize IsReadOnly IsSynchronized Length LongLength Rank SyncRoot","frontendoptimised2\downloads\Samyutta Nikaya by Bhante Hye Dhammavuddho Mahathera\35_231\35_231.json","frontendoptimised2\downloads\Samyutta Nikaya by Bhante Hye Dhammavuddho Mahathera\35_231\35_231.mp4","frontendoptimised2\downloads\Samyutta Nikaya by Bhante Hye Dhammavuddho Mahathera\35_231\35_231.en.srt","","12","COUNT ISFIXEDSIZE ISREADONLY ISSYNCHRONIZED LENGTH LONGLENGTH MP4 RANK SC SRT SYNCROOT TRN","1786962896599"
"SN 35.232","SN 35.232","SN","Samyutta Nikaya","35_232","RAW","85","False","False","True","False","False","False","True","True","False","False","False","","","https://suttacentral.net/sn35.232","Count IsFixedSize IsReadOnly IsSynchronized Length LongLength Rank SyncRoot","frontendoptimised2\downloads\Samyutta Nikaya by Bhante Hye Dhammavuddho Mahathera\35_232\35_232.json","frontendoptimised2\downloads\Samyutta Nikaya by Bhante Hye Dhammavuddho Mahathera\35_232\35_232.mp4","frontendoptimised2\downloads\Samyutta Nikaya by Bhante Hye Dhammavuddho Mahathera\35_232\35_232.en.srt","","12","COUNT ISFIXEDSIZE ISREADONLY ISSYNCHRONIZED LENGTH LONGLENGTH MP4 RANK SC SRT SYNCROOT TRN","1786962898936"
"SN 35.241","SN 35.241","SN","Samyutta Nikaya","35_241","RAW","85","False","False","True","False","False","False","True","True","False","False","False","","","https://suttacentral.net/sn35.241","Count IsFixedSize IsReadOnly IsSynchronized Length LongLength Rank SyncRoot","frontendoptimised2\downloads\Samyutta Nikaya by Bhante Hye Dhammavuddho Mahathera\35_241\35_241.json","frontendoptimised2\downloads\Samyutta Nikaya by Bhante Hye Dhammavuddho Mahathera\35_241\35_241.mp4","frontendoptimised2\downloads\Samyutta Nikaya by Bhante Hye Dhammavuddho Mahathera\35_241\35_241.en.srt","","12","COUNT ISFIXEDSIZE ISREADONLY ISSYNCHRONIZED LENGTH LONGLENGTH MP4 RANK SC SRT SYNCROOT TRN","1786962900764"
"SN 35.247","SN 35.247","SN","Samyutta Nikaya","35_247","RAW","85","False","False","True","False","False","False","True","True","False","False","False","","","https://suttacentral.net/sn35.247","Count IsFixedSize IsReadOnly IsSynchronized Length LongLength Rank SyncRoot","frontendoptimised2\downloads\Samyutta Nikaya by Bhante Hye Dhammavuddho Mahathera\35_247\35_247.json","frontendoptimised2\downloads\Samyutta Nikaya by Bhante Hye Dhammavuddho Mahathera\35_247\35_247.mp4","frontendoptimised2\downloads\Samyutta Nikaya by Bhante Hye Dhammavuddho Mahathera\35_247\35_247.en.srt","","12","COUNT ISFIXEDSIZE ISREADONLY ISSYNCHRONIZED LENGTH LONGLENGTH MP4 RANK SC SRT SYNCROOT TRN","1786962901195"
"SN 35.248","SN 35.248","SN","Samyutta Nikaya","35_248","RAW","85","False","False","True","False","False","False","True","True","False","False","False","","","https://suttacentral.net/sn35.248","Count IsFixedSize IsReadOnly IsSynchronized Length LongLength Rank SyncRoot","frontendoptimised2\downloads\Samyutta Nikaya by Bhante Hye Dhammavuddho Mahathera\35_248\35_248.json","frontendoptimised2\downloads\Samyutta Nikaya by Bhante Hye Dhammavuddho Mahathera\35_248\35_248.mp4","frontendoptimised2\downloads\Samyutta Nikaya by Bhante Hye Dhammavuddho Mahathera\35_248\35_248.en.srt","","12","COUNT ISFIXEDSIZE ISREADONLY ISSYNCHRONIZED LENGTH LONGLENGTH MP4 RANK SC SRT SYNCROOT TRN","1786962901270"
"SN 36","SN 36","SN","Samyutta Nikaya","36","RAW","85","False","False","True","False","False","False","True","True","False","False","False","","","https://suttacentral.net/sn36","Count IsFixedSize IsReadOnly IsSynchronized Length LongLength Rank SyncRoot","Samyutta Nikaya by Bhante Hye Dhammavuddho Mahathera\36\36.json","Samyutta Nikaya by Bhante Hye Dhammavuddho Mahathera\36\36.mp4","Samyutta Nikaya by Bhante Hye Dhammavuddho Mahathera\36\36.en.srt","","12","COUNT ISFIXEDSIZE ISREADONLY ISSYNCHRONIZED LENGTH LONGLENGTH MP4 RANK SC SRT SYNCROOT TRN","1786962901946"
"SN 36.3","SN 36.3","SN","Samyutta Nikaya","36_3","RAW","85","False","False","True","False","False","False","True","True","False","False","False","","","https://suttacentral.net/sn36.3","Count IsFixedSize IsReadOnly IsSynchronized Length LongLength Rank SyncRoot","frontendoptimised2\downloads\Samyutta Nikaya by Bhante Hye Dhammavuddho Mahathera\36_3\36_3.json","frontendoptimised2\downloads\Samyutta Nikaya by Bhante Hye Dhammavuddho Mahathera\36_3\36_3.mp4","frontendoptimised2\downloads\Samyutta Nikaya by Bhante Hye Dhammavuddho Mahathera\36_3\36_3.en.srt","","12","COUNT ISFIXEDSIZE ISREADONLY ISSYNCHRONIZED LENGTH LONGLENGTH MP4 RANK SC SRT SYNCROOT TRN","1786962903241"
"SN 36.7","SN 36.7","SN","Samyutta Nikaya","36_7","RAW","85","False","False","True","False","False","False","True","True","False","False","False","","","https://suttacentral.net/sn36.7","Count IsFixedSize IsReadOnly IsSynchronized Length LongLength Rank SyncRoot","frontendoptimised2\downloads\Samyutta Nikaya by Bhante Hye Dhammavuddho Mahathera\36_7\36_7.json","frontendoptimised2\downloads\Samyutta Nikaya by Bhante Hye Dhammavuddho Mahathera\36_7\36_7.mp4","frontendoptimised2\downloads\Samyutta Nikaya by Bhante Hye Dhammavuddho Mahathera\36_7\36_7.en.srt","","12","COUNT ISFIXEDSIZE ISREADONLY ISSYNCHRONIZED LENGTH LONGLENGTH MP4 RANK SC SRT SYNCROOT TRN","1786962905376"
"SN 37","SN 37","SN","Samyutta Nikaya","37","RAW","85","False","False","True","False","False","False","True","True","False","False","False","","","https://suttacentral.net/sn37","Count IsFixedSize IsReadOnly IsSynchronized Length LongLength Rank SyncRoot","Samyutta Nikaya by Bhante Hye Dhammavuddho Mahathera\37\37.json","Samyutta Nikaya by Bhante Hye Dhammavuddho Mahathera\37\37.mp4","Samyutta Nikaya by Bhante Hye Dhammavuddho Mahathera\37\37.en.srt","","12","COUNT ISFIXEDSIZE ISREADONLY ISSYNCHRONIZED LENGTH LONGLENGTH MP4 RANK SC SRT SYNCROOT TRN","1786962907548"
"SN 37.2","SN 37.2","SN","Samyutta Nikaya","37_2","RAW","85","False","False","True","False","False","False","True","True","False","False","False","","","https://suttacentral.net/sn37.2","Count IsFixedSize IsReadOnly IsSynchronized Length LongLength Rank SyncRoot","frontendoptimised2\downloads\Samyutta Nikaya by Bhante Hye Dhammavuddho Mahathera\37_2\37_2.json","frontendoptimised2\downloads\Samyutta Nikaya by Bhante Hye Dhammavuddho Mahathera\37_2\37_2.mp4","frontendoptimised2\downloads\Samyutta Nikaya by Bhante Hye Dhammavuddho Mahathera\37_2\37_2.en.srt","","12","COUNT ISFIXEDSIZE ISREADONLY ISSYNCHRONIZED LENGTH LONGLENGTH MP4 RANK SC SRT SYNCROOT TRN","1786962908170"
"SN 37.3","SN 37.3","SN","Samyutta Nikaya","37_3","RAW","85","False","False","True","False","False","False","True","True","False","False","False","","","https://suttacentral.net/sn37.3","Count IsFixedSize IsReadOnly IsSynchronized Length LongLength Rank SyncRoot","frontendoptimised2\downloads\Samyutta Nikaya by Bhante Hye Dhammavuddho Mahathera\37_3\37_3.json","frontendoptimised2\downloads\Samyutta Nikaya by Bhante Hye Dhammavuddho Mahathera\37_3\37_3.mp4","frontendoptimised2\downloads\Samyutta Nikaya by Bhante Hye Dhammavuddho Mahathera\37_3\37_3.en.srt","","12","COUNT ISFIXEDSIZE ISREADONLY ISSYNCHRONIZED LENGTH LONGLENGTH MP4 RANK SC SRT SYNCROOT TRN","1786962908695"
"SN 37.4","SN 37.4","SN","Samyutta Nikaya","37_4","RAW","85","False","False","True","False","False","False","True","True","False","False","False","","","https://suttacentral.net/sn37.4","Count IsFixedSize IsReadOnly IsSynchronized Length LongLength Rank SyncRoot","frontendoptimised2\downloads\Samyutta Nikaya by Bhante Hye Dhammavuddho Mahathera\37_4\37_4.json","frontendoptimised2\downloads\Samyutta Nikaya by Bhante Hye Dhammavuddho Mahathera\37_4\37_4.mp4","frontendoptimised2\downloads\Samyutta Nikaya by Bhante Hye Dhammavuddho Mahathera\37_4\37_4.en.srt","","12","COUNT ISFIXEDSIZE ISREADONLY ISSYNCHRONIZED LENGTH LONGLENGTH MP4 RANK SC SRT SYNCROOT TRN","1786962909129"
"SN 37.5","SN 37.5","SN","Samyutta Nikaya","37_5","RAW","85","False","False","True","False","False","False","True","True","False","False","False","","","https://suttacentral.net/sn37.5","Count IsFixedSize IsReadOnly IsSynchronized Length LongLength Rank SyncRoot","frontendoptimised2\downloads\Samyutta Nikaya by Bhante Hye Dhammavuddho Mahathera\37_5\37_5.json","frontendoptimised2\downloads\Samyutta Nikaya by Bhante Hye Dhammavuddho Mahathera\37_5\37_5.mp4","frontendoptimised2\downloads\Samyutta Nikaya by Bhante Hye Dhammavuddho Mahathera\37_5\37_5.en.srt","","12","COUNT ISFIXEDSIZE ISREADONLY ISSYNCHRONIZED LENGTH LONGLENGTH MP4 RANK SC SRT SYNCROOT TRN","1786962909673"
"SN 38.8","SN 38.8","SN","Samyutta Nikaya","38_8","RAW","85","False","False","True","False","False","False","True","True","False","False","False","","","https://suttacentral.net/sn38.8","Count IsFixedSize IsReadOnly IsSynchronized Length LongLength Rank SyncRoot","frontendoptimised2\downloads\Samyutta Nikaya by Bhante Hye Dhammavuddho Mahathera\38_8\38_8.json","frontendoptimised2\downloads\Samyutta Nikaya by Bhante Hye Dhammavuddho Mahathera\38_8\38_8.mp4","frontendoptimised2\downloads\Samyutta Nikaya by Bhante Hye Dhammavuddho Mahathera\38_8\38_8.en.srt","","12","COUNT ISFIXEDSIZE ISREADONLY ISSYNCHRONIZED LENGTH LONGLENGTH MP4 RANK SC SRT SYNCROOT TRN","1786962909758"
"SN 38.9","SN 38.9","SN","Samyutta Nikaya","38_9","RAW","85","False","False","True","False","False","False","True","True","False","False","False","","","https://suttacentral.net/sn38.9","Count IsFixedSize IsReadOnly IsSynchronized Length LongLength Rank SyncRoot","frontendoptimised2\downloads\Samyutta Nikaya by Bhante Hye Dhammavuddho Mahathera\38_9\38_9.json","frontendoptimised2\downloads\Samyutta Nikaya by Bhante Hye Dhammavuddho Mahathera\38_9\38_9.mp4","frontendoptimised2\downloads\Samyutta Nikaya by Bhante Hye Dhammavuddho Mahathera\38_9\38_9.en.srt","","12","COUNT ISFIXEDSIZE ISREADONLY ISSYNCHRONIZED LENGTH LONGLENGTH MP4 RANK SC SRT SYNCROOT TRN","1786962909856"
"SN 41","SN 41","SN","Samyutta Nikaya","41","RAW","85","False","False","True","False","False","False","True","True","False","False","False","","","https://suttacentral.net/sn41","Count IsFixedSize IsReadOnly IsSynchronized Length LongLength Rank SyncRoot","Samyutta Nikaya by Bhante Hye Dhammavuddho Mahathera\41\41.json","Samyutta Nikaya by Bhante Hye Dhammavuddho Mahathera\41\41.mp4","Samyutta Nikaya by Bhante Hye Dhammavuddho Mahathera\41\41.en.srt","","12","COUNT ISFIXEDSIZE ISREADONLY ISSYNCHRONIZED LENGTH LONGLENGTH MP4 RANK SC SRT SYNCROOT TRN","1786962910427"
"SN 41.1","SN 41.1","SN","Samyutta Nikaya","41_1","RAW","85","False","False","True","False","False","False","True","True","False","False","False","","","https://suttacentral.net/sn41.1","Count IsFixedSize IsReadOnly IsSynchronized Length LongLength Rank SyncRoot","frontendoptimised2\downloads\Samyutta Nikaya by Bhante Hye Dhammavuddho Mahathera\41_1\41_1.json","frontendoptimised2\downloads\Samyutta Nikaya by Bhante Hye Dhammavuddho Mahathera\41_1\41_1.mp4","frontendoptimised2\downloads\Samyutta Nikaya by Bhante Hye Dhammavuddho Mahathera\41_1\41_1.en.srt","","12","COUNT ISFIXEDSIZE ISREADONLY ISSYNCHRONIZED LENGTH LONGLENGTH MP4 RANK SC SRT SYNCROOT TRN","1786962911020"
"SN 41.8","SN 41.8","SN","Samyutta Nikaya","41_8","RAW","85","False","False","True","False","False","False","True","True","False","False","False","","","https://suttacentral.net/sn41.8","Count IsFixedSize IsReadOnly IsSynchronized Length LongLength Rank SyncRoot","frontendoptimised2\downloads\Samyutta Nikaya by Bhante Hye Dhammavuddho Mahathera\41_8\41_8.json","frontendoptimised2\downloads\Samyutta Nikaya by Bhante Hye Dhammavuddho Mahathera\41_8\41_8.mp4","frontendoptimised2\downloads\Samyutta Nikaya by Bhante Hye Dhammavuddho Mahathera\41_8\41_8.en.srt","","12","COUNT ISFIXEDSIZE ISREADONLY ISSYNCHRONIZED LENGTH LONGLENGTH MP4 RANK SC SRT SYNCROOT TRN","1786962911221"
"SN 41.9","SN 41.9","SN","Samyutta Nikaya","41_9","RAW","85","False","False","True","False","False","False","True","True","False","False","False","","","https://suttacentral.net/sn41.9","Count IsFixedSize IsReadOnly IsSynchronized Length LongLength Rank SyncRoot","frontendoptimised2\downloads\Samyutta Nikaya by Bhante Hye Dhammavuddho Mahathera\41_9\41_9.json","frontendoptimised2\downloads\Samyutta Nikaya by Bhante Hye Dhammavuddho Mahathera\41_9\41_9.mp4","frontendoptimised2\downloads\Samyutta Nikaya by Bhante Hye Dhammavuddho Mahathera\41_9\41_9.en.srt","","12","COUNT ISFIXEDSIZE ISREADONLY ISSYNCHRONIZED LENGTH LONGLENGTH MP4 RANK SC SRT SYNCROOT TRN","1786962911376"
"SN 41.10","SN 41.10","SN","Samyutta Nikaya","41_10","RAW","85","False","False","True","False","False","False","True","True","False","False","False","","","https://suttacentral.net/sn41.10","Count IsFixedSize IsReadOnly IsSynchronized Length LongLength Rank SyncRoot","frontendoptimised2\downloads\Samyutta Nikaya by Bhante Hye Dhammavuddho Mahathera\41_10\41_10.json","frontendoptimised2\downloads\Samyutta Nikaya by Bhante Hye Dhammavuddho Mahathera\41_10\41_10.mp4","frontendoptimised2\downloads\Samyutta Nikaya by Bhante Hye Dhammavuddho Mahathera\41_10\41_10.en.srt","","12","COUNT ISFIXEDSIZE ISREADONLY ISSYNCHRONIZED LENGTH LONGLENGTH MP4 RANK SC SRT SYNCROOT TRN","1786962911126"
"SN 42","SN 42","SN","Samyutta Nikaya","42","RAW","85","False","False","True","False","False","False","True","True","False","False","False","","","https://suttacentral.net/sn42","Count IsFixedSize IsReadOnly IsSynchronized Length LongLength Rank SyncRoot","Samyutta Nikaya by Bhante Hye Dhammavuddho Mahathera\42\42.json","Samyutta Nikaya by Bhante Hye Dhammavuddho Mahathera\42\42.mp4","Samyutta Nikaya by Bhante Hye Dhammavuddho Mahathera\42\42.en.srt","","12","COUNT ISFIXEDSIZE ISREADONLY ISSYNCHRONIZED LENGTH LONGLENGTH MP4 RANK SC SRT SYNCROOT TRN","1786962912147"
"SN 42.1","SN 42.1","SN","Samyutta Nikaya","42_1","RAW","85","False","False","True","False","False","False","True","True","False","False","False","","","https://suttacentral.net/sn42.1","Count IsFixedSize IsReadOnly IsSynchronized Length LongLength Rank SyncRoot","frontendoptimised2\downloads\Samyutta Nikaya by Bhante Hye Dhammavuddho Mahathera\42_1\42_1.json","frontendoptimised2\downloads\Samyutta Nikaya by Bhante Hye Dhammavuddho Mahathera\42_1\42_1.mp4","frontendoptimised2\downloads\Samyutta Nikaya by Bhante Hye Dhammavuddho Mahathera\42_1\42_1.en.srt","","12","COUNT ISFIXEDSIZE ISREADONLY ISSYNCHRONIZED LENGTH LONGLENGTH MP4 RANK SC SRT SYNCROOT TRN","1786962912325"
"SN 42.2","SN 42.2","SN","Samyutta Nikaya","42_2","RAW","85","False","False","True","False","False","False","True","True","False","False","False","","","https://suttacentral.net/sn42.2","Count IsFixedSize IsReadOnly IsSynchronized Length LongLength Rank SyncRoot","frontendoptimised2\downloads\Samyutta Nikaya by Bhante Hye Dhammavuddho Mahathera\42_2\42_2.json","frontendoptimised2\downloads\Samyutta Nikaya by Bhante Hye Dhammavuddho Mahathera\42_2\42_2.mp4","frontendoptimised2\downloads\Samyutta Nikaya by Bhante Hye Dhammavuddho Mahathera\42_2\42_2.en.srt","","12","COUNT ISFIXEDSIZE ISREADONLY ISSYNCHRONIZED LENGTH LONGLENGTH MP4 RANK SC SRT SYNCROOT TRN","1786962913113"
"SN 42.3","SN 42.3","SN","Samyutta Nikaya","42_3","RAW","85","False","False","True","False","False","False","True","True","False","False","False","","","https://suttacentral.net/sn42.3","Count IsFixedSize IsReadOnly IsSynchronized Length LongLength Rank SyncRoot","frontendoptimised2\downloads\Samyutta Nikaya by Bhante Hye Dhammavuddho Mahathera\42_3\42_3.json","frontendoptimised2\downloads\Samyutta Nikaya by Bhante Hye Dhammavuddho Mahathera\42_3\42_3.mp4","frontendoptimised2\downloads\Samyutta Nikaya by Bhante Hye Dhammavuddho Mahathera\42_3\42_3.en.srt","","12","COUNT ISFIXEDSIZE ISREADONLY ISSYNCHRONIZED LENGTH LONGLENGTH MP4 RANK SC SRT SYNCROOT TRN","1786962913929"
"SN 42.8","SN 42.8","SN","Samyutta Nikaya","42_8","RAW","85","False","False","True","False","False","False","True","True","False","False","False","","","https://suttacentral.net/sn42.8","Count IsFixedSize IsReadOnly IsSynchronized Length LongLength Rank SyncRoot","frontendoptimised2\downloads\Samyutta Nikaya by Bhante Hye Dhammavuddho Mahathera\42_8\42_8.json","frontendoptimised2\downloads\Samyutta Nikaya by Bhante Hye Dhammavuddho Mahathera\42_8\42_8.mp4","frontendoptimised2\downloads\Samyutta Nikaya by Bhante Hye Dhammavuddho Mahathera\42_8\42_8.en.srt","","12","COUNT ISFIXEDSIZE ISREADONLY ISSYNCHRONIZED LENGTH LONGLENGTH MP4 RANK SC SRT SYNCROOT TRN","1786962914315"
"SN 42.9","SN 42.9","SN","Samyutta Nikaya","42_9","RAW","85","False","False","True","False","False","False","True","True","False","False","False","","","https://suttacentral.net/sn42.9","Count IsFixedSize IsReadOnly IsSynchronized Length LongLength Rank SyncRoot","frontendoptimised2\downloads\Samyutta Nikaya by Bhante Hye Dhammavuddho Mahathera\42_9\42_9.json","frontendoptimised2\downloads\Samyutta Nikaya by Bhante Hye Dhammavuddho Mahathera\42_9\42_9.mp4","frontendoptimised2\downloads\Samyutta Nikaya by Bhante Hye Dhammavuddho Mahathera\42_9\42_9.en.srt","","12","COUNT ISFIXEDSIZE ISREADONLY ISSYNCHRONIZED LENGTH LONGLENGTH MP4 RANK SC SRT SYNCROOT TRN","1786962914483"
"SN 42.10","SN 42.10","SN","Samyutta Nikaya","42_10","RAW","85","False","False","True","False","False","False","True","True","False","False","False","","","https://suttacentral.net/sn42.10","Count IsFixedSize IsReadOnly IsSynchronized Length LongLength Rank SyncRoot","frontendoptimised2\downloads\Samyutta Nikaya by Bhante Hye Dhammavuddho Mahathera\42_10\42_10.json","frontendoptimised2\downloads\Samyutta Nikaya by Bhante Hye Dhammavuddho Mahathera\42_10\42_10.mp4","frontendoptimised2\downloads\Samyutta Nikaya by Bhante Hye Dhammavuddho Mahathera\42_10\42_10.en.srt","","12","COUNT ISFIXEDSIZE ISREADONLY ISSYNCHRONIZED LENGTH LONGLENGTH MP4 RANK SC SRT SYNCROOT TRN","1786962912545"
"SN 42.11","SN 42.11","SN","Samyutta Nikaya","42_11","RAW","85","False","False","True","False","False","False","True","True","False","False","False","","","https://suttacentral.net/sn42.11","Count IsFixedSize IsReadOnly IsSynchronized Length LongLength Rank SyncRoot","frontendoptimised2\downloads\Samyutta Nikaya by Bhante Hye Dhammavuddho Mahathera\42_11\42_11.json","frontendoptimised2\downloads\Samyutta Nikaya by Bhante Hye Dhammavuddho Mahathera\42_11\42_11.mp4","frontendoptimised2\downloads\Samyutta Nikaya by Bhante Hye Dhammavuddho Mahathera\42_11\42_11.en.srt","","12","COUNT ISFIXEDSIZE ISREADONLY ISSYNCHRONIZED LENGTH LONGLENGTH MP4 RANK SC SRT SYNCROOT TRN","1786962912895"
"SN 43","SN 43","SN","Samyutta Nikaya","43","RAW","85","False","False","True","False","False","False","True","True","False","False","False","","","https://suttacentral.net/sn43","Count IsFixedSize IsReadOnly IsSynchronized Length LongLength Rank SyncRoot","Samyutta Nikaya by Bhante Hye Dhammavuddho Mahathera\43\43.json","Samyutta Nikaya by Bhante Hye Dhammavuddho Mahathera\43\43.mp4","Samyutta Nikaya by Bhante Hye Dhammavuddho Mahathera\43\43.en.srt","","12","COUNT ISFIXEDSIZE ISREADONLY ISSYNCHRONIZED LENGTH LONGLENGTH MP4 RANK SC SRT SYNCROOT TRN","1786962915140"
"SN 43.1","SN 43.1","SN","Samyutta Nikaya","43_1","RAW","85","False","False","True","False","False","False","True","True","False","False","False","","","https://suttacentral.net/sn43.1","Count IsFixedSize IsReadOnly IsSynchronized Length LongLength Rank SyncRoot","frontendoptimised2\downloads\Samyutta Nikaya by Bhante Hye Dhammavuddho Mahathera\43_1\43_1.json","frontendoptimised2\downloads\Samyutta Nikaya by Bhante Hye Dhammavuddho Mahathera\43_1\43_1.mp4","frontendoptimised2\downloads\Samyutta Nikaya by Bhante Hye Dhammavuddho Mahathera\43_1\43_1.en.srt","","12","COUNT ISFIXEDSIZE ISREADONLY ISSYNCHRONIZED LENGTH LONGLENGTH MP4 RANK SC SRT SYNCROOT TRN","1786962915472"
"SN 43.2","SN 43.2","SN","Samyutta Nikaya","43_2","RAW","85","False","False","True","False","False","False","True","True","False","False","False","","","https://suttacentral.net/sn43.2","Count IsFixedSize IsReadOnly IsSynchronized Length LongLength Rank SyncRoot","frontendoptimised2\downloads\Samyutta Nikaya by Bhante Hye Dhammavuddho Mahathera\43_2\43_2.json","frontendoptimised2\downloads\Samyutta Nikaya by Bhante Hye Dhammavuddho Mahathera\43_2\43_2.mp4","frontendoptimised2\downloads\Samyutta Nikaya by Bhante Hye Dhammavuddho Mahathera\43_2\43_2.en.srt","","12","COUNT ISFIXEDSIZE ISREADONLY ISSYNCHRONIZED LENGTH LONGLENGTH MP4 RANK SC SRT SYNCROOT TRN","1786962916154"
"SN 43.3","SN 43.3","SN","Samyutta Nikaya","43_3","RAW","85","False","False","True","False","False","False","True","True","False","False","False","","","https://suttacentral.net/sn43.3","Count IsFixedSize IsReadOnly IsSynchronized Length LongLength Rank SyncRoot","frontendoptimised2\downloads\Samyutta Nikaya by Bhante Hye Dhammavuddho Mahathera\43_3\43_3.json","frontendoptimised2\downloads\Samyutta Nikaya by Bhante Hye Dhammavuddho Mahathera\43_3\43_3.mp4","frontendoptimised2\downloads\Samyutta Nikaya by Bhante Hye Dhammavuddho Mahathera\43_3\43_3.en.srt","","12","COUNT ISFIXEDSIZE ISREADONLY ISSYNCHRONIZED LENGTH LONGLENGTH MP4 RANK SC SRT SYNCROOT TRN","1786962916410"
"SN 43.4","SN 43.4","SN","Samyutta Nikaya","43_4","RAW","85","False","False","True","False","False","False","True","True","False","False","False","","","https://suttacentral.net/sn43.4","Count IsFixedSize IsReadOnly IsSynchronized Length LongLength Rank SyncRoot","frontendoptimised2\downloads\Samyutta Nikaya by Bhante Hye Dhammavuddho Mahathera\43_4\43_4.json","frontendoptimised2\downloads\Samyutta Nikaya by Bhante Hye Dhammavuddho Mahathera\43_4\43_4.mp4","frontendoptimised2\downloads\Samyutta Nikaya by Bhante Hye Dhammavuddho Mahathera\43_4\43_4.en.srt","","12","COUNT ISFIXEDSIZE ISREADONLY ISSYNCHRONIZED LENGTH LONGLENGTH MP4 RANK SC SRT SYNCROOT TRN","1786962916828"
"SN 44.2","SN 44.2","SN","Samyutta Nikaya","44_2","RAW","85","False","False","True","False","False","False","True","True","False","False","False","","","https://suttacentral.net/sn44.2","Count IsFixedSize IsReadOnly IsSynchronized Length LongLength Rank SyncRoot","frontendoptimised2\downloads\Samyutta Nikaya by Bhante Hye Dhammavuddho Mahathera\44_2\44_2.json","frontendoptimised2\downloads\Samyutta Nikaya by Bhante Hye Dhammavuddho Mahathera\44_2\44_2.mp4","frontendoptimised2\downloads\Samyutta Nikaya by Bhante Hye Dhammavuddho Mahathera\44_2\44_2.en.srt","","12","COUNT ISFIXEDSIZE ISREADONLY ISSYNCHRONIZED LENGTH LONGLENGTH MP4 RANK SC SRT SYNCROOT TRN","1786962917811"
"SN 45","SN 45","SN","Samyutta Nikaya","45","RAW","85","False","False","True","False","False","False","True","True","False","False","False","","","https://suttacentral.net/sn45","Count IsFixedSize IsReadOnly IsSynchronized Length LongLength Rank SyncRoot","Samyutta Nikaya by Bhante Hye Dhammavuddho Mahathera\45\45.json","Samyutta Nikaya by Bhante Hye Dhammavuddho Mahathera\45\45.mp4","Samyutta Nikaya by Bhante Hye Dhammavuddho Mahathera\45\45.en.srt","","12","COUNT ISFIXEDSIZE ISREADONLY ISSYNCHRONIZED LENGTH LONGLENGTH MP4 RANK SC SRT SYNCROOT TRN","1786962918169"
"SN 45.75","SN 45.75","SN","Samyutta Nikaya","45_75","RAW","85","False","False","True","False","False","False","True","True","False","False","False","","","https://suttacentral.net/sn45.75","Count IsFixedSize IsReadOnly IsSynchronized Length LongLength Rank SyncRoot","frontendoptimised2\downloads\Samyutta Nikaya by Bhante Hye Dhammavuddho Mahathera\45_75\45_75.json","frontendoptimised2\downloads\Samyutta Nikaya by Bhante Hye Dhammavuddho Mahathera\45_75\45_75.mp4","frontendoptimised2\downloads\Samyutta Nikaya by Bhante Hye Dhammavuddho Mahathera\45_75\45_75.en.srt","","12","COUNT ISFIXEDSIZE ISREADONLY ISSYNCHRONIZED LENGTH LONGLENGTH MP4 RANK SC SRT SYNCROOT TRN","1786962918572"
"SN 46","SN 46","SN","Samyutta Nikaya","46","RAW","85","False","False","True","False","False","False","True","True","False","False","False","","","https://suttacentral.net/sn46","Count IsFixedSize IsReadOnly IsSynchronized Length LongLength Rank SyncRoot","Samyutta Nikaya by Bhante Hye Dhammavuddho Mahathera\46\46.json","Samyutta Nikaya by Bhante Hye Dhammavuddho Mahathera\46\46.mp4","Samyutta Nikaya by Bhante Hye Dhammavuddho Mahathera\46\46.en.srt","","12","COUNT ISFIXEDSIZE ISREADONLY ISSYNCHRONIZED LENGTH LONGLENGTH MP4 RANK SC SRT SYNCROOT TRN","1786962919364"
"SN 46.4.8","Hindrances","SN","Samyutta Nikaya","46_4_8","RAW","85","False","False","True","False","False","False","True","True","False","False","False","","","https://suttacentral.net/sn46.4.8","Count IsFixedSize IsReadOnly IsSynchronized Length LongLength Rank SyncRoot","frontendoptimised2\downloads\Samyutta Nikaya by Bhante Hye Dhammavuddho Mahathera\46_4_8\46_4_8.json","frontendoptimised2\downloads\Samyutta Nikaya by Bhante Hye Dhammavuddho Mahathera\46_4_8\46_4_8.mp4","frontendoptimised2\downloads\Samyutta Nikaya by Bhante Hye Dhammavuddho Mahathera\46_4_8\46_4_8.en.srt","","12","COUNT ISFIXEDSIZE ISREADONLY ISSYNCHRONIZED LENGTH LONGLENGTH MP4 RANK SC SRT SYNCROOT TRN","1786962920332"
"SN 46.35","SN 46.35","SN","Samyutta Nikaya","46_35","RAW","85","False","False","True","False","False","False","True","True","False","False","False","","","https://suttacentral.net/sn46.35","Count IsFixedSize IsReadOnly IsSynchronized Length LongLength Rank SyncRoot","frontendoptimised2\downloads\Samyutta Nikaya by Bhante Hye Dhammavuddho Mahathera\46_35\46_35.json","frontendoptimised2\downloads\Samyutta Nikaya by Bhante Hye Dhammavuddho Mahathera\46_35\46_35.mp4","frontendoptimised2\downloads\Samyutta Nikaya by Bhante Hye Dhammavuddho Mahathera\46_35\46_35.en.srt","","12","COUNT ISFIXEDSIZE ISREADONLY ISSYNCHRONIZED LENGTH LONGLENGTH MP4 RANK SC SRT SYNCROOT TRN","1786962920159"
"SN 46.51","SN 46.51","SN","Samyutta Nikaya","46_51","RAW","85","False","False","True","False","False","False","True","True","False","False","False","","","https://suttacentral.net/sn46.51","Count IsFixedSize IsReadOnly IsSynchronized Length LongLength Rank SyncRoot","frontendoptimised2\downloads\Samyutta Nikaya by Bhante Hye Dhammavuddho Mahathera\46_51\46_51.json","frontendoptimised2\downloads\Samyutta Nikaya by Bhante Hye Dhammavuddho Mahathera\46_51\46_51.mp4","frontendoptimised2\downloads\Samyutta Nikaya by Bhante Hye Dhammavuddho Mahathera\46_51\46_51.en.srt","","12","COUNT ISFIXEDSIZE ISREADONLY ISSYNCHRONIZED LENGTH LONGLENGTH MP4 RANK SC SRT SYNCROOT TRN","1786962921233"
"SN 46.53","SN 46.53","SN","Samyutta Nikaya","46_53","RAW","85","False","False","True","False","False","False","True","True","False","False","False","","","https://suttacentral.net/sn46.53","Count IsFixedSize IsReadOnly IsSynchronized Length LongLength Rank SyncRoot","frontendoptimised2\downloads\Samyutta Nikaya by Bhante Hye Dhammavuddho Mahathera\46_53\46_53.json","frontendoptimised2\downloads\Samyutta Nikaya by Bhante Hye Dhammavuddho Mahathera\46_53\46_53.mp4","frontendoptimised2\downloads\Samyutta Nikaya by Bhante Hye Dhammavuddho Mahathera\46_53\46_53.en.srt","","12","COUNT ISFIXEDSIZE ISREADONLY ISSYNCHRONIZED LENGTH LONGLENGTH MP4 RANK SC SRT SYNCROOT TRN","1786962921526"
"SN 46.54","SN 46.54","SN","Samyutta Nikaya","46_54","RAW","85","False","False","True","False","False","False","True","True","False","False","False","","","https://suttacentral.net/sn46.54","Count IsFixedSize IsReadOnly IsSynchronized Length LongLength Rank SyncRoot","frontendoptimised2\downloads\Samyutta Nikaya by Bhante Hye Dhammavuddho Mahathera\46_54\46_54.json","frontendoptimised2\downloads\Samyutta Nikaya by Bhante Hye Dhammavuddho Mahathera\46_54\46_54.mp4","frontendoptimised2\downloads\Samyutta Nikaya by Bhante Hye Dhammavuddho Mahathera\46_54\46_54.en.srt","","12","COUNT ISFIXEDSIZE ISREADONLY ISSYNCHRONIZED LENGTH LONGLENGTH MP4 RANK SC SRT SYNCROOT TRN","1786962921783"
"SN 46.55","SN 46.55","SN","Samyutta Nikaya","46_55","RAW","85","False","False","True","False","False","False","True","True","False","False","False","","","https://suttacentral.net/sn46.55","Count IsFixedSize IsReadOnly IsSynchronized Length LongLength Rank SyncRoot","frontendoptimised2\downloads\Samyutta Nikaya by Bhante Hye Dhammavuddho Mahathera\46_55\46_55.json","frontendoptimised2\downloads\Samyutta Nikaya by Bhante Hye Dhammavuddho Mahathera\46_55\46_55.mp4","frontendoptimised2\downloads\Samyutta Nikaya by Bhante Hye Dhammavuddho Mahathera\46_55\46_55.en.srt","","12","COUNT ISFIXEDSIZE ISREADONLY ISSYNCHRONIZED LENGTH LONGLENGTH MP4 RANK SC SRT SYNCROOT TRN","1786962922051"
"SN 46.56","SN 46.56","SN","Samyutta Nikaya","46_56","RAW","85","False","False","True","False","False","False","True","True","False","False","False","","","https://suttacentral.net/sn46.56","Count IsFixedSize IsReadOnly IsSynchronized Length LongLength Rank SyncRoot","frontendoptimised2\downloads\Samyutta Nikaya by Bhante Hye Dhammavuddho Mahathera\46_56\46_56.json","frontendoptimised2\downloads\Samyutta Nikaya by Bhante Hye Dhammavuddho Mahathera\46_56\46_56.mp4","frontendoptimised2\downloads\Samyutta Nikaya by Bhante Hye Dhammavuddho Mahathera\46_56\46_56.en.srt","","12","COUNT ISFIXEDSIZE ISREADONLY ISSYNCHRONIZED LENGTH LONGLENGTH MP4 RANK SC SRT SYNCROOT TRN","1786962922218"
"SN 47","SN 47","SN","Samyutta Nikaya","47","RAW","85","False","False","True","False","False","False","True","True","False","False","False","","","https://suttacentral.net/sn47","Count IsFixedSize IsReadOnly IsSynchronized Length LongLength Rank SyncRoot","Samyutta Nikaya by Bhante Hye Dhammavuddho Mahathera\47\47.json","Samyutta Nikaya by Bhante Hye Dhammavuddho Mahathera\47\47.mp4","Samyutta Nikaya by Bhante Hye Dhammavuddho Mahathera\47\47.en.srt","","12","COUNT ISFIXEDSIZE ISREADONLY ISSYNCHRONIZED LENGTH LONGLENGTH MP4 RANK SC SRT SYNCROOT TRN","1786962922734"
"SN 47.35","SN 47.35","SN","Samyutta Nikaya","47_35","RAW","85","False","False","True","False","False","False","True","True","False","False","False","","","https://suttacentral.net/sn47.35","Count IsFixedSize IsReadOnly IsSynchronized Length LongLength Rank SyncRoot","frontendoptimised2\downloads\Samyutta Nikaya by Bhante Hye Dhammavuddho Mahathera\47_35\47_35.json","frontendoptimised2\downloads\Samyutta Nikaya by Bhante Hye Dhammavuddho Mahathera\47_35\47_35.mp4","frontendoptimised2\downloads\Samyutta Nikaya by Bhante Hye Dhammavuddho Mahathera\47_35\47_35.en.srt","","12","COUNT ISFIXEDSIZE ISREADONLY ISSYNCHRONIZED LENGTH LONGLENGTH MP4 RANK SC SRT SYNCROOT TRN","1786962923074"
"SN 48","SN 48","SN","Samyutta Nikaya","48","RAW","85","False","False","True","False","False","False","True","True","False","False","False","","","https://suttacentral.net/sn48","Count IsFixedSize IsReadOnly IsSynchronized Length LongLength Rank SyncRoot","Samyutta Nikaya by Bhante Hye Dhammavuddho Mahathera\48\48.json","Samyutta Nikaya by Bhante Hye Dhammavuddho Mahathera\48\48.mp4","Samyutta Nikaya by Bhante Hye Dhammavuddho Mahathera\48\48.en.srt","","12","COUNT ISFIXEDSIZE ISREADONLY ISSYNCHRONIZED LENGTH LONGLENGTH MP4 RANK SC SRT SYNCROOT TRN","1786962923921"
"SN 48.10","SN 48.10","SN","Samyutta Nikaya","48_10","RAW","85","False","False","True","False","False","False","True","True","False","False","False","","","https://suttacentral.net/sn48.10","Count IsFixedSize IsReadOnly IsSynchronized Length LongLength Rank SyncRoot","frontendoptimised2\downloads\Samyutta Nikaya by Bhante Hye Dhammavuddho Mahathera\48_10\48_10.json","frontendoptimised2\downloads\Samyutta Nikaya by Bhante Hye Dhammavuddho Mahathera\48_10\48_10.mp4","frontendoptimised2\downloads\Samyutta Nikaya by Bhante Hye Dhammavuddho Mahathera\48_10\48_10.en.srt","","12","COUNT ISFIXEDSIZE ISREADONLY ISSYNCHRONIZED LENGTH LONGLENGTH MP4 RANK SC SRT SYNCROOT TRN","1786962925193"
"SN 48.41","SN 48.41","SN","Samyutta Nikaya","48_41","RAW","85","False","False","True","False","False","False","True","True","False","False","False","","","https://suttacentral.net/sn48.41","Count IsFixedSize IsReadOnly IsSynchronized Length LongLength Rank SyncRoot","frontendoptimised2\downloads\Samyutta Nikaya by Bhante Hye Dhammavuddho Mahathera\48_41\48_41.json","frontendoptimised2\downloads\Samyutta Nikaya by Bhante Hye Dhammavuddho Mahathera\48_41\48_41.mp4","frontendoptimised2\downloads\Samyutta Nikaya by Bhante Hye Dhammavuddho Mahathera\48_41\48_41.en.srt","","12","COUNT ISFIXEDSIZE ISREADONLY ISSYNCHRONIZED LENGTH LONGLENGTH MP4 RANK SC SRT SYNCROOT TRN","1786962925378"
"SN 48.42","SN 48.42","SN","Samyutta Nikaya","48_42","RAW","85","False","False","True","False","False","False","True","True","False","False","False","","","https://suttacentral.net/sn48.42","Count IsFixedSize IsReadOnly IsSynchronized Length LongLength Rank SyncRoot","frontendoptimised2\downloads\Samyutta Nikaya by Bhante Hye Dhammavuddho Mahathera\48_42\48_42.json","frontendoptimised2\downloads\Samyutta Nikaya by Bhante Hye Dhammavuddho Mahathera\48_42\48_42.mp4","frontendoptimised2\downloads\Samyutta Nikaya by Bhante Hye Dhammavuddho Mahathera\48_42\48_42.en.srt","","12","COUNT ISFIXEDSIZE ISREADONLY ISSYNCHRONIZED LENGTH LONGLENGTH MP4 RANK SC SRT SYNCROOT TRN","1786962926003"
"SN 49.1","SN 49.1","SN","Samyutta Nikaya","49_1","RAW","85","False","False","True","False","False","False","True","True","False","False","False","","","https://suttacentral.net/sn49.1","Count IsFixedSize IsReadOnly IsSynchronized Length LongLength Rank SyncRoot","frontendoptimised2\downloads\Samyutta Nikaya by Bhante Hye Dhammavuddho Mahathera\49_1\49_1.json","frontendoptimised2\downloads\Samyutta Nikaya by Bhante Hye Dhammavuddho Mahathera\49_1\49_1.mp4","frontendoptimised2\downloads\Samyutta Nikaya by Bhante Hye Dhammavuddho Mahathera\49_1\49_1.en.srt","","12","COUNT ISFIXEDSIZE ISREADONLY ISSYNCHRONIZED LENGTH LONGLENGTH MP4 RANK SC SRT SYNCROOT TRN","1786962926411"
"SN 50.1","SN 50.1","SN","Samyutta Nikaya","50_1","RAW","85","False","False","True","False","False","False","True","True","False","False","False","","","https://suttacentral.net/sn50.1","Count IsFixedSize IsReadOnly IsSynchronized Length LongLength Rank SyncRoot","frontendoptimised2\downloads\Samyutta Nikaya by Bhante Hye Dhammavuddho Mahathera\50_1\50_1.json","frontendoptimised2\downloads\Samyutta Nikaya by Bhante Hye Dhammavuddho Mahathera\50_1\50_1.mp4","frontendoptimised2\downloads\Samyutta Nikaya by Bhante Hye Dhammavuddho Mahathera\50_1\50_1.en.srt","","12","COUNT ISFIXEDSIZE ISREADONLY ISSYNCHRONIZED LENGTH LONGLENGTH MP4 RANK SC SRT SYNCROOT TRN","1786962927153"
"SN 51","SN 51","SN","Samyutta Nikaya","51","RAW","85","False","False","True","False","False","False","True","True","False","False","False","","","https://suttacentral.net/sn51","Count IsFixedSize IsReadOnly IsSynchronized Length LongLength Rank SyncRoot","Samyutta Nikaya by Bhante Hye Dhammavuddho Mahathera\51\51.json","Samyutta Nikaya by Bhante Hye Dhammavuddho Mahathera\51\51.mp4","Samyutta Nikaya by Bhante Hye Dhammavuddho Mahathera\51\51.en.srt","","12","COUNT ISFIXEDSIZE ISREADONLY ISSYNCHRONIZED LENGTH LONGLENGTH MP4 RANK SC SRT SYNCROOT TRN","1786962927799"
"SN 51.2","SN 51.2","SN","Samyutta Nikaya","51_2","RAW","85","False","False","True","False","False","False","True","True","False","False","False","","","https://suttacentral.net/sn51.2","Count IsFixedSize IsReadOnly IsSynchronized Length LongLength Rank SyncRoot","frontendoptimised2\downloads\Samyutta Nikaya by Bhante Hye Dhammavuddho Mahathera\51_2\51_2.json","frontendoptimised2\downloads\Samyutta Nikaya by Bhante Hye Dhammavuddho Mahathera\51_2\51_2.mp4","frontendoptimised2\downloads\Samyutta Nikaya by Bhante Hye Dhammavuddho Mahathera\51_2\51_2.en.srt","","12","COUNT ISFIXEDSIZE ISREADONLY ISSYNCHRONIZED LENGTH LONGLENGTH MP4 RANK SC SRT SYNCROOT TRN","1786962928192"
"SN 52.4","SN 52.4","SN","Samyutta Nikaya","52_4","RAW","85","False","False","True","False","False","False","True","True","False","False","False","","","https://suttacentral.net/sn52.4","Count IsFixedSize IsReadOnly IsSynchronized Length LongLength Rank SyncRoot","frontendoptimised2\downloads\Samyutta Nikaya by Bhante Hye Dhammavuddho Mahathera\52_4\52_4.json","frontendoptimised2\downloads\Samyutta Nikaya by Bhante Hye Dhammavuddho Mahathera\52_4\52_4.mp4","frontendoptimised2\downloads\Samyutta Nikaya by Bhante Hye Dhammavuddho Mahathera\52_4\52_4.en.srt","","12","COUNT ISFIXEDSIZE ISREADONLY ISSYNCHRONIZED LENGTH LONGLENGTH MP4 RANK SC SRT SYNCROOT TRN","1786962928235"
"SN 52.5","SN 52.5","SN","Samyutta Nikaya","52_5","RAW","85","False","False","True","False","False","False","True","True","False","False","False","","","https://suttacentral.net/sn52.5","Count IsFixedSize IsReadOnly IsSynchronized Length LongLength Rank SyncRoot","frontendoptimised2\downloads\Samyutta Nikaya by Bhante Hye Dhammavuddho Mahathera\52_5\52_5.json","frontendoptimised2\downloads\Samyutta Nikaya by Bhante Hye Dhammavuddho Mahathera\52_5\52_5.mp4","frontendoptimised2\downloads\Samyutta Nikaya by Bhante Hye Dhammavuddho Mahathera\52_5\52_5.en.srt","","12","COUNT ISFIXEDSIZE ISREADONLY ISSYNCHRONIZED LENGTH LONGLENGTH MP4 RANK SC SRT SYNCROOT TRN","1786962928294"
"SN 52.6","SN 52.6","SN","Samyutta Nikaya","52_6","RAW","85","False","False","True","False","False","False","True","True","False","False","False","","","https://suttacentral.net/sn52.6","Count IsFixedSize IsReadOnly IsSynchronized Length LongLength Rank SyncRoot","frontendoptimised2\downloads\Samyutta Nikaya by Bhante Hye Dhammavuddho Mahathera\52_6\52_6.json","frontendoptimised2\downloads\Samyutta Nikaya by Bhante Hye Dhammavuddho Mahathera\52_6\52_6.mp4","frontendoptimised2\downloads\Samyutta Nikaya by Bhante Hye Dhammavuddho Mahathera\52_6\52_6.en.srt","","12","COUNT ISFIXEDSIZE ISREADONLY ISSYNCHRONIZED LENGTH LONGLENGTH MP4 RANK SC SRT SYNCROOT TRN","1786962928518"
"SN 53.1","SN 53.1","SN","Samyutta Nikaya","53_1","RAW","85","False","False","True","False","False","False","True","True","False","False","False","","","https://suttacentral.net/sn53.1","Count IsFixedSize IsReadOnly IsSynchronized Length LongLength Rank SyncRoot","frontendoptimised2\downloads\Samyutta Nikaya by Bhante Hye Dhammavuddho Mahathera\53_1\53_1.json","frontendoptimised2\downloads\Samyutta Nikaya by Bhante Hye Dhammavuddho Mahathera\53_1\53_1.mp4","frontendoptimised2\downloads\Samyutta Nikaya by Bhante Hye Dhammavuddho Mahathera\53_1\53_1.en.srt","","12","COUNT ISFIXEDSIZE ISREADONLY ISSYNCHRONIZED LENGTH LONGLENGTH MP4 RANK SC SRT SYNCROOT TRN","1786962928624"
"SN 54","SN 54","SN","Samyutta Nikaya","54","RAW","85","False","False","True","False","False","False","True","True","False","False","False","","","https://suttacentral.net/sn54","Count IsFixedSize IsReadOnly IsSynchronized Length LongLength Rank SyncRoot","Samyutta Nikaya by Bhante Hye Dhammavuddho Mahathera\54\54.json","Samyutta Nikaya by Bhante Hye Dhammavuddho Mahathera\54\54.mp4","Samyutta Nikaya by Bhante Hye Dhammavuddho Mahathera\54\54.en.srt","","12","COUNT ISFIXEDSIZE ISREADONLY ISSYNCHRONIZED LENGTH LONGLENGTH MP4 RANK SC SRT SYNCROOT TRN","1786962929357"
"SN 54.1","SN 54.1","SN","Samyutta Nikaya","54_1","RAW","85","False","False","True","False","False","False","True","True","False","False","False","","","https://suttacentral.net/sn54.1","Count IsFixedSize IsReadOnly IsSynchronized Length LongLength Rank SyncRoot","frontendoptimised2\downloads\Samyutta Nikaya by Bhante Hye Dhammavuddho Mahathera\54_1\54_1.json","frontendoptimised2\downloads\Samyutta Nikaya by Bhante Hye Dhammavuddho Mahathera\54_1\54_1.mp4","frontendoptimised2\downloads\Samyutta Nikaya by Bhante Hye Dhammavuddho Mahathera\54_1\54_1.en.srt","","12","COUNT ISFIXEDSIZE ISREADONLY ISSYNCHRONIZED LENGTH LONGLENGTH MP4 RANK SC SRT SYNCROOT TRN","1786962929769"
"SN 54.8","SN 54.8","SN","Samyutta Nikaya","54_8","RAW","85","False","False","True","False","False","False","True","True","False","False","False","","","https://suttacentral.net/sn54.8","Count IsFixedSize IsReadOnly IsSynchronized Length LongLength Rank SyncRoot","frontendoptimised2\downloads\Samyutta Nikaya by Bhante Hye Dhammavuddho Mahathera\54_8\54_8.json","frontendoptimised2\downloads\Samyutta Nikaya by Bhante Hye Dhammavuddho Mahathera\54_8\54_8.mp4","frontendoptimised2\downloads\Samyutta Nikaya by Bhante Hye Dhammavuddho Mahathera\54_8\54_8.en.srt","","12","COUNT ISFIXEDSIZE ISREADONLY ISSYNCHRONIZED LENGTH LONGLENGTH MP4 RANK SC SRT SYNCROOT TRN","1786962930555"
"SN 54.9","SN 54.9","SN","Samyutta Nikaya","54_9","RAW","85","False","False","True","False","False","False","True","True","False","False","False","","","https://suttacentral.net/sn54.9","Count IsFixedSize IsReadOnly IsSynchronized Length LongLength Rank SyncRoot","frontendoptimised2\downloads\Samyutta Nikaya by Bhante Hye Dhammavuddho Mahathera\54_9\54_9.json","frontendoptimised2\downloads\Samyutta Nikaya by Bhante Hye Dhammavuddho Mahathera\54_9\54_9.mp4","frontendoptimised2\downloads\Samyutta Nikaya by Bhante Hye Dhammavuddho Mahathera\54_9\54_9.en.srt","","12","COUNT ISFIXEDSIZE ISREADONLY ISSYNCHRONIZED LENGTH LONGLENGTH MP4 RANK SC SRT SYNCROOT TRN","1786962930770"
"SN 54.10","SN 54.10","SN","Samyutta Nikaya","54_10","RAW","85","False","False","True","False","False","False","True","True","False","False","False","","","https://suttacentral.net/sn54.10","Count IsFixedSize IsReadOnly IsSynchronized Length LongLength Rank SyncRoot","frontendoptimised2\downloads\Samyutta Nikaya by Bhante Hye Dhammavuddho Mahathera\54_10\54_10.json","frontendoptimised2\downloads\Samyutta Nikaya by Bhante Hye Dhammavuddho Mahathera\54_10\54_10.mp4","frontendoptimised2\downloads\Samyutta Nikaya by Bhante Hye Dhammavuddho Mahathera\54_10\54_10.en.srt","","12","COUNT ISFIXEDSIZE ISREADONLY ISSYNCHRONIZED LENGTH LONGLENGTH MP4 RANK SC SRT SYNCROOT TRN","1786962929833"
"SN 54.11","SN 54.11","SN","Samyutta Nikaya","54_11","RAW","85","False","False","True","False","False","False","True","True","False","False","False","","","https://suttacentral.net/sn54.11","Count IsFixedSize IsReadOnly IsSynchronized Length LongLength Rank SyncRoot","frontendoptimised2\downloads\Samyutta Nikaya by Bhante Hye Dhammavuddho Mahathera\54_11\54_11.json","frontendoptimised2\downloads\Samyutta Nikaya by Bhante Hye Dhammavuddho Mahathera\54_11\54_11.mp4","frontendoptimised2\downloads\Samyutta Nikaya by Bhante Hye Dhammavuddho Mahathera\54_11\54_11.en.srt","","12","COUNT ISFIXEDSIZE ISREADONLY ISSYNCHRONIZED LENGTH LONGLENGTH MP4 RANK SC SRT SYNCROOT TRN","1786962929901"
"SN 54.12","SN 54.12","SN","Samyutta Nikaya","54_12","RAW","85","False","False","True","False","False","False","True","True","False","False","False","","","https://suttacentral.net/sn54.12","Count IsFixedSize IsReadOnly IsSynchronized Length LongLength Rank SyncRoot","frontendoptimised2\downloads\Samyutta Nikaya by Bhante Hye Dhammavuddho Mahathera\54_12\54_12.json","frontendoptimised2\downloads\Samyutta Nikaya by Bhante Hye Dhammavuddho Mahathera\54_12\54_12.mp4","frontendoptimised2\downloads\Samyutta Nikaya by Bhante Hye Dhammavuddho Mahathera\54_12\54_12.en.srt","","12","COUNT ISFIXEDSIZE ISREADONLY ISSYNCHRONIZED LENGTH LONGLENGTH MP4 RANK SC SRT SYNCROOT TRN","1786962930026"
"SN 54.13","SN 54.13","SN","Samyutta Nikaya","54_13","RAW","85","False","False","True","False","False","False","True","True","False","False","False","","","https://suttacentral.net/sn54.13","Count IsFixedSize IsReadOnly IsSynchronized Length LongLength Rank SyncRoot","frontendoptimised2\downloads\Samyutta Nikaya by Bhante Hye Dhammavuddho Mahathera\54_13\54_13.json","frontendoptimised2\downloads\Samyutta Nikaya by Bhante Hye Dhammavuddho Mahathera\54_13\54_13.mp4","frontendoptimised2\downloads\Samyutta Nikaya by Bhante Hye Dhammavuddho Mahathera\54_13\54_13.en.srt","","12","COUNT ISFIXEDSIZE ISREADONLY ISSYNCHRONIZED LENGTH LONGLENGTH MP4 RANK SC SRT SYNCROOT TRN","1786962930354"
"SN 55","SN 55","SN","Samyutta Nikaya","55","RAW","85","False","False","True","False","False","False","True","True","False","False","False","","","https://suttacentral.net/sn55","Count IsFixedSize IsReadOnly IsSynchronized Length LongLength Rank SyncRoot","Samyutta Nikaya by Bhante Hye Dhammavuddho Mahathera\55\55.json","Samyutta Nikaya by Bhante Hye Dhammavuddho Mahathera\55\55.mp4","Samyutta Nikaya by Bhante Hye Dhammavuddho Mahathera\55\55.en.srt","","12","COUNT ISFIXEDSIZE ISREADONLY ISSYNCHRONIZED LENGTH LONGLENGTH MP4 RANK SC SRT SYNCROOT TRN","1786962931364"
"SN 55.1","SN 55.1","SN","Samyutta Nikaya","55_1","RAW","85","False","False","True","False","False","False","True","True","False","False","False","","","https://suttacentral.net/sn55.1","Count IsFixedSize IsReadOnly IsSynchronized Length LongLength Rank SyncRoot","frontendoptimised2\downloads\Samyutta Nikaya by Bhante Hye Dhammavuddho Mahathera\55_1\55_1.json","frontendoptimised2\downloads\Samyutta Nikaya by Bhante Hye Dhammavuddho Mahathera\55_1\55_1.mp4","frontendoptimised2\downloads\Samyutta Nikaya by Bhante Hye Dhammavuddho Mahathera\55_1\55_1.en.srt","","12","COUNT ISFIXEDSIZE ISREADONLY ISSYNCHRONIZED LENGTH LONGLENGTH MP4 RANK SC SRT SYNCROOT TRN","1786962931516"
"SN 55.1.2","SN 55.1.2","SN","Samyutta Nikaya","55_1_2","RAW","85","False","False","True","False","False","False","True","True","False","False","False","","","https://suttacentral.net/sn55.1.2","Count IsFixedSize IsReadOnly IsSynchronized Length LongLength Rank SyncRoot","frontendoptimised2\downloads\Samyutta Nikaya by Bhante Hye Dhammavuddho Mahathera\55_1_2\55_1_2.json","frontendoptimised2\downloads\Samyutta Nikaya by Bhante Hye Dhammavuddho Mahathera\55_1_2\55_1_2.mp4","frontendoptimised2\downloads\Samyutta Nikaya by Bhante Hye Dhammavuddho Mahathera\55_1_2\55_1_2.en.srt","","12","COUNT ISFIXEDSIZE ISREADONLY ISSYNCHRONIZED LENGTH LONGLENGTH MP4 RANK SC SRT SYNCROOT TRN","1786962931612"
"SN 55.2","SN 55.2","SN","Samyutta Nikaya","55_2","RAW","85","False","False","True","False","False","False","True","True","False","False","False","","","https://suttacentral.net/sn55.2","Count IsFixedSize IsReadOnly IsSynchronized Length LongLength Rank SyncRoot","frontendoptimised2\downloads\Samyutta Nikaya by Bhante Hye Dhammavuddho Mahathera\55_2\55_2.json","frontendoptimised2\downloads\Samyutta Nikaya by Bhante Hye Dhammavuddho Mahathera\55_2\55_2.mp4","frontendoptimised2\downloads\Samyutta Nikaya by Bhante Hye Dhammavuddho Mahathera\55_2\55_2.en.srt","","12","COUNT ISFIXEDSIZE ISREADONLY ISSYNCHRONIZED LENGTH LONGLENGTH MP4 RANK SC SRT SYNCROOT TRN","1786962931830"
"SN 55.3","SN 55.3","SN","Samyutta Nikaya","55_3","RAW","85","False","False","True","False","False","False","True","True","False","False","False","","","https://suttacentral.net/sn55.3","Count IsFixedSize IsReadOnly IsSynchronized Length LongLength Rank SyncRoot","frontendoptimised2\downloads\Samyutta Nikaya by Bhante Hye Dhammavuddho Mahathera\55_3\55_3.json","frontendoptimised2\downloads\Samyutta Nikaya by Bhante Hye Dhammavuddho Mahathera\55_3\55_3.mp4","frontendoptimised2\downloads\Samyutta Nikaya by Bhante Hye Dhammavuddho Mahathera\55_3\55_3.en.srt","","12","COUNT ISFIXEDSIZE ISREADONLY ISSYNCHRONIZED LENGTH LONGLENGTH MP4 RANK SC SRT SYNCROOT TRN","1786962933839"
"SN 55.21","SN 55.21","SN","Samyutta Nikaya","55_21","RAW","85","False","False","True","False","False","False","True","True","False","False","False","","","https://suttacentral.net/sn55.21","Count IsFixedSize IsReadOnly IsSynchronized Length LongLength Rank SyncRoot","frontendoptimised2\downloads\Samyutta Nikaya by Bhante Hye Dhammavuddho Mahathera\55_21\55_21.json","frontendoptimised2\downloads\Samyutta Nikaya by Bhante Hye Dhammavuddho Mahathera\55_21\55_21.mp4","frontendoptimised2\downloads\Samyutta Nikaya by Bhante Hye Dhammavuddho Mahathera\55_21\55_21.en.srt","","12","COUNT ISFIXEDSIZE ISREADONLY ISSYNCHRONIZED LENGTH LONGLENGTH MP4 RANK SC SRT SYNCROOT TRN","1786962932743"
"SN 55.24","SN 55.24","SN","Samyutta Nikaya","55_24","RAW","85","False","False","True","False","False","False","True","True","False","False","False","","","https://suttacentral.net/sn55.24","Count IsFixedSize IsReadOnly IsSynchronized Length LongLength Rank SyncRoot","frontendoptimised2\downloads\Samyutta Nikaya by Bhante Hye Dhammavuddho Mahathera\55_24\55_24.json","frontendoptimised2\downloads\Samyutta Nikaya by Bhante Hye Dhammavuddho Mahathera\55_24\55_24.mp4","frontendoptimised2\downloads\Samyutta Nikaya by Bhante Hye Dhammavuddho Mahathera\55_24\55_24.en.srt","","12","COUNT ISFIXEDSIZE ISREADONLY ISSYNCHRONIZED LENGTH LONGLENGTH MP4 RANK SC SRT SYNCROOT TRN","1786962933113"
"SN 56","SN 56","SN","Samyutta Nikaya","56","RAW","85","False","False","True","False","False","False","True","True","False","False","False","","","https://suttacentral.net/sn56","Count IsFixedSize IsReadOnly IsSynchronized Length LongLength Rank SyncRoot","Samyutta Nikaya by Bhante Hye Dhammavuddho Mahathera\56\56.json","Samyutta Nikaya by Bhante Hye Dhammavuddho Mahathera\56\56.mp4","Samyutta Nikaya by Bhante Hye Dhammavuddho Mahathera\56\56.en.srt","","12","COUNT ISFIXEDSIZE ISREADONLY ISSYNCHRONIZED LENGTH LONGLENGTH MP4 RANK SC SRT SYNCROOT TRN","1786962934355"
"SN 56.1","SN 56.1","SN","Samyutta Nikaya","56_1","RAW","85","False","False","True","False","False","False","True","True","False","False","False","","","https://suttacentral.net/sn56.1","Count IsFixedSize IsReadOnly IsSynchronized Length LongLength Rank SyncRoot","frontendoptimised2\downloads\Samyutta Nikaya by Bhante Hye Dhammavuddho Mahathera\56_1\56_1.json","frontendoptimised2\downloads\Samyutta Nikaya by Bhante Hye Dhammavuddho Mahathera\56_1\56_1.mp4","frontendoptimised2\downloads\Samyutta Nikaya by Bhante Hye Dhammavuddho Mahathera\56_1\56_1.en.srt","","12","COUNT ISFIXEDSIZE ISREADONLY ISSYNCHRONIZED LENGTH LONGLENGTH MP4 RANK SC SRT SYNCROOT TRN","1786962934406"
"SN 56.2","SN 56.2","SN","Samyutta Nikaya","56_2","RAW","85","False","False","True","False","False","False","True","True","False","False","False","","","https://suttacentral.net/sn56.2","Count IsFixedSize IsReadOnly IsSynchronized Length LongLength Rank SyncRoot","frontendoptimised2\downloads\Samyutta Nikaya by Bhante Hye Dhammavuddho Mahathera\56_2\56_2.json","frontendoptimised2\downloads\Samyutta Nikaya by Bhante Hye Dhammavuddho Mahathera\56_2\56_2.mp4","frontendoptimised2\downloads\Samyutta Nikaya by Bhante Hye Dhammavuddho Mahathera\56_2\56_2.en.srt","","12","COUNT ISFIXEDSIZE ISREADONLY ISSYNCHRONIZED LENGTH LONGLENGTH MP4 RANK SC SRT SYNCROOT TRN","1786962934450"
"SN 56.3","SN 56.3","SN","Samyutta Nikaya","56_3","RAW","85","False","False","True","False","False","False","True","True","False","False","False","","","https://suttacentral.net/sn56.3","Count IsFixedSize IsReadOnly IsSynchronized Length LongLength Rank SyncRoot","frontendoptimised2\downloads\Samyutta Nikaya by Bhante Hye Dhammavuddho Mahathera\56_3\56_3.json","frontendoptimised2\downloads\Samyutta Nikaya by Bhante Hye Dhammavuddho Mahathera\56_3\56_3.mp4","frontendoptimised2\downloads\Samyutta Nikaya by Bhante Hye Dhammavuddho Mahathera\56_3\56_3.en.srt","","12","COUNT ISFIXEDSIZE ISREADONLY ISSYNCHRONIZED LENGTH LONGLENGTH MP4 RANK SC SRT SYNCROOT TRN","1786962934738"
"SN 56.32","SN 56.32","SN","Samyutta Nikaya","56_32","RAW","85","False","False","True","False","False","False","True","True","False","False","False","","","https://suttacentral.net/sn56.32","Count IsFixedSize IsReadOnly IsSynchronized Length LongLength Rank SyncRoot","frontendoptimised2\downloads\Samyutta Nikaya by Bhante Hye Dhammavuddho Mahathera\56_32\56_32.json","frontendoptimised2\downloads\Samyutta Nikaya by Bhante Hye Dhammavuddho Mahathera\56_32\56_32.mp4","frontendoptimised2\downloads\Samyutta Nikaya by Bhante Hye Dhammavuddho Mahathera\56_32\56_32.en.srt","","12","COUNT ISFIXEDSIZE ISREADONLY ISSYNCHRONIZED LENGTH LONGLENGTH MP4 RANK SC SRT SYNCROOT TRN","1786962935303"
"SN Q.A","","SN","Samyutta Nikaya","Q_A","RAW","85","True","True","False","False","False","False","True","True","False","True","False","","","","en","frontendoptimised2\downloads\Samyutta Nikaya by Bhante Hye Dhammavuddho Mahathera\Q_A\Q_A.json","frontendoptimised2\downloads\Samyutta Nikaya by Bhante Hye Dhammavuddho Mahathera\Q_A\Q&A.mp4","frontendoptimised2\downloads\Samyutta Nikaya by Bhante Hye Dhammavuddho Mahathera\Q_A\Q&A.en-orig.srt","","5","COM EN MP4 SRT TXT","1786120307846"
"DN 1","Brahmajāla Sutta","DN","Digha Nikaya","1","RAW","85","False","False","True","False","False","False","True","True","False","False","False","","","https://suttacentral.net/dn1","Count IsFixedSize IsReadOnly IsSynchronized Length LongLength Rank SyncRoot","Digha Nikaya by Bhante Hye Dhammavuddho Mahathera\1\1.json","Digha Nikaya by Bhante Hye Dhammavuddho Mahathera\1\1.mp4","Digha Nikaya by Bhante Hye Dhammavuddho Mahathera\1\1.en.srt","","12","COUNT ISFIXEDSIZE ISREADONLY ISSYNCHRONIZED LENGTH LONGLENGTH MP4 RANK SC SRT SYNCROOT TRN","1786962857621"
"DN 1.3.9","DN 1.3.9","DN","Digha Nikaya","1_3_9","RAW","85","False","False","True","False","False","False","True","True","False","False","False","","","https://suttacentral.net/dn1","Count IsFixedSize IsReadOnly IsSynchronized Length LongLength Rank SyncRoot","frontendoptimised2\downloads\Digha Nikaya by Bhante Hye Dhammavuddho Mahathera\1_3_9\1_3_9.json","frontendoptimised2\downloads\Digha Nikaya by Bhante Hye Dhammavuddho Mahathera\1_3_9\1_3_9.mp4","frontendoptimised2\downloads\Digha Nikaya by Bhante Hye Dhammavuddho Mahathera\1_3_9\1_3_9.en.srt","","12","COUNT ISFIXEDSIZE ISREADONLY ISSYNCHRONIZED LENGTH LONGLENGTH MP4 RANK SC SRT SYNCROOT TRN","1786962858715"
"DN 1.5","DN 1.5","DN","Digha Nikaya","1_5","RAW","85","False","False","True","False","False","False","True","True","False","False","False","","","https://suttacentral.net/dn1","Count IsFixedSize IsReadOnly IsSynchronized Length LongLength Rank SyncRoot","frontendoptimised2\downloads\Digha Nikaya by Bhante Hye Dhammavuddho Mahathera\1_5\1_5.json","frontendoptimised2\downloads\Digha Nikaya by Bhante Hye Dhammavuddho Mahathera\1_5\1_5.mp4","frontendoptimised2\downloads\Digha Nikaya by Bhante Hye Dhammavuddho Mahathera\1_5\1_5.en.srt","","12","COUNT ISFIXEDSIZE ISREADONLY ISSYNCHRONIZED LENGTH LONGLENGTH MP4 RANK SC SRT SYNCROOT TRN","1786962859198"
"DN 1.5.8","DN 1.5.8","DN","Digha Nikaya","1_5_8","RAW","85","False","False","True","False","False","False","True","True","False","False","False","","","https://suttacentral.net/dn1","Count IsFixedSize IsReadOnly IsSynchronized Length LongLength Rank SyncRoot","frontendoptimised2\downloads\Digha Nikaya by Bhante Hye Dhammavuddho Mahathera\1_5_8\1_5_8.json","frontendoptimised2\downloads\Digha Nikaya by Bhante Hye Dhammavuddho Mahathera\1_5_8\1_5_8.mp4","frontendoptimised2\downloads\Digha Nikaya by Bhante Hye Dhammavuddho Mahathera\1_5_8\1_5_8.en.srt","","12","COUNT ISFIXEDSIZE ISREADONLY ISSYNCHRONIZED LENGTH LONGLENGTH MP4 RANK SC SRT SYNCROOT TRN","1786962859308"
"DN 1.5.10","DN 1.5.10","DN","Digha Nikaya","1_5_10","RAW","85","False","False","True","False","False","False","True","True","False","False","False","","","https://suttacentral.net/dn1","Count IsFixedSize IsReadOnly IsSynchronized Length LongLength Rank SyncRoot","frontendoptimised2\downloads\Digha Nikaya by Bhante Hye Dhammavuddho Mahathera\1_5_10\1_5_10.json","frontendoptimised2\downloads\Digha Nikaya by Bhante Hye Dhammavuddho Mahathera\1_5_10\1_5_10.mp4","frontendoptimised2\downloads\Digha Nikaya by Bhante Hye Dhammavuddho Mahathera\1_5_10\1_5_10.en.srt","","12","COUNT ISFIXEDSIZE ISREADONLY ISSYNCHRONIZED LENGTH LONGLENGTH MP4 RANK SC SRT SYNCROOT TRN","1786962859267"
"DN 1.6.8","DN 1.6.8","DN","Digha Nikaya","1_6_8","RAW","85","False","False","True","False","False","False","True","True","False","False","False","","","https://suttacentral.net/dn1","Count IsFixedSize IsReadOnly IsSynchronized Length LongLength Rank SyncRoot","frontendoptimised2\downloads\Digha Nikaya by Bhante Hye Dhammavuddho Mahathera\1_6_8\1_6_8.json","frontendoptimised2\downloads\Digha Nikaya by Bhante Hye Dhammavuddho Mahathera\1_6_8\1_6_8.mp4","frontendoptimised2\downloads\Digha Nikaya by Bhante Hye Dhammavuddho Mahathera\1_6_8\1_6_8.en.srt","","12","COUNT ISFIXEDSIZE ISREADONLY ISSYNCHRONIZED LENGTH LONGLENGTH MP4 RANK SC SRT SYNCROOT TRN","1786962859412"
"DN 1.6.9","DN 1.6.9","DN","Digha Nikaya","1_6_9","RAW","85","False","False","True","False","False","False","True","True","False","False","False","","","https://suttacentral.net/dn1","Count IsFixedSize IsReadOnly IsSynchronized Length LongLength Rank SyncRoot","frontendoptimised2\downloads\Digha Nikaya by Bhante Hye Dhammavuddho Mahathera\1_6_9\1_6_9.json","frontendoptimised2\downloads\Digha Nikaya by Bhante Hye Dhammavuddho Mahathera\1_6_9\1_6_9.mp4","frontendoptimised2\downloads\Digha Nikaya by Bhante Hye Dhammavuddho Mahathera\1_6_9\1_6_9.en.srt","","12","COUNT ISFIXEDSIZE ISREADONLY ISSYNCHRONIZED LENGTH LONGLENGTH MP4 RANK SC SRT SYNCROOT TRN","1786962859446"
"DN 1.7","DN 1.7","DN","Digha Nikaya","1_7","RAW","85","False","False","True","False","False","False","True","True","False","False","False","","","https://suttacentral.net/dn1","Count IsFixedSize IsReadOnly IsSynchronized Length LongLength Rank SyncRoot","frontendoptimised2\downloads\Digha Nikaya by Bhante Hye Dhammavuddho Mahathera\1_7\1_7.json","frontendoptimised2\downloads\Digha Nikaya by Bhante Hye Dhammavuddho Mahathera\1_7\1_7.mp4","frontendoptimised2\downloads\Digha Nikaya by Bhante Hye Dhammavuddho Mahathera\1_7\1_7.en.srt","","12","COUNT ISFIXEDSIZE ISREADONLY ISSYNCHRONIZED LENGTH LONGLENGTH MP4 RANK SC SRT SYNCROOT TRN","1786962859694"
"DN 1.8","DN 1.8","DN","Digha Nikaya","1_8","RAW","85","False","False","True","False","False","False","True","True","False","False","False","","","https://suttacentral.net/dn1","Count IsFixedSize IsReadOnly IsSynchronized Length LongLength Rank SyncRoot","frontendoptimised2\downloads\Digha Nikaya by Bhante Hye Dhammavuddho Mahathera\1_8\1_8.json","frontendoptimised2\downloads\Digha Nikaya by Bhante Hye Dhammavuddho Mahathera\1_8\1_8.mp4","frontendoptimised2\downloads\Digha Nikaya by Bhante Hye Dhammavuddho Mahathera\1_8\1_8.en.srt","","12","COUNT ISFIXEDSIZE ISREADONLY ISSYNCHRONIZED LENGTH LONGLENGTH MP4 RANK SC SRT SYNCROOT TRN","1786962859959"
"DN 1.8.1","DN 1.8.1","DN","Digha Nikaya","1_8_1","RAW","85","False","False","True","False","False","False","True","True","False","False","False","","","https://suttacentral.net/dn1","Count IsFixedSize IsReadOnly IsSynchronized Length LongLength Rank SyncRoot","frontendoptimised2\downloads\Digha Nikaya by Bhante Hye Dhammavuddho Mahathera\1_8_1\1_8_1.json","frontendoptimised2\downloads\Digha Nikaya by Bhante Hye Dhammavuddho Mahathera\1_8_1\1_8_1.mp4","frontendoptimised2\downloads\Digha Nikaya by Bhante Hye Dhammavuddho Mahathera\1_8_1\1_8_1.en.srt","","12","COUNT ISFIXEDSIZE ISREADONLY ISSYNCHRONIZED LENGTH LONGLENGTH MP4 RANK SC SRT SYNCROOT TRN","1786962859995"
"DN 1.8.8","DN 1.8.8","DN","Digha Nikaya","1_8_8","RAW","85","False","False","True","False","False","False","True","True","False","False","False","","","https://suttacentral.net/dn1","Count IsFixedSize IsReadOnly IsSynchronized Length LongLength Rank SyncRoot","frontendoptimised2\downloads\Digha Nikaya by Bhante Hye Dhammavuddho Mahathera\1_8_8\1_8_8.json","frontendoptimised2\downloads\Digha Nikaya by Bhante Hye Dhammavuddho Mahathera\1_8_8\1_8_8.mp4","frontendoptimised2\downloads\Digha Nikaya by Bhante Hye Dhammavuddho Mahathera\1_8_8\1_8_8.en.srt","","12","COUNT ISFIXEDSIZE ISREADONLY ISSYNCHRONIZED LENGTH LONGLENGTH MP4 RANK SC SRT SYNCROOT TRN","1786962860025"
"DN 1.8.9","DN 1.8.9","DN","Digha Nikaya","1_8_9","RAW","85","False","False","True","False","False","False","True","True","False","False","False","","","https://suttacentral.net/dn1","Count IsFixedSize IsReadOnly IsSynchronized Length LongLength Rank SyncRoot","frontendoptimised2\downloads\Digha Nikaya by Bhante Hye Dhammavuddho Mahathera\1_8_9\1_8_9.json","frontendoptimised2\downloads\Digha Nikaya by Bhante Hye Dhammavuddho Mahathera\1_8_9\1_8_9.mp4","frontendoptimised2\downloads\Digha Nikaya by Bhante Hye Dhammavuddho Mahathera\1_8_9\1_8_9.en.srt","","12","COUNT ISFIXEDSIZE ISREADONLY ISSYNCHRONIZED LENGTH LONGLENGTH MP4 RANK SC SRT SYNCROOT TRN","1786962860064"
"DN 1.10","DN 1.10","DN","Digha Nikaya","1_10","RAW","85","False","False","True","False","False","False","True","True","False","False","False","","","https://suttacentral.net/dn1","Count IsFixedSize IsReadOnly IsSynchronized Length LongLength Rank SyncRoot","frontendoptimised2\downloads\Digha Nikaya by Bhante Hye Dhammavuddho Mahathera\1_10\1_10.json","frontendoptimised2\downloads\Digha Nikaya by Bhante Hye Dhammavuddho Mahathera\1_10\1_10.mp4","frontendoptimised2\downloads\Digha Nikaya by Bhante Hye Dhammavuddho Mahathera\1_10\1_10.en.srt","","12","COUNT ISFIXEDSIZE ISREADONLY ISSYNCHRONIZED LENGTH LONGLENGTH MP4 RANK SC SRT SYNCROOT TRN","1786962857699"
"DN 1.10.14","DN 1.10.14","DN","Digha Nikaya","1_10_14","RAW","85","False","False","True","False","False","False","True","True","False","False","False","","","https://suttacentral.net/dn1","Count IsFixedSize IsReadOnly IsSynchronized Length LongLength Rank SyncRoot","frontendoptimised2\downloads\Digha Nikaya by Bhante Hye Dhammavuddho Mahathera\1_10_14\1_10_14.json","frontendoptimised2\downloads\Digha Nikaya by Bhante Hye Dhammavuddho Mahathera\1_10_14\1_10_14.mp4","frontendoptimised2\downloads\Digha Nikaya by Bhante Hye Dhammavuddho Mahathera\1_10_14\1_10_14.en.srt","","12","COUNT ISFIXEDSIZE ISREADONLY ISSYNCHRONIZED LENGTH LONGLENGTH MP4 RANK SC SRT SYNCROOT TRN","1786962857743"
"DN 1.11","DN 1.11","DN","Digha Nikaya","1_11","RAW","85","False","False","True","False","False","False","True","True","False","False","False","","","https://suttacentral.net/dn1","Count IsFixedSize IsReadOnly IsSynchronized Length LongLength Rank SyncRoot","frontendoptimised2\downloads\Digha Nikaya by Bhante Hye Dhammavuddho Mahathera\1_11\1_11.json","frontendoptimised2\downloads\Digha Nikaya by Bhante Hye Dhammavuddho Mahathera\1_11\1_11.mp4","frontendoptimised2\downloads\Digha Nikaya by Bhante Hye Dhammavuddho Mahathera\1_11\1_11.en.srt","","12","COUNT ISFIXEDSIZE ISREADONLY ISSYNCHRONIZED LENGTH LONGLENGTH MP4 RANK SC SRT SYNCROOT TRN","1786962857963"
"DN 1.11.1","DN 1.11.1","DN","Digha Nikaya","1_11_1","RAW","85","False","False","True","False","False","False","True","True","False","False","False","","","https://suttacentral.net/dn1","Count IsFixedSize IsReadOnly IsSynchronized Length LongLength Rank SyncRoot","frontendoptimised2\downloads\Digha Nikaya by Bhante Hye Dhammavuddho Mahathera\1_11_1\1_11_1.json","frontendoptimised2\downloads\Digha Nikaya by Bhante Hye Dhammavuddho Mahathera\1_11_1\1_11_1.mp4","frontendoptimised2\downloads\Digha Nikaya by Bhante Hye Dhammavuddho Mahathera\1_11_1\1_11_1.en.srt","","12","COUNT ISFIXEDSIZE ISREADONLY ISSYNCHRONIZED LENGTH LONGLENGTH MP4 RANK SC SRT SYNCROOT TRN","1786962857995"
"DN 1.11.8","DN 1.11.8","DN","Digha Nikaya","1_11_8","RAW","85","False","False","True","False","False","False","True","True","False","False","False","","","https://suttacentral.net/dn1","Count IsFixedSize IsReadOnly IsSynchronized Length LongLength Rank SyncRoot","frontendoptimised2\downloads\Digha Nikaya by Bhante Hye Dhammavuddho Mahathera\1_11_8\1_11_8.json","frontendoptimised2\downloads\Digha Nikaya by Bhante Hye Dhammavuddho Mahathera\1_11_8\1_11_8.mp4","frontendoptimised2\downloads\Digha Nikaya by Bhante Hye Dhammavuddho Mahathera\1_11_8\1_11_8.en.srt","","12","COUNT ISFIXEDSIZE ISREADONLY ISSYNCHRONIZED LENGTH LONGLENGTH MP4 RANK SC SRT SYNCROOT TRN","1786962858066"
"DN 1.13","DN 1.13","DN","Digha Nikaya","1_13","RAW","85","False","False","True","False","False","False","True","True","False","False","False","","","https://suttacentral.net/dn1","Count IsFixedSize IsReadOnly IsSynchronized Length LongLength Rank SyncRoot","frontendoptimised2\downloads\Digha Nikaya by Bhante Hye Dhammavuddho Mahathera\1_13\1_13.json","frontendoptimised2\downloads\Digha Nikaya by Bhante Hye Dhammavuddho Mahathera\1_13\1_13.mp4","frontendoptimised2\downloads\Digha Nikaya by Bhante Hye Dhammavuddho Mahathera\1_13\1_13.en.srt","","12","COUNT ISFIXEDSIZE ISREADONLY ISSYNCHRONIZED LENGTH LONGLENGTH MP4 RANK SC SRT SYNCROOT TRN","1786962858097"
"DN 1.14","DN 1.14","DN","Digha Nikaya","1_14","RAW","85","False","False","True","False","False","False","True","True","False","False","False","","","https://suttacentral.net/dn1","Count IsFixedSize IsReadOnly IsSynchronized Length LongLength Rank SyncRoot","frontendoptimised2\downloads\Digha Nikaya by Bhante Hye Dhammavuddho Mahathera\1_14\1_14.json","frontendoptimised2\downloads\Digha Nikaya by Bhante Hye Dhammavuddho Mahathera\1_14\1_14.mp4","frontendoptimised2\downloads\Digha Nikaya by Bhante Hye Dhammavuddho Mahathera\1_14\1_14.en.srt","","12","COUNT ISFIXEDSIZE ISREADONLY ISSYNCHRONIZED LENGTH LONGLENGTH MP4 RANK SC SRT SYNCROOT TRN","1786962858161"
"DN 1.15","DN 1.15","DN","Digha Nikaya","1_15","RAW","85","False","False","True","False","False","False","True","True","False","False","False","","","https://suttacentral.net/dn1","Count IsFixedSize IsReadOnly IsSynchronized Length LongLength Rank SyncRoot","frontendoptimised2\downloads\Digha Nikaya by Bhante Hye Dhammavuddho Mahathera\1_15\1_15.json","frontendoptimised2\downloads\Digha Nikaya by Bhante Hye Dhammavuddho Mahathera\1_15\1_15.mp4","frontendoptimised2\downloads\Digha Nikaya by Bhante Hye Dhammavuddho Mahathera\1_15\1_15.en.srt","","12","COUNT ISFIXEDSIZE ISREADONLY ISSYNCHRONIZED LENGTH LONGLENGTH MP4 RANK SC SRT SYNCROOT TRN","1786962858199"
"DN 1.15.10","DN 1.15.10","DN","Digha Nikaya","1_15_10","RAW","85","False","False","True","False","False","False","True","True","False","False","False","","","https://suttacentral.net/dn1","Count IsFixedSize IsReadOnly IsSynchronized Length LongLength Rank SyncRoot","frontendoptimised2\downloads\Digha Nikaya by Bhante Hye Dhammavuddho Mahathera\1_15_10\1_15_10.json","frontendoptimised2\downloads\Digha Nikaya by Bhante Hye Dhammavuddho Mahathera\1_15_10\1_15_10.mp4","frontendoptimised2\downloads\Digha Nikaya by Bhante Hye Dhammavuddho Mahathera\1_15_10\1_15_10.en.srt","","12","COUNT ISFIXEDSIZE ISREADONLY ISSYNCHRONIZED LENGTH LONGLENGTH MP4 RANK SC SRT SYNCROOT TRN","1786962858241"
"DN 1.16","DN 1.16","DN","Digha Nikaya","1_16","RAW","85","False","False","True","False","False","False","True","True","False","False","False","","","https://suttacentral.net/dn1","Count IsFixedSize IsReadOnly IsSynchronized Length LongLength Rank SyncRoot","frontendoptimised2\downloads\Digha Nikaya by Bhante Hye Dhammavuddho Mahathera\1_16\1_16.json","frontendoptimised2\downloads\Digha Nikaya by Bhante Hye Dhammavuddho Mahathera\1_16\1_16.mp4","frontendoptimised2\downloads\Digha Nikaya by Bhante Hye Dhammavuddho Mahathera\1_16\1_16.en.srt","","12","COUNT ISFIXEDSIZE ISREADONLY ISSYNCHRONIZED LENGTH LONGLENGTH MP4 RANK SC SRT SYNCROOT TRN","1786962858298"
"DN 1.17.5","DN 1.17.5","DN","Digha Nikaya","1_17_5","RAW","85","False","False","True","False","False","False","True","True","False","False","False","","","https://suttacentral.net/dn1","Count IsFixedSize IsReadOnly IsSynchronized Length LongLength Rank SyncRoot","frontendoptimised2\downloads\Digha Nikaya by Bhante Hye Dhammavuddho Mahathera\1_17_5\1_17_5.json","frontendoptimised2\downloads\Digha Nikaya by Bhante Hye Dhammavuddho Mahathera\1_17_5\1_17_5.mp4","frontendoptimised2\downloads\Digha Nikaya by Bhante Hye Dhammavuddho Mahathera\1_17_5\1_17_5.en.srt","","12","COUNT ISFIXEDSIZE ISREADONLY ISSYNCHRONIZED LENGTH LONGLENGTH MP4 RANK SC SRT SYNCROOT TRN","1786962858330"
"DN 1.17.6","DN 1.17.6","DN","Digha Nikaya","1_17_6","RAW","85","False","False","True","False","False","False","True","True","False","False","False","","","https://suttacentral.net/dn1","Count IsFixedSize IsReadOnly IsSynchronized Length LongLength Rank SyncRoot","frontendoptimised2\downloads\Digha Nikaya by Bhante Hye Dhammavuddho Mahathera\1_17_6\1_17_6.json","frontendoptimised2\downloads\Digha Nikaya by Bhante Hye Dhammavuddho Mahathera\1_17_6\1_17_6.mp4","frontendoptimised2\downloads\Digha Nikaya by Bhante Hye Dhammavuddho Mahathera\1_17_6\1_17_6.en.srt","","12","COUNT ISFIXEDSIZE ISREADONLY ISSYNCHRONIZED LENGTH LONGLENGTH MP4 RANK SC SRT SYNCROOT TRN","1786962858364"
"DN 1.17.7","DN 1.17.7","DN","Digha Nikaya","1_17_7","RAW","85","False","False","True","False","False","False","True","True","False","False","False","","","https://suttacentral.net/dn1","Count IsFixedSize IsReadOnly IsSynchronized Length LongLength Rank SyncRoot","frontendoptimised2\downloads\Digha Nikaya by Bhante Hye Dhammavuddho Mahathera\1_17_7\1_17_7.json","frontendoptimised2\downloads\Digha Nikaya by Bhante Hye Dhammavuddho Mahathera\1_17_7\1_17_7.mp4","frontendoptimised2\downloads\Digha Nikaya by Bhante Hye Dhammavuddho Mahathera\1_17_7\1_17_7.en.srt","","12","COUNT ISFIXEDSIZE ISREADONLY ISSYNCHRONIZED LENGTH LONGLENGTH MP4 RANK SC SRT SYNCROOT TRN","1786962858402"
"DN 1.18","DN 1.18","DN","Digha Nikaya","1_18","RAW","85","False","False","True","False","False","False","True","True","False","False","False","","","https://suttacentral.net/dn1","Count IsFixedSize IsReadOnly IsSynchronized Length LongLength Rank SyncRoot","frontendoptimised2\downloads\Digha Nikaya by Bhante Hye Dhammavuddho Mahathera\1_18\1_18.json","frontendoptimised2\downloads\Digha Nikaya by Bhante Hye Dhammavuddho Mahathera\1_18\1_18.mp4","frontendoptimised2\downloads\Digha Nikaya by Bhante Hye Dhammavuddho Mahathera\1_18\1_18.en.srt","","12","COUNT ISFIXEDSIZE ISREADONLY ISSYNCHRONIZED LENGTH LONGLENGTH MP4 RANK SC SRT SYNCROOT TRN","1786962858432"
"DN 1.18.13","DN 1.18.13","DN","Digha Nikaya","1_18_13","RAW","85","False","False","True","False","False","False","True","True","False","False","False","","","https://suttacentral.net/dn1","Count IsFixedSize IsReadOnly IsSynchronized Length LongLength Rank SyncRoot","frontendoptimised2\downloads\Digha Nikaya by Bhante Hye Dhammavuddho Mahathera\1_18_13\1_18_13.json","frontendoptimised2\downloads\Digha Nikaya by Bhante Hye Dhammavuddho Mahathera\1_18_13\1_18_13.mp4","frontendoptimised2\downloads\Digha Nikaya by Bhante Hye Dhammavuddho Mahathera\1_18_13\1_18_13.en.srt","","12","COUNT ISFIXEDSIZE ISREADONLY ISSYNCHRONIZED LENGTH LONGLENGTH MP4 RANK SC SRT SYNCROOT TRN","1786962858468"
"DN 1.21.48","DN 1.21.48","DN","Digha Nikaya","1_21_48","RAW","85","False","False","True","False","False","False","True","True","False","False","False","","","https://suttacentral.net/dn1","Count IsFixedSize IsReadOnly IsSynchronized Length LongLength Rank SyncRoot","frontendoptimised2\downloads\Digha Nikaya by Bhante Hye Dhammavuddho Mahathera\1_21_48\1_21_48.json","frontendoptimised2\downloads\Digha Nikaya by Bhante Hye Dhammavuddho Mahathera\1_21_48\1_21_48.mp4","frontendoptimised2\downloads\Digha Nikaya by Bhante Hye Dhammavuddho Mahathera\1_21_48\1_21_48.en.srt","","12","COUNT ISFIXEDSIZE ISREADONLY ISSYNCHRONIZED LENGTH LONGLENGTH MP4 RANK SC SRT SYNCROOT TRN","1786962858502"
"DN 1.29","DN 1.29","DN","Digha Nikaya","1_29","RAW","85","False","False","True","False","False","False","True","True","False","False","False","","","https://suttacentral.net/dn1","Count IsFixedSize IsReadOnly IsSynchronized Length LongLength Rank SyncRoot","frontendoptimised2\downloads\Digha Nikaya by Bhante Hye Dhammavuddho Mahathera\1_29\1_29.json","frontendoptimised2\downloads\Digha Nikaya by Bhante Hye Dhammavuddho Mahathera\1_29\1_29.mp4","frontendoptimised2\downloads\Digha Nikaya by Bhante Hye Dhammavuddho Mahathera\1_29\1_29.en.srt","","12","COUNT ISFIXEDSIZE ISREADONLY ISSYNCHRONIZED LENGTH LONGLENGTH MP4 RANK SC SRT SYNCROOT TRN","1786962858678"
"DN 1.30","DN 1.30","DN","Digha Nikaya","1_30","RAW","85","False","False","True","False","False","False","True","True","False","False","False","","","https://suttacentral.net/dn1","Count IsFixedSize IsReadOnly IsSynchronized Length LongLength Rank SyncRoot","frontendoptimised2\downloads\Digha Nikaya by Bhante Hye Dhammavuddho Mahathera\1_30\1_30.json","frontendoptimised2\downloads\Digha Nikaya by Bhante Hye Dhammavuddho Mahathera\1_30\1_30.mp4","frontendoptimised2\downloads\Digha Nikaya by Bhante Hye Dhammavuddho Mahathera\1_30\1_30.en.srt","","12","COUNT ISFIXEDSIZE ISREADONLY ISSYNCHRONIZED LENGTH LONGLENGTH MP4 RANK SC SRT SYNCROOT TRN","1786962858749"
"DN 1.32","DN 1.32","DN","Digha Nikaya","1_32","RAW","85","False","False","True","False","False","False","True","True","False","False","False","","","https://suttacentral.net/dn1","Count IsFixedSize IsReadOnly IsSynchronized Length LongLength Rank SyncRoot","frontendoptimised2\downloads\Digha Nikaya by Bhante Hye Dhammavuddho Mahathera\1_32\1_32.json","frontendoptimised2\downloads\Digha Nikaya by Bhante Hye Dhammavuddho Mahathera\1_32\1_32.mp4","frontendoptimised2\downloads\Digha Nikaya by Bhante Hye Dhammavuddho Mahathera\1_32\1_32.en.srt","","12","COUNT ISFIXEDSIZE ISREADONLY ISSYNCHRONIZED LENGTH LONGLENGTH MP4 RANK SC SRT SYNCROOT TRN","1786962858806"
"DN 1.34","DN 1.34","DN","Digha Nikaya","1_34","RAW","85","False","False","True","False","False","False","True","True","False","False","False","","","https://suttacentral.net/dn1","Count IsFixedSize IsReadOnly IsSynchronized Length LongLength Rank SyncRoot","frontendoptimised2\downloads\Digha Nikaya by Bhante Hye Dhammavuddho Mahathera\1_34\1_34.json","frontendoptimised2\downloads\Digha Nikaya by Bhante Hye Dhammavuddho Mahathera\1_34\1_34.mp4","frontendoptimised2\downloads\Digha Nikaya by Bhante Hye Dhammavuddho Mahathera\1_34\1_34.en.srt","","12","COUNT ISFIXEDSIZE ISREADONLY ISSYNCHRONIZED LENGTH LONGLENGTH MP4 RANK SC SRT SYNCROOT TRN","1786962858869"
"DN 1.36","DN 1.36","DN","Digha Nikaya","1_36","RAW","85","False","False","True","False","False","False","True","True","False","False","False","","","https://suttacentral.net/dn1","Count IsFixedSize IsReadOnly IsSynchronized Length LongLength Rank SyncRoot","frontendoptimised2\downloads\Digha Nikaya by Bhante Hye Dhammavuddho Mahathera\1_36\1_36.json","frontendoptimised2\downloads\Digha Nikaya by Bhante Hye Dhammavuddho Mahathera\1_36\1_36.mp4","frontendoptimised2\downloads\Digha Nikaya by Bhante Hye Dhammavuddho Mahathera\1_36\1_36.en.srt","","12","COUNT ISFIXEDSIZE ISREADONLY ISSYNCHRONIZED LENGTH LONGLENGTH MP4 RANK SC SRT SYNCROOT TRN","1786962858994"
"DN 1.46","DN 1.46","DN","Digha Nikaya","1_46","RAW","85","False","False","True","False","False","False","True","True","False","False","False","","","https://suttacentral.net/dn1","Count IsFixedSize IsReadOnly IsSynchronized Length LongLength Rank SyncRoot","frontendoptimised2\downloads\Digha Nikaya by Bhante Hye Dhammavuddho Mahathera\1_46\1_46.json","frontendoptimised2\downloads\Digha Nikaya by Bhante Hye Dhammavuddho Mahathera\1_46\1_46.mp4","frontendoptimised2\downloads\Digha Nikaya by Bhante Hye Dhammavuddho Mahathera\1_46\1_46.en.srt","","12","COUNT ISFIXEDSIZE ISREADONLY ISSYNCHRONIZED LENGTH LONGLENGTH MP4 RANK SC SRT SYNCROOT TRN","1786962859046"
"DN 1.49","DN 1.49","DN","Digha Nikaya","1_49","RAW","85","False","False","True","False","False","False","True","True","False","False","False","","","https://suttacentral.net/dn1","Count IsFixedSize IsReadOnly IsSynchronized Length LongLength Rank SyncRoot","frontendoptimised2\downloads\Digha Nikaya by Bhante Hye Dhammavuddho Mahathera\1_49\1_49.json","frontendoptimised2\downloads\Digha Nikaya by Bhante Hye Dhammavuddho Mahathera\1_49\1_49.mp4","frontendoptimised2\downloads\Digha Nikaya by Bhante Hye Dhammavuddho Mahathera\1_49\1_49.en.srt","","12","COUNT ISFIXEDSIZE ISREADONLY ISSYNCHRONIZED LENGTH LONGLENGTH MP4 RANK SC SRT SYNCROOT TRN","1786962859083"
"DN 1.52","DN 1.52","DN","Digha Nikaya","1_52","RAW","85","False","False","True","False","False","False","True","True","False","False","False","","","https://suttacentral.net/dn1","Count IsFixedSize IsReadOnly IsSynchronized Length LongLength Rank SyncRoot","frontendoptimised2\downloads\Digha Nikaya by Bhante Hye Dhammavuddho Mahathera\1_52\1_52.json","frontendoptimised2\downloads\Digha Nikaya by Bhante Hye Dhammavuddho Mahathera\1_52\1_52.mp4","frontendoptimised2\downloads\Digha Nikaya by Bhante Hye Dhammavuddho Mahathera\1_52\1_52.en.srt","","12","COUNT ISFIXEDSIZE ISREADONLY ISSYNCHRONIZED LENGTH LONGLENGTH MP4 RANK SC SRT SYNCROOT TRN","1786962859340"
"DN 1.55","DN 1.55","DN","Digha Nikaya","1_55","RAW","85","False","False","True","False","False","False","True","True","False","False","False","","","https://suttacentral.net/dn1","Count IsFixedSize IsReadOnly IsSynchronized Length LongLength Rank SyncRoot","frontendoptimised2\downloads\Digha Nikaya by Bhante Hye Dhammavuddho Mahathera\1_55\1_55.json","frontendoptimised2\downloads\Digha Nikaya by Bhante Hye Dhammavuddho Mahathera\1_55\1_55.mp4","frontendoptimised2\downloads\Digha Nikaya by Bhante Hye Dhammavuddho Mahathera\1_55\1_55.en.srt","","12","COUNT ISFIXEDSIZE ISREADONLY ISSYNCHRONIZED LENGTH LONGLENGTH MP4 RANK SC SRT SYNCROOT TRN","1786962859373"
"DN 1.71","DN 1.71","DN","Digha Nikaya","1_71","RAW","85","False","False","True","False","False","False","True","True","False","False","False","","","https://suttacentral.net/dn1","Count IsFixedSize IsReadOnly IsSynchronized Length LongLength Rank SyncRoot","frontendoptimised2\downloads\Digha Nikaya by Bhante Hye Dhammavuddho Mahathera\1_71\1_71.json","frontendoptimised2\downloads\Digha Nikaya by Bhante Hye Dhammavuddho Mahathera\1_71\1_71.mp4","frontendoptimised2\downloads\Digha Nikaya by Bhante Hye Dhammavuddho Mahathera\1_71\1_71.en.srt","","12","COUNT ISFIXEDSIZE ISREADONLY ISSYNCHRONIZED LENGTH LONGLENGTH MP4 RANK SC SRT SYNCROOT TRN","1786962859741"
"DN 1.73","DN 1.73","DN","Digha Nikaya","1_73","RAW","85","False","False","True","False","False","False","True","True","False","False","False","","","https://suttacentral.net/dn1","Count IsFixedSize IsReadOnly IsSynchronized Length LongLength Rank SyncRoot","frontendoptimised2\downloads\Digha Nikaya by Bhante Hye Dhammavuddho Mahathera\1_73\1_73.json","frontendoptimised2\downloads\Digha Nikaya by Bhante Hye Dhammavuddho Mahathera\1_73\1_73.mp4","frontendoptimised2\downloads\Digha Nikaya by Bhante Hye Dhammavuddho Mahathera\1_73\1_73.en.srt","","12","COUNT ISFIXEDSIZE ISREADONLY ISSYNCHRONIZED LENGTH LONGLENGTH MP4 RANK SC SRT SYNCROOT TRN","1786962859776"
"DN 1.76","DN 1.76","DN","Digha Nikaya","1_76","RAW","85","False","False","True","False","False","False","True","True","False","False","False","","","https://suttacentral.net/dn1","Count IsFixedSize IsReadOnly IsSynchronized Length LongLength Rank SyncRoot","frontendoptimised2\downloads\Digha Nikaya by Bhante Hye Dhammavuddho Mahathera\1_76\1_76.json","frontendoptimised2\downloads\Digha Nikaya by Bhante Hye Dhammavuddho Mahathera\1_76\1_76.mp4","frontendoptimised2\downloads\Digha Nikaya by Bhante Hye Dhammavuddho Mahathera\1_76\1_76.en.srt","","12","COUNT ISFIXEDSIZE ISREADONLY ISSYNCHRONIZED LENGTH LONGLENGTH MP4 RANK SC SRT SYNCROOT TRN","1786962859816"
"DN 1.81","DN 1.81","DN","Digha Nikaya","1_81","RAW","85","False","False","True","False","False","False","True","True","False","False","False","","","https://suttacentral.net/dn1","Count IsFixedSize IsReadOnly IsSynchronized Length LongLength Rank SyncRoot","frontendoptimised2\downloads\Digha Nikaya by Bhante Hye Dhammavuddho Mahathera\1_81\1_81.json","frontendoptimised2\downloads\Digha Nikaya by Bhante Hye Dhammavuddho Mahathera\1_81\1_81.mp4","frontendoptimised2\downloads\Digha Nikaya by Bhante Hye Dhammavuddho Mahathera\1_81\1_81.en.srt","","12","COUNT ISFIXEDSIZE ISREADONLY ISSYNCHRONIZED LENGTH LONGLENGTH MP4 RANK SC SRT SYNCROOT TRN","1786962860233"
"DN 1.87","DN 1.87","DN","Digha Nikaya","1_87","RAW","85","False","False","True","False","False","False","True","True","False","False","False","","","https://suttacentral.net/dn1","Count IsFixedSize IsReadOnly IsSynchronized Length LongLength Rank SyncRoot","frontendoptimised2\downloads\Digha Nikaya by Bhante Hye Dhammavuddho Mahathera\1_87\1_87.json","frontendoptimised2\downloads\Digha Nikaya by Bhante Hye Dhammavuddho Mahathera\1_87\1_87.mp4","frontendoptimised2\downloads\Digha Nikaya by Bhante Hye Dhammavuddho Mahathera\1_87\1_87.en.srt","","12","COUNT ISFIXEDSIZE ISREADONLY ISSYNCHRONIZED LENGTH LONGLENGTH MP4 RANK SC SRT SYNCROOT TRN","1786962860287"
"DN 2","DN 2","DN","Digha Nikaya","2","RAW","85","False","False","True","False","False","False","True","True","False","False","False","","","https://suttacentral.net/dn2","Count IsFixedSize IsReadOnly IsSynchronized Length LongLength Rank SyncRoot","Digha Nikaya by Bhante Hye Dhammavuddho Mahathera\2\2.json","Digha Nikaya by Bhante Hye Dhammavuddho Mahathera\2\2.mp4","Digha Nikaya by Bhante Hye Dhammavuddho Mahathera\2\2.en.srt","","12","COUNT ISFIXEDSIZE ISREADONLY ISSYNCHRONIZED LENGTH LONGLENGTH MP4 RANK SC SRT SYNCROOT TRN","1786962863349"
"DN 2.1","DN 2.1","DN","Digha Nikaya","2_1","RAW","85","False","False","True","False","False","False","True","True","False","False","False","","","https://suttacentral.net/dn2","Count IsFixedSize IsReadOnly IsSynchronized Length LongLength Rank SyncRoot","frontendoptimised2\downloads\Digha Nikaya by Bhante Hye Dhammavuddho Mahathera\2_1\2_1.json","frontendoptimised2\downloads\Digha Nikaya by Bhante Hye Dhammavuddho Mahathera\2_1\2_1.mp4","frontendoptimised2\downloads\Digha Nikaya by Bhante Hye Dhammavuddho Mahathera\2_1\2_1.en.srt","","12","COUNT ISFIXEDSIZE ISREADONLY ISSYNCHRONIZED LENGTH LONGLENGTH MP4 RANK SC SRT SYNCROOT TRN","1786962863427"
"DN 2.1.5","DN 2.1.5","DN","Digha Nikaya","2_1_5","RAW","85","False","False","True","False","False","False","True","True","False","False","False","","","https://suttacentral.net/dn2","Count IsFixedSize IsReadOnly IsSynchronized Length LongLength Rank SyncRoot","frontendoptimised2\downloads\Digha Nikaya by Bhante Hye Dhammavuddho Mahathera\2_1_5\2_1_5.json","frontendoptimised2\downloads\Digha Nikaya by Bhante Hye Dhammavuddho Mahathera\2_1_5\2_1_5.mp4","frontendoptimised2\downloads\Digha Nikaya by Bhante Hye Dhammavuddho Mahathera\2_1_5\2_1_5.en.srt","","12","COUNT ISFIXEDSIZE ISREADONLY ISSYNCHRONIZED LENGTH LONGLENGTH MP4 RANK SC SRT SYNCROOT TRN","1786962863467"
"DN 2.1.6","DN 2.1.6","DN","Digha Nikaya","2_1_6","RAW","85","False","False","True","False","False","False","True","True","False","False","False","","","https://suttacentral.net/dn2","Count IsFixedSize IsReadOnly IsSynchronized Length LongLength Rank SyncRoot","frontendoptimised2\downloads\Digha Nikaya by Bhante Hye Dhammavuddho Mahathera\2_1_6\2_1_6.json","frontendoptimised2\downloads\Digha Nikaya by Bhante Hye Dhammavuddho Mahathera\2_1_6\2_1_6.mp4","frontendoptimised2\downloads\Digha Nikaya by Bhante Hye Dhammavuddho Mahathera\2_1_6\2_1_6.en.srt","","12","COUNT ISFIXEDSIZE ISREADONLY ISSYNCHRONIZED LENGTH LONGLENGTH MP4 RANK SC SRT SYNCROOT TRN","1786962863526"
"DN 2.1.9","DN 2.1.9","DN","Digha Nikaya","2_1_9","RAW","85","False","False","True","False","False","False","True","True","False","False","False","","","https://suttacentral.net/dn2","Count IsFixedSize IsReadOnly IsSynchronized Length LongLength Rank SyncRoot","frontendoptimised2\downloads\Digha Nikaya by Bhante Hye Dhammavuddho Mahathera\2_1_9\2_1_9.json","frontendoptimised2\downloads\Digha Nikaya by Bhante Hye Dhammavuddho Mahathera\2_1_9\2_1_9.mp4","frontendoptimised2\downloads\Digha Nikaya by Bhante Hye Dhammavuddho Mahathera\2_1_9\2_1_9.en.srt","","12","COUNT ISFIXEDSIZE ISREADONLY ISSYNCHRONIZED LENGTH LONGLENGTH MP4 RANK SC SRT SYNCROOT TRN","1786962863611"
"DN 2.2","DN 2.2","DN","Digha Nikaya","2_2","RAW","85","False","False","True","False","False","False","True","True","False","False","False","","","https://suttacentral.net/dn2","Count IsFixedSize IsReadOnly IsSynchronized Length LongLength Rank SyncRoot","frontendoptimised2\downloads\Digha Nikaya by Bhante Hye Dhammavuddho Mahathera\2_2\2_2.json","frontendoptimised2\downloads\Digha Nikaya by Bhante Hye Dhammavuddho Mahathera\2_2\2_2.mp4","frontendoptimised2\downloads\Digha Nikaya by Bhante Hye Dhammavuddho Mahathera\2_2\2_2.en.srt","","12","COUNT ISFIXEDSIZE ISREADONLY ISSYNCHRONIZED LENGTH LONGLENGTH MP4 RANK SC SRT SYNCROOT TRN","1786962863930"
"DN 2.3","DN 2.3","DN","Digha Nikaya","2_3","RAW","85","False","False","True","False","False","False","True","True","False","False","False","","","https://suttacentral.net/dn2","Count IsFixedSize IsReadOnly IsSynchronized Length LongLength Rank SyncRoot","frontendoptimised2\downloads\Digha Nikaya by Bhante Hye Dhammavuddho Mahathera\2_3\2_3.json","frontendoptimised2\downloads\Digha Nikaya by Bhante Hye Dhammavuddho Mahathera\2_3\2_3.mp4","frontendoptimised2\downloads\Digha Nikaya by Bhante Hye Dhammavuddho Mahathera\2_3\2_3.en.srt","","12","COUNT ISFIXEDSIZE ISREADONLY ISSYNCHRONIZED LENGTH LONGLENGTH MP4 RANK SC SRT SYNCROOT TRN","1786962864143"
"DN 2.3.10","DN 2.3.10","DN","Digha Nikaya","2_3_10","RAW","85","False","False","True","False","False","False","True","True","False","False","False","","","https://suttacentral.net/dn2","Count IsFixedSize IsReadOnly IsSynchronized Length LongLength Rank SyncRoot","frontendoptimised2\downloads\Digha Nikaya by Bhante Hye Dhammavuddho Mahathera\2_3_10\2_3_10.json","frontendoptimised2\downloads\Digha Nikaya by Bhante Hye Dhammavuddho Mahathera\2_3_10\2_3_10.mp4","frontendoptimised2\downloads\Digha Nikaya by Bhante Hye Dhammavuddho Mahathera\2_3_10\2_3_10.en.srt","","12","COUNT ISFIXEDSIZE ISREADONLY ISSYNCHRONIZED LENGTH LONGLENGTH MP4 RANK SC SRT SYNCROOT TRN","1786962864251"
"DN 2.4.4","DN 2.4.4","DN","Digha Nikaya","2_4_4","RAW","85","False","False","True","False","False","False","True","True","False","False","False","","","https://suttacentral.net/dn2","Count IsFixedSize IsReadOnly IsSynchronized Length LongLength Rank SyncRoot","frontendoptimised2\downloads\Digha Nikaya by Bhante Hye Dhammavuddho Mahathera\2_4_4\2_4_4.json","frontendoptimised2\downloads\Digha Nikaya by Bhante Hye Dhammavuddho Mahathera\2_4_4\2_4_4.mp4","frontendoptimised2\downloads\Digha Nikaya by Bhante Hye Dhammavuddho Mahathera\2_4_4\2_4_4.en.srt","","12","COUNT ISFIXEDSIZE ISREADONLY ISSYNCHRONIZED LENGTH LONGLENGTH MP4 RANK SC SRT SYNCROOT TRN","1786962864292"
"DN 2.9","DN 2.9","DN","Digha Nikaya","2_9","RAW","85","False","False","True","False","False","False","True","True","False","False","False","","","https://suttacentral.net/dn2","Count IsFixedSize IsReadOnly IsSynchronized Length LongLength Rank SyncRoot","frontendoptimised2\downloads\Digha Nikaya by Bhante Hye Dhammavuddho Mahathera\2_9\2_9.json","frontendoptimised2\downloads\Digha Nikaya by Bhante Hye Dhammavuddho Mahathera\2_9\2_9.mp4","frontendoptimised2\downloads\Digha Nikaya by Bhante Hye Dhammavuddho Mahathera\2_9\2_9.en.srt","","12","COUNT ISFIXEDSIZE ISREADONLY ISSYNCHRONIZED LENGTH LONGLENGTH MP4 RANK SC SRT SYNCROOT TRN","1786962864364"
"DN 2.10.1","DN 2.10.1","DN","Digha Nikaya","2_10_1","RAW","85","False","False","True","False","False","False","True","True","False","False","False","","","https://suttacentral.net/dn2","Count IsFixedSize IsReadOnly IsSynchronized Length LongLength Rank SyncRoot","frontendoptimised2\downloads\Digha Nikaya by Bhante Hye Dhammavuddho Mahathera\2_10_1\2_10_1.json","frontendoptimised2\downloads\Digha Nikaya by Bhante Hye Dhammavuddho Mahathera\2_10_1\2_10_1.mp4","frontendoptimised2\downloads\Digha Nikaya by Bhante Hye Dhammavuddho Mahathera\2_10_1\2_10_1.en.srt","","12","COUNT ISFIXEDSIZE ISREADONLY ISSYNCHRONIZED LENGTH LONGLENGTH MP4 RANK SC SRT SYNCROOT TRN","1786962863642"
"DN 2.10.2","DN 2.10.2","DN","Digha Nikaya","2_10_2","RAW","85","False","False","True","False","False","False","True","True","False","False","False","","","https://suttacentral.net/dn2","Count IsFixedSize IsReadOnly IsSynchronized Length LongLength Rank SyncRoot","frontendoptimised2\downloads\Digha Nikaya by Bhante Hye Dhammavuddho Mahathera\2_10_2\2_10_2.json","frontendoptimised2\downloads\Digha Nikaya by Bhante Hye Dhammavuddho Mahathera\2_10_2\2_10_2.mp4","frontendoptimised2\downloads\Digha Nikaya by Bhante Hye Dhammavuddho Mahathera\2_10_2\2_10_2.en.srt","","12","COUNT ISFIXEDSIZE ISREADONLY ISSYNCHRONIZED LENGTH LONGLENGTH MP4 RANK SC SRT SYNCROOT TRN","1786962863677"
"DN 2.11.2","DN 2.11.2","DN","Digha Nikaya","2_11_2","RAW","85","False","False","True","False","False","False","True","True","False","False","False","","","https://suttacentral.net/dn2","Count IsFixedSize IsReadOnly IsSynchronized Length LongLength Rank SyncRoot","frontendoptimised2\downloads\Digha Nikaya by Bhante Hye Dhammavuddho Mahathera\2_11_2\2_11_2.json","frontendoptimised2\downloads\Digha Nikaya by Bhante Hye Dhammavuddho Mahathera\2_11_2\2_11_2.mp4","frontendoptimised2\downloads\Digha Nikaya by Bhante Hye Dhammavuddho Mahathera\2_11_2\2_11_2.en.srt","","12","COUNT ISFIXEDSIZE ISREADONLY ISSYNCHRONIZED LENGTH LONGLENGTH MP4 RANK SC SRT SYNCROOT TRN","1786962863714"
"DN 2.11.8","DN 2.11.8","DN","Digha Nikaya","2_11_8","RAW","85","False","False","True","False","False","False","True","True","False","False","False","","","https://suttacentral.net/dn2","Count IsFixedSize IsReadOnly IsSynchronized Length LongLength Rank SyncRoot","frontendoptimised2\downloads\Digha Nikaya by Bhante Hye Dhammavuddho Mahathera\2_11_8\2_11_8.json","frontendoptimised2\downloads\Digha Nikaya by Bhante Hye Dhammavuddho Mahathera\2_11_8\2_11_8.mp4","frontendoptimised2\downloads\Digha Nikaya by Bhante Hye Dhammavuddho Mahathera\2_11_8\2_11_8.en.srt","","12","COUNT ISFIXEDSIZE ISREADONLY ISSYNCHRONIZED LENGTH LONGLENGTH MP4 RANK SC SRT SYNCROOT TRN","1786962863748"
"DN 2.11.9","DN 2.11.9","DN","Digha Nikaya","2_11_9","RAW","85","False","False","True","False","False","False","True","True","False","False","False","","","https://suttacentral.net/dn2","Count IsFixedSize IsReadOnly IsSynchronized Length LongLength Rank SyncRoot","frontendoptimised2\downloads\Digha Nikaya by Bhante Hye Dhammavuddho Mahathera\2_11_9\2_11_9.json","frontendoptimised2\downloads\Digha Nikaya by Bhante Hye Dhammavuddho Mahathera\2_11_9\2_11_9.mp4","frontendoptimised2\downloads\Digha Nikaya by Bhante Hye Dhammavuddho Mahathera\2_11_9\2_11_9.en.srt","","12","COUNT ISFIXEDSIZE ISREADONLY ISSYNCHRONIZED LENGTH LONGLENGTH MP4 RANK SC SRT SYNCROOT TRN","1786962863780"
"DN 2.12.1","DN 2.12.1","DN","Digha Nikaya","2_12_1","RAW","85","False","False","True","False","False","False","True","True","False","False","False","","","https://suttacentral.net/dn2","Count IsFixedSize IsReadOnly IsSynchronized Length LongLength Rank SyncRoot","frontendoptimised2\downloads\Digha Nikaya by Bhante Hye Dhammavuddho Mahathera\2_12_1\2_12_1.json","frontendoptimised2\downloads\Digha Nikaya by Bhante Hye Dhammavuddho Mahathera\2_12_1\2_12_1.mp4","frontendoptimised2\downloads\Digha Nikaya by Bhante Hye Dhammavuddho Mahathera\2_12_1\2_12_1.en.srt","","12","COUNT ISFIXEDSIZE ISREADONLY ISSYNCHRONIZED LENGTH LONGLENGTH MP4 RANK SC SRT SYNCROOT TRN","1786962863822"
"DN 2.17","DN 2.17","DN","Digha Nikaya","2_17","RAW","85","False","False","True","False","False","False","True","True","False","False","False","","","https://suttacentral.net/dn2","Count IsFixedSize IsReadOnly IsSynchronized Length LongLength Rank SyncRoot","frontendoptimised2\downloads\Digha Nikaya by Bhante Hye Dhammavuddho Mahathera\2_17\2_17.json","frontendoptimised2\downloads\Digha Nikaya by Bhante Hye Dhammavuddho Mahathera\2_17\2_17.mp4","frontendoptimised2\downloads\Digha Nikaya by Bhante Hye Dhammavuddho Mahathera\2_17\2_17.en.srt","","12","COUNT ISFIXEDSIZE ISREADONLY ISSYNCHRONIZED LENGTH LONGLENGTH MP4 RANK SC SRT SYNCROOT TRN","1786962863868"
"DN 2.26","DN 2.26","DN","Digha Nikaya","2_26","RAW","85","False","False","True","False","False","False","True","True","False","False","False","","","https://suttacentral.net/dn2","Count IsFixedSize IsReadOnly IsSynchronized Length LongLength Rank SyncRoot","frontendoptimised2\downloads\Digha Nikaya by Bhante Hye Dhammavuddho Mahathera\2_26\2_26.json","frontendoptimised2\downloads\Digha Nikaya by Bhante Hye Dhammavuddho Mahathera\2_26\2_26.mp4","frontendoptimised2\downloads\Digha Nikaya by Bhante Hye Dhammavuddho Mahathera\2_26\2_26.en.srt","","12","COUNT ISFIXEDSIZE ISREADONLY ISSYNCHRONIZED LENGTH LONGLENGTH MP4 RANK SC SRT SYNCROOT TRN","1786962864088"
"DN 2.44","DN 2.44","DN","Digha Nikaya","2_44","RAW","85","False","False","True","False","False","False","True","True","False","False","False","","","https://suttacentral.net/dn2","Count IsFixedSize IsReadOnly IsSynchronized Length LongLength Rank SyncRoot","frontendoptimised2\downloads\Digha Nikaya by Bhante Hye Dhammavuddho Mahathera\2_44\2_44.json","frontendoptimised2\downloads\Digha Nikaya by Bhante Hye Dhammavuddho Mahathera\2_44\2_44.mp4","frontendoptimised2\downloads\Digha Nikaya by Bhante Hye Dhammavuddho Mahathera\2_44\2_44.en.srt","","12","COUNT ISFIXEDSIZE ISREADONLY ISSYNCHRONIZED LENGTH LONGLENGTH MP4 RANK SC SRT SYNCROOT TRN","1786962864326"
"DN 3","DN 3","DN","Digha Nikaya","3","RAW","85","False","False","True","False","False","False","True","True","False","False","False","","","https://suttacentral.net/dn3","Count IsFixedSize IsReadOnly IsSynchronized Length LongLength Rank SyncRoot","Digha Nikaya by Bhante Hye Dhammavuddho Mahathera\3\3.json","Digha Nikaya by Bhante Hye Dhammavuddho Mahathera\3\3.mp4","Digha Nikaya by Bhante Hye Dhammavuddho Mahathera\3\3.en.srt","","12","COUNT ISFIXEDSIZE ISREADONLY ISSYNCHRONIZED LENGTH LONGLENGTH MP4 RANK SC SRT SYNCROOT TRN","1786962867409"
"DN 3.2.16","DN 3.2.16","DN","Digha Nikaya","3_2_16","RAW","85","False","False","True","False","False","False","True","True","False","False","False","","","https://suttacentral.net/dn3","Count IsFixedSize IsReadOnly IsSynchronized Length LongLength Rank SyncRoot","frontendoptimised2\downloads\Digha Nikaya by Bhante Hye Dhammavuddho Mahathera\3_2_16\3_2_16.json","frontendoptimised2\downloads\Digha Nikaya by Bhante Hye Dhammavuddho Mahathera\3_2_16\3_2_16.mp4","frontendoptimised2\downloads\Digha Nikaya by Bhante Hye Dhammavuddho Mahathera\3_2_16\3_2_16.en.srt","","12","COUNT ISFIXEDSIZE ISREADONLY ISSYNCHRONIZED LENGTH LONGLENGTH MP4 RANK SC SRT SYNCROOT TRN","1786962867890"
"DN 3.2.19","DN 3.2.19","DN","Digha Nikaya","3_2_19","RAW","85","False","False","True","False","False","False","True","True","False","False","False","","","https://suttacentral.net/dn3","Count IsFixedSize IsReadOnly IsSynchronized Length LongLength Rank SyncRoot","frontendoptimised2\downloads\Digha Nikaya by Bhante Hye Dhammavuddho Mahathera\3_2_19\3_2_19.json","frontendoptimised2\downloads\Digha Nikaya by Bhante Hye Dhammavuddho Mahathera\3_2_19\3_2_19.mp4","frontendoptimised2\downloads\Digha Nikaya by Bhante Hye Dhammavuddho Mahathera\3_2_19\3_2_19.en.srt","","12","COUNT ISFIXEDSIZE ISREADONLY ISSYNCHRONIZED LENGTH LONGLENGTH MP4 RANK SC SRT SYNCROOT TRN","1786962867956"
"DN 3.4.36","DN 3.4.36","DN","Digha Nikaya","3_4_36","RAW","85","False","False","True","False","False","False","True","True","False","False","False","","","https://suttacentral.net/dn3","Count IsFixedSize IsReadOnly IsSynchronized Length LongLength Rank SyncRoot","frontendoptimised2\downloads\Digha Nikaya by Bhante Hye Dhammavuddho Mahathera\3_4_36\3_4_36.json","frontendoptimised2\downloads\Digha Nikaya by Bhante Hye Dhammavuddho Mahathera\3_4_36\3_4_36.mp4","frontendoptimised2\downloads\Digha Nikaya by Bhante Hye Dhammavuddho Mahathera\3_4_36\3_4_36.en.srt","","12","COUNT ISFIXEDSIZE ISREADONLY ISSYNCHRONIZED LENGTH LONGLENGTH MP4 RANK SC SRT SYNCROOT TRN","1786962868314"
"DN 3.4.42","DN 3.4.42","DN","Digha Nikaya","3_4_42","RAW","85","False","False","True","False","False","False","True","True","False","False","False","","","https://suttacentral.net/dn3","Count IsFixedSize IsReadOnly IsSynchronized Length LongLength Rank SyncRoot","frontendoptimised2\downloads\Digha Nikaya by Bhante Hye Dhammavuddho Mahathera\3_4_42\3_4_42.json","frontendoptimised2\downloads\Digha Nikaya by Bhante Hye Dhammavuddho Mahathera\3_4_42\3_4_42.mp4","frontendoptimised2\downloads\Digha Nikaya by Bhante Hye Dhammavuddho Mahathera\3_4_42\3_4_42.en.srt","","12","COUNT ISFIXEDSIZE ISREADONLY ISSYNCHRONIZED LENGTH LONGLENGTH MP4 RANK SC SRT SYNCROOT TRN","1786962868367"
"DN 3.5.47","DN 3.5.47","DN","Digha Nikaya","3_5_47","RAW","85","False","False","True","False","False","False","True","True","False","False","False","","","https://suttacentral.net/dn3","Count IsFixedSize IsReadOnly IsSynchronized Length LongLength Rank SyncRoot","frontendoptimised2\downloads\Digha Nikaya by Bhante Hye Dhammavuddho Mahathera\3_5_47\3_5_47.json","frontendoptimised2\downloads\Digha Nikaya by Bhante Hye Dhammavuddho Mahathera\3_5_47\3_5_47.mp4","frontendoptimised2\downloads\Digha Nikaya by Bhante Hye Dhammavuddho Mahathera\3_5_47\3_5_47.en.srt","","12","COUNT ISFIXEDSIZE ISREADONLY ISSYNCHRONIZED LENGTH LONGLENGTH MP4 RANK SC SRT SYNCROOT TRN","1786962868444"
"DN 3.7.68","DN 3.7.68","DN","Digha Nikaya","3_7_68","RAW","85","False","False","True","False","False","False","True","True","False","False","False","","","https://suttacentral.net/dn3","Count IsFixedSize IsReadOnly IsSynchronized Length LongLength Rank SyncRoot","frontendoptimised2\downloads\Digha Nikaya by Bhante Hye Dhammavuddho Mahathera\3_7_68\3_7_68.json","frontendoptimised2\downloads\Digha Nikaya by Bhante Hye Dhammavuddho Mahathera\3_7_68\3_7_68.mp4","frontendoptimised2\downloads\Digha Nikaya by Bhante Hye Dhammavuddho Mahathera\3_7_68\3_7_68.en.srt","","12","COUNT ISFIXEDSIZE ISREADONLY ISSYNCHRONIZED LENGTH LONGLENGTH MP4 RANK SC SRT SYNCROOT TRN","1786962868501"
"DN 3.8.79","DN 3.8.79","DN","Digha Nikaya","3_8_79","RAW","85","False","False","True","False","False","False","True","True","False","False","False","","","https://suttacentral.net/dn3","Count IsFixedSize IsReadOnly IsSynchronized Length LongLength Rank SyncRoot","frontendoptimised2\downloads\Digha Nikaya by Bhante Hye Dhammavuddho Mahathera\3_8_79\3_8_79.json","frontendoptimised2\downloads\Digha Nikaya by Bhante Hye Dhammavuddho Mahathera\3_8_79\3_8_79.mp4","frontendoptimised2\downloads\Digha Nikaya by Bhante Hye Dhammavuddho Mahathera\3_8_79\3_8_79.en.srt","","12","COUNT ISFIXEDSIZE ISREADONLY ISSYNCHRONIZED LENGTH LONGLENGTH MP4 RANK SC SRT SYNCROOT TRN","1786962868646"
"DN 3.9","DN 3.9","DN","Digha Nikaya","3_9","RAW","85","False","False","True","False","False","False","True","True","False","False","False","","","https://suttacentral.net/dn3","Count IsFixedSize IsReadOnly IsSynchronized Length LongLength Rank SyncRoot","frontendoptimised2\downloads\Digha Nikaya by Bhante Hye Dhammavuddho Mahathera\3_9\3_9.json","frontendoptimised2\downloads\Digha Nikaya by Bhante Hye Dhammavuddho Mahathera\3_9\3_9.mp4","frontendoptimised2\downloads\Digha Nikaya by Bhante Hye Dhammavuddho Mahathera\3_9\3_9.en.srt","","12","COUNT ISFIXEDSIZE ISREADONLY ISSYNCHRONIZED LENGTH LONGLENGTH MP4 RANK SC SRT SYNCROOT TRN","1786962868742"
"DN 3.10.99","DN 3.10.99","DN","Digha Nikaya","3_10_99","RAW","85","False","False","True","False","False","False","True","True","False","False","False","","","https://suttacentral.net/dn3","Count IsFixedSize IsReadOnly IsSynchronized Length LongLength Rank SyncRoot","frontendoptimised2\downloads\Digha Nikaya by Bhante Hye Dhammavuddho Mahathera\3_10_99\3_10_99.json","frontendoptimised2\downloads\Digha Nikaya by Bhante Hye Dhammavuddho Mahathera\3_10_99\3_10_99.mp4","frontendoptimised2\downloads\Digha Nikaya by Bhante Hye Dhammavuddho Mahathera\3_10_99\3_10_99.en.srt","","12","COUNT ISFIXEDSIZE ISREADONLY ISSYNCHRONIZED LENGTH LONGLENGTH MP4 RANK SC SRT SYNCROOT TRN","1786962867483"
"DN 3.13","DN 3.13","DN","Digha Nikaya","3_13","RAW","85","False","False","True","False","False","False","True","True","False","False","False","","","https://suttacentral.net/dn3","Count IsFixedSize IsReadOnly IsSynchronized Length LongLength Rank SyncRoot","frontendoptimised2\downloads\Digha Nikaya by Bhante Hye Dhammavuddho Mahathera\3_13\3_13.json","frontendoptimised2\downloads\Digha Nikaya by Bhante Hye Dhammavuddho Mahathera\3_13\3_13.mp4","frontendoptimised2\downloads\Digha Nikaya by Bhante Hye Dhammavuddho Mahathera\3_13\3_13.en.srt","","12","COUNT ISFIXEDSIZE ISREADONLY ISSYNCHRONIZED LENGTH LONGLENGTH MP4 RANK SC SRT SYNCROOT TRN","1786962867536"
"DN 3.13.128","DN 3.13.128","DN","Digha Nikaya","3_13_128","RAW","85","False","False","True","False","False","False","True","True","False","False","False","","","https://suttacentral.net/dn3","Count IsFixedSize IsReadOnly IsSynchronized Length LongLength Rank SyncRoot","frontendoptimised2\downloads\Digha Nikaya by Bhante Hye Dhammavuddho Mahathera\3_13_128\3_13_128.json","frontendoptimised2\downloads\Digha Nikaya by Bhante Hye Dhammavuddho Mahathera\3_13_128\3_13_128.mp4","frontendoptimised2\downloads\Digha Nikaya by Bhante Hye Dhammavuddho Mahathera\3_13_128\3_13_128.en.srt","","12","COUNT ISFIXEDSIZE ISREADONLY ISSYNCHRONIZED LENGTH LONGLENGTH MP4 RANK SC SRT SYNCROOT TRN","1786962867586"
"DN 3.13.129","DN 3.13.129","DN","Digha Nikaya","3_13_129","RAW","85","False","False","True","False","False","False","True","True","False","False","False","","","https://suttacentral.net/dn3","Count IsFixedSize IsReadOnly IsSynchronized Length LongLength Rank SyncRoot","frontendoptimised2\downloads\Digha Nikaya by Bhante Hye Dhammavuddho Mahathera\3_13_129\3_13_129.json","frontendoptimised2\downloads\Digha Nikaya by Bhante Hye Dhammavuddho Mahathera\3_13_129\3_13_129.mp4","frontendoptimised2\downloads\Digha Nikaya by Bhante Hye Dhammavuddho Mahathera\3_13_129\3_13_129.en.srt","","12","COUNT ISFIXEDSIZE ISREADONLY ISSYNCHRONIZED LENGTH LONGLENGTH MP4 RANK SC SRT SYNCROOT TRN","1786962867635"
"DN 3.18","DN 3.18","DN","Digha Nikaya","3_18","RAW","85","False","False","True","False","False","False","True","True","False","False","False","","","https://suttacentral.net/dn3","Count IsFixedSize IsReadOnly IsSynchronized Length LongLength Rank SyncRoot","frontendoptimised2\downloads\Digha Nikaya by Bhante Hye Dhammavuddho Mahathera\3_18\3_18.json","frontendoptimised2\downloads\Digha Nikaya by Bhante Hye Dhammavuddho Mahathera\3_18\3_18.mp4","frontendoptimised2\downloads\Digha Nikaya by Bhante Hye Dhammavuddho Mahathera\3_18\3_18.en.srt","","12","COUNT ISFIXEDSIZE ISREADONLY ISSYNCHRONIZED LENGTH LONGLENGTH MP4 RANK SC SRT SYNCROOT TRN","1786962867723"
"DN 3.19","DN 3.19","DN","Digha Nikaya","3_19","RAW","85","False","False","True","False","False","False","True","True","False","False","False","","","https://suttacentral.net/dn3","Count IsFixedSize IsReadOnly IsSynchronized Length LongLength Rank SyncRoot","frontendoptimised2\downloads\Digha Nikaya by Bhante Hye Dhammavuddho Mahathera\3_19\3_19.json","frontendoptimised2\downloads\Digha Nikaya by Bhante Hye Dhammavuddho Mahathera\3_19\3_19.mp4","frontendoptimised2\downloads\Digha Nikaya by Bhante Hye Dhammavuddho Mahathera\3_19\3_19.en.srt","","12","COUNT ISFIXEDSIZE ISREADONLY ISSYNCHRONIZED LENGTH LONGLENGTH MP4 RANK SC SRT SYNCROOT TRN","1786962867814"
"DN 3.20","DN 3.20","DN","Digha Nikaya","3_20","RAW","85","False","False","True","False","False","False","True","True","False","False","False","","","https://suttacentral.net/dn3","Count IsFixedSize IsReadOnly IsSynchronized Length LongLength Rank SyncRoot","frontendoptimised2\downloads\Digha Nikaya by Bhante Hye Dhammavuddho Mahathera\3_20\3_20.json","frontendoptimised2\downloads\Digha Nikaya by Bhante Hye Dhammavuddho Mahathera\3_20\3_20.mp4","frontendoptimised2\downloads\Digha Nikaya by Bhante Hye Dhammavuddho Mahathera\3_20\3_20.en.srt","","12","COUNT ISFIXEDSIZE ISREADONLY ISSYNCHRONIZED LENGTH LONGLENGTH MP4 RANK SC SRT SYNCROOT TRN","1786962868023"
"DN 3.21","DN 3.21","DN","Digha Nikaya","3_21","RAW","85","False","False","True","False","False","False","True","True","False","False","False","","","https://suttacentral.net/dn3","Count IsFixedSize IsReadOnly IsSynchronized Length LongLength Rank SyncRoot","frontendoptimised2\downloads\Digha Nikaya by Bhante Hye Dhammavuddho Mahathera\3_21\3_21.json","frontendoptimised2\downloads\Digha Nikaya by Bhante Hye Dhammavuddho Mahathera\3_21\3_21.mp4","frontendoptimised2\downloads\Digha Nikaya by Bhante Hye Dhammavuddho Mahathera\3_21\3_21.en.srt","","12","COUNT ISFIXEDSIZE ISREADONLY ISSYNCHRONIZED LENGTH LONGLENGTH MP4 RANK SC SRT SYNCROOT TRN","1786962868138"
"DN 3.24","DN 3.24","DN","Digha Nikaya","3_24","RAW","85","False","False","True","False","False","False","True","True","False","False","False","","","https://suttacentral.net/dn3","Count IsFixedSize IsReadOnly IsSynchronized Length LongLength Rank SyncRoot","frontendoptimised2\downloads\Digha Nikaya by Bhante Hye Dhammavuddho Mahathera\3_24\3_24.json","frontendoptimised2\downloads\Digha Nikaya by Bhante Hye Dhammavuddho Mahathera\3_24\3_24.mp4","frontendoptimised2\downloads\Digha Nikaya by Bhante Hye Dhammavuddho Mahathera\3_24\3_24.en.srt","","12","COUNT ISFIXEDSIZE ISREADONLY ISSYNCHRONIZED LENGTH LONGLENGTH MP4 RANK SC SRT SYNCROOT TRN","1786962868249"
"DN 3.73","DN 3.73","DN","Digha Nikaya","3_73","RAW","85","False","False","True","False","False","False","True","True","False","False","False","","","https://suttacentral.net/dn3","Count IsFixedSize IsReadOnly IsSynchronized Length LongLength Rank SyncRoot","frontendoptimised2\downloads\Digha Nikaya by Bhante Hye Dhammavuddho Mahathera\3_73\3_73.json","frontendoptimised2\downloads\Digha Nikaya by Bhante Hye Dhammavuddho Mahathera\3_73\3_73.mp4","frontendoptimised2\downloads\Digha Nikaya by Bhante Hye Dhammavuddho Mahathera\3_73\3_73.en.srt","","12","COUNT ISFIXEDSIZE ISREADONLY ISSYNCHRONIZED LENGTH LONGLENGTH MP4 RANK SC SRT SYNCROOT TRN","1786962868584"
"DN 3.85","DN 3.85","DN","Digha Nikaya","3_85","RAW","85","False","False","True","False","False","False","True","True","False","False","False","","","https://suttacentral.net/dn3","Count IsFixedSize IsReadOnly IsSynchronized Length LongLength Rank SyncRoot","frontendoptimised2\downloads\Digha Nikaya by Bhante Hye Dhammavuddho Mahathera\3_85\3_85.json","frontendoptimised2\downloads\Digha Nikaya by Bhante Hye Dhammavuddho Mahathera\3_85\3_85.mp4","frontendoptimised2\downloads\Digha Nikaya by Bhante Hye Dhammavuddho Mahathera\3_85\3_85.en.srt","","12","COUNT ISFIXEDSIZE ISREADONLY ISSYNCHRONIZED LENGTH LONGLENGTH MP4 RANK SC SRT SYNCROOT TRN","1786962868691"
"DN 4","DN 4","DN","Digha Nikaya","4","RAW","85","False","False","True","False","False","False","True","True","False","False","False","","","https://suttacentral.net/dn4","Count IsFixedSize IsReadOnly IsSynchronized Length LongLength Rank SyncRoot","Digha Nikaya by Bhante Hye Dhammavuddho Mahathera\4\4.json","Digha Nikaya by Bhante Hye Dhammavuddho Mahathera\4\4.mp4","Digha Nikaya by Bhante Hye Dhammavuddho Mahathera\4\4.en.srt","","12","COUNT ISFIXEDSIZE ISREADONLY ISSYNCHRONIZED LENGTH LONGLENGTH MP4 RANK SC SRT SYNCROOT TRN","1786962870265"
"DN 4.3.24","DN 4.3.24","DN","Digha Nikaya","4_3_24","RAW","85","False","False","True","False","False","False","True","True","False","False","False","","","https://suttacentral.net/dn4","Count IsFixedSize IsReadOnly IsSynchronized Length LongLength Rank SyncRoot","frontendoptimised2\downloads\Digha Nikaya by Bhante Hye Dhammavuddho Mahathera\4_3_24\4_3_24.json","frontendoptimised2\downloads\Digha Nikaya by Bhante Hye Dhammavuddho Mahathera\4_3_24\4_3_24.mp4","frontendoptimised2\downloads\Digha Nikaya by Bhante Hye Dhammavuddho Mahathera\4_3_24\4_3_24.en.srt","","12","COUNT ISFIXEDSIZE ISREADONLY ISSYNCHRONIZED LENGTH LONGLENGTH MP4 RANK SC SRT SYNCROOT TRN","1786962871379"
"DN 4.3.28","DN 4.3.28","DN","Digha Nikaya","4_3_28","RAW","85","False","False","True","False","False","False","True","True","False","False","False","","","https://suttacentral.net/dn4","Count IsFixedSize IsReadOnly IsSynchronized Length LongLength Rank SyncRoot","frontendoptimised2\downloads\Digha Nikaya by Bhante Hye Dhammavuddho Mahathera\4_3_28\4_3_28.json","frontendoptimised2\downloads\Digha Nikaya by Bhante Hye Dhammavuddho Mahathera\4_3_28\4_3_28.mp4","frontendoptimised2\downloads\Digha Nikaya by Bhante Hye Dhammavuddho Mahathera\4_3_28\4_3_28.en.srt","","12","COUNT ISFIXEDSIZE ISREADONLY ISSYNCHRONIZED LENGTH LONGLENGTH MP4 RANK SC SRT SYNCROOT TRN","1786962871457"
"DN 4.4.35","DN 4.4.35","DN","Digha Nikaya","4_4_35","RAW","85","False","False","True","False","False","False","True","True","False","False","False","","","https://suttacentral.net/dn4","Count IsFixedSize IsReadOnly IsSynchronized Length LongLength Rank SyncRoot","frontendoptimised2\downloads\Digha Nikaya by Bhante Hye Dhammavuddho Mahathera\4_4_35\4_4_35.json","frontendoptimised2\downloads\Digha Nikaya by Bhante Hye Dhammavuddho Mahathera\4_4_35\4_4_35.mp4","frontendoptimised2\downloads\Digha Nikaya by Bhante Hye Dhammavuddho Mahathera\4_4_35\4_4_35.en.srt","","12","COUNT ISFIXEDSIZE ISREADONLY ISSYNCHRONIZED LENGTH LONGLENGTH MP4 RANK SC SRT SYNCROOT TRN","1786962871532"
"DN 4.5.49","DN 4.5.49","DN","Digha Nikaya","4_5_49","RAW","85","False","False","True","False","False","False","True","True","False","False","False","","","https://suttacentral.net/dn4","Count IsFixedSize IsReadOnly IsSynchronized Length LongLength Rank SyncRoot","frontendoptimised2\downloads\Digha Nikaya by Bhante Hye Dhammavuddho Mahathera\4_5_49\4_5_49.json","frontendoptimised2\downloads\Digha Nikaya by Bhante Hye Dhammavuddho Mahathera\4_5_49\4_5_49.mp4","frontendoptimised2\downloads\Digha Nikaya by Bhante Hye Dhammavuddho Mahathera\4_5_49\4_5_49.en.srt","","12","COUNT ISFIXEDSIZE ISREADONLY ISSYNCHRONIZED LENGTH LONGLENGTH MP4 RANK SC SRT SYNCROOT TRN","1786962871584"
"DN 4.6","DN 4.6","DN","Digha Nikaya","4_6","RAW","85","False","False","True","False","False","False","True","True","False","False","False","","","https://suttacentral.net/dn4","Count IsFixedSize IsReadOnly IsSynchronized Length LongLength Rank SyncRoot","frontendoptimised2\downloads\Digha Nikaya by Bhante Hye Dhammavuddho Mahathera\4_6\4_6.json","frontendoptimised2\downloads\Digha Nikaya by Bhante Hye Dhammavuddho Mahathera\4_6\4_6.mp4","frontendoptimised2\downloads\Digha Nikaya by Bhante Hye Dhammavuddho Mahathera\4_6\4_6.en.srt","","12","COUNT ISFIXEDSIZE ISREADONLY ISSYNCHRONIZED LENGTH LONGLENGTH MP4 RANK SC SRT SYNCROOT TRN","1786962871643"
"DN 4.6.5","DN 4.6.5","DN","Digha Nikaya","4_6_5","RAW","85","False","False","True","False","False","False","True","True","False","False","False","","","https://suttacentral.net/dn4","Count IsFixedSize IsReadOnly IsSynchronized Length LongLength Rank SyncRoot","frontendoptimised2\downloads\Digha Nikaya by Bhante Hye Dhammavuddho Mahathera\4_6_5\4_6_5.json","frontendoptimised2\downloads\Digha Nikaya by Bhante Hye Dhammavuddho Mahathera\4_6_5\4_6_5.mp4","frontendoptimised2\downloads\Digha Nikaya by Bhante Hye Dhammavuddho Mahathera\4_6_5\4_6_5.en.srt","","12","COUNT ISFIXEDSIZE ISREADONLY ISSYNCHRONIZED LENGTH LONGLENGTH MP4 RANK SC SRT SYNCROOT TRN","1786962871745"
"DN 4.7","DN 4.7","DN","Digha Nikaya","4_7","RAW","85","False","False","True","False","False","False","True","True","False","False","False","","","https://suttacentral.net/dn4","Count IsFixedSize IsReadOnly IsSynchronized Length LongLength Rank SyncRoot","frontendoptimised2\downloads\Digha Nikaya by Bhante Hye Dhammavuddho Mahathera\4_7\4_7.json","frontendoptimised2\downloads\Digha Nikaya by Bhante Hye Dhammavuddho Mahathera\4_7\4_7.mp4","frontendoptimised2\downloads\Digha Nikaya by Bhante Hye Dhammavuddho Mahathera\4_7\4_7.en.srt","","12","COUNT ISFIXEDSIZE ISREADONLY ISSYNCHRONIZED LENGTH LONGLENGTH MP4 RANK SC SRT SYNCROOT TRN","1786962871784"
"DN 4.7.70","DN 4.7.70","DN","Digha Nikaya","4_7_70","RAW","85","False","False","True","False","False","False","True","True","False","False","False","","","https://suttacentral.net/dn4","Count IsFixedSize IsReadOnly IsSynchronized Length LongLength Rank SyncRoot","frontendoptimised2\downloads\Digha Nikaya by Bhante Hye Dhammavuddho Mahathera\4_7_70\4_7_70.json","frontendoptimised2\downloads\Digha Nikaya by Bhante Hye Dhammavuddho Mahathera\4_7_70\4_7_70.mp4","frontendoptimised2\downloads\Digha Nikaya by Bhante Hye Dhammavuddho Mahathera\4_7_70\4_7_70.en.srt","","12","COUNT ISFIXEDSIZE ISREADONLY ISSYNCHRONIZED LENGTH LONGLENGTH MP4 RANK SC SRT SYNCROOT TRN","1786962871828"
"DN 4.8","Hindrances","DN","Digha Nikaya","4_8","RAW","85","False","False","True","False","False","False","True","True","False","False","False","","","https://suttacentral.net/dn4","Count IsFixedSize IsReadOnly IsSynchronized Length LongLength Rank SyncRoot","frontendoptimised2\downloads\Digha Nikaya by Bhante Hye Dhammavuddho Mahathera\4_8\4_8.json","frontendoptimised2\downloads\Digha Nikaya by Bhante Hye Dhammavuddho Mahathera\4_8\4_8.mp4","frontendoptimised2\downloads\Digha Nikaya by Bhante Hye Dhammavuddho Mahathera\4_8\4_8.en.srt","","12","COUNT ISFIXEDSIZE ISREADONLY ISSYNCHRONIZED LENGTH LONGLENGTH MP4 RANK SC SRT SYNCROOT TRN","1786962871943"
"DN 4.9","DN 4.9","DN","Digha Nikaya","4_9","RAW","85","False","False","True","False","False","False","True","True","False","False","False","","","https://suttacentral.net/dn4","Count IsFixedSize IsReadOnly IsSynchronized Length LongLength Rank SyncRoot","frontendoptimised2\downloads\Digha Nikaya by Bhante Hye Dhammavuddho Mahathera\4_9\4_9.json","frontendoptimised2\downloads\Digha Nikaya by Bhante Hye Dhammavuddho Mahathera\4_9\4_9.mp4","frontendoptimised2\downloads\Digha Nikaya by Bhante Hye Dhammavuddho Mahathera\4_9\4_9.en.srt","","12","COUNT ISFIXEDSIZE ISREADONLY ISSYNCHRONIZED LENGTH LONGLENGTH MP4 RANK SC SRT SYNCROOT TRN","1786962871993"
"DN 4.9.87","DN 4.9.87","DN","Digha Nikaya","4_9_87","RAW","85","False","False","True","False","False","False","True","True","False","False","False","","","https://suttacentral.net/dn4","Count IsFixedSize IsReadOnly IsSynchronized Length LongLength Rank SyncRoot","frontendoptimised2\downloads\Digha Nikaya by Bhante Hye Dhammavuddho Mahathera\4_9_87\4_9_87.json","frontendoptimised2\downloads\Digha Nikaya by Bhante Hye Dhammavuddho Mahathera\4_9_87\4_9_87.mp4","frontendoptimised2\downloads\Digha Nikaya by Bhante Hye Dhammavuddho Mahathera\4_9_87\4_9_87.en.srt","","12","COUNT ISFIXEDSIZE ISREADONLY ISSYNCHRONIZED LENGTH LONGLENGTH MP4 RANK SC SRT SYNCROOT TRN","1786962872041"
"DN 4.9.89","DN 4.9.89","DN","Digha Nikaya","4_9_89","RAW","85","False","False","True","False","False","False","True","True","False","False","False","","","https://suttacentral.net/dn4","Count IsFixedSize IsReadOnly IsSynchronized Length LongLength Rank SyncRoot","frontendoptimised2\downloads\Digha Nikaya by Bhante Hye Dhammavuddho Mahathera\4_9_89\4_9_89.json","frontendoptimised2\downloads\Digha Nikaya by Bhante Hye Dhammavuddho Mahathera\4_9_89\4_9_89.mp4","frontendoptimised2\downloads\Digha Nikaya by Bhante Hye Dhammavuddho Mahathera\4_9_89\4_9_89.en.srt","","12","COUNT ISFIXEDSIZE ISREADONLY ISSYNCHRONIZED LENGTH LONGLENGTH MP4 RANK SC SRT SYNCROOT TRN","1786962872084"
"DN 4.17","DN 4.17","DN","Digha Nikaya","4_17","RAW","85","False","False","True","False","False","False","True","True","False","False","False","","","https://suttacentral.net/dn4","Count IsFixedSize IsReadOnly IsSynchronized Length LongLength Rank SyncRoot","frontendoptimised2\downloads\Digha Nikaya by Bhante Hye Dhammavuddho Mahathera\4_17\4_17.json","frontendoptimised2\downloads\Digha Nikaya by Bhante Hye Dhammavuddho Mahathera\4_17\4_17.mp4","frontendoptimised2\downloads\Digha Nikaya by Bhante Hye Dhammavuddho Mahathera\4_17\4_17.en.srt","","12","COUNT ISFIXEDSIZE ISREADONLY ISSYNCHRONIZED LENGTH LONGLENGTH MP4 RANK SC SRT SYNCROOT TRN","1786962870382"
"DN 4.18","Bhayabherava Sutta","DN","Digha Nikaya","4_18","COMPLETE","100","True","True","True","True","True","False","True","True","False","True","False","","","https://suttacentral.net/mn4","Count en IsFixedSize IsReadOnly IsSynchronized Length LongLength Rank SyncRoot","frontendoptimised2\downloads\Digha Nikaya by Bhante Hye Dhammavuddho Mahathera\4_18\4.json","frontendoptimised2\downloads\Digha Nikaya by Bhante Hye Dhammavuddho Mahathera\4_18\4_18.mp4","frontendoptimised2\downloads\Digha Nikaya by Bhante Hye Dhammavuddho Mahathera\4_18\4_18.en.srt","","17","COM COUNT EN ISFIXEDSIZE ISREADONLY ISSYNCHRONIZED KG LENGTH LONGLENGTH MP4 QZ RANK SC SRT SYNCROOT TRN TXT","1786962870486"
"DN 4.20","DN 4.20","DN","Digha Nikaya","4_20","RAW","85","False","False","True","False","False","False","True","True","False","False","False","","","https://suttacentral.net/dn4","Count IsFixedSize IsReadOnly IsSynchronized Length LongLength Rank SyncRoot","frontendoptimised2\downloads\Digha Nikaya by Bhante Hye Dhammavuddho Mahathera\4_20\4_20.json","frontendoptimised2\downloads\Digha Nikaya by Bhante Hye Dhammavuddho Mahathera\4_20\4_20.mp4","frontendoptimised2\downloads\Digha Nikaya by Bhante Hye Dhammavuddho Mahathera\4_20\4_20.en.srt","","12","COUNT ISFIXEDSIZE ISREADONLY ISSYNCHRONIZED LENGTH LONGLENGTH MP4 RANK SC SRT SYNCROOT TRN","1786962870792"
"DN 4.22","DN 4.22","DN","Digha Nikaya","4_22","RAW","85","False","False","True","False","False","False","True","True","False","False","False","","","https://suttacentral.net/dn4","Count IsFixedSize IsReadOnly IsSynchronized Length LongLength Rank SyncRoot","frontendoptimised2\downloads\Digha Nikaya by Bhante Hye Dhammavuddho Mahathera\4_22\4_22.json","frontendoptimised2\downloads\Digha Nikaya by Bhante Hye Dhammavuddho Mahathera\4_22\4_22.mp4","frontendoptimised2\downloads\Digha Nikaya by Bhante Hye Dhammavuddho Mahathera\4_22\4_22.en.srt","","12","COUNT ISFIXEDSIZE ISREADONLY ISSYNCHRONIZED LENGTH LONGLENGTH MP4 RANK SC SRT SYNCROOT TRN","1786962870846"
"DN 4.23","DN 4.23","DN","Digha Nikaya","4_23","RAW","85","False","False","True","False","False","False","True","True","False","False","False","","","https://suttacentral.net/dn4","Count IsFixedSize IsReadOnly IsSynchronized Length LongLength Rank SyncRoot","frontendoptimised2\downloads\Digha Nikaya by Bhante Hye Dhammavuddho Mahathera\4_23\4_23.json","frontendoptimised2\downloads\Digha Nikaya by Bhante Hye Dhammavuddho Mahathera\4_23\4_23.mp4","frontendoptimised2\downloads\Digha Nikaya by Bhante Hye Dhammavuddho Mahathera\4_23\4_23.en.srt","","12","COUNT ISFIXEDSIZE ISREADONLY ISSYNCHRONIZED LENGTH LONGLENGTH MP4 RANK SC SRT SYNCROOT TRN","1786962870904"
"DN 4.24","DN 4.24","DN","Digha Nikaya","4_24","RAW","85","False","False","True","False","False","False","True","True","False","False","False","","","https://suttacentral.net/dn4","Count IsFixedSize IsReadOnly IsSynchronized Length LongLength Rank SyncRoot","frontendoptimised2\downloads\Digha Nikaya by Bhante Hye Dhammavuddho Mahathera\4_24\4_24.json","frontendoptimised2\downloads\Digha Nikaya by Bhante Hye Dhammavuddho Mahathera\4_24\4_24.mp4","frontendoptimised2\downloads\Digha Nikaya by Bhante Hye Dhammavuddho Mahathera\4_24\4_24.en.srt","","12","COUNT ISFIXEDSIZE ISREADONLY ISSYNCHRONIZED LENGTH LONGLENGTH MP4 RANK SC SRT SYNCROOT TRN","1786962870947"
"DN 4.25","DN 4.25","DN","Digha Nikaya","4_25","RAW","85","False","False","True","False","False","False","True","True","False","False","False","","","https://suttacentral.net/dn4","Count IsFixedSize IsReadOnly IsSynchronized Length LongLength Rank SyncRoot","frontendoptimised2\downloads\Digha Nikaya by Bhante Hye Dhammavuddho Mahathera\4_25\4_25.json","frontendoptimised2\downloads\Digha Nikaya by Bhante Hye Dhammavuddho Mahathera\4_25\4_25.mp4","frontendoptimised2\downloads\Digha Nikaya by Bhante Hye Dhammavuddho Mahathera\4_25\4_25.en.srt","","12","COUNT ISFIXEDSIZE ISREADONLY ISSYNCHRONIZED LENGTH LONGLENGTH MP4 RANK SC SRT SYNCROOT TRN","1786962871050"
"DN 4.25.244","DN 4.25.244","DN","Digha Nikaya","4_25_244","RAW","85","False","False","True","False","False","False","True","True","False","False","False","","","https://suttacentral.net/dn4","Count IsFixedSize IsReadOnly IsSynchronized Length LongLength Rank SyncRoot","frontendoptimised2\downloads\Digha Nikaya by Bhante Hye Dhammavuddho Mahathera\4_25_244\4_25_244.json","frontendoptimised2\downloads\Digha Nikaya by Bhante Hye Dhammavuddho Mahathera\4_25_244\4_25_244.mp4","frontendoptimised2\downloads\Digha Nikaya by Bhante Hye Dhammavuddho Mahathera\4_25_244\4_25_244.en.srt","","12","COUNT ISFIXEDSIZE ISREADONLY ISSYNCHRONIZED LENGTH LONGLENGTH MP4 RANK SC SRT SYNCROOT TRN","1786962871104"
"DN 4.25.245","DN 4.25.245","DN","Digha Nikaya","4_25_245","RAW","85","False","False","True","False","False","False","True","True","False","False","False","","","https://suttacentral.net/dn4","Count IsFixedSize IsReadOnly IsSynchronized Length LongLength Rank SyncRoot","frontendoptimised2\downloads\Digha Nikaya by Bhante Hye Dhammavuddho Mahathera\4_25_245\4_25_245.json","frontendoptimised2\downloads\Digha Nikaya by Bhante Hye Dhammavuddho Mahathera\4_25_245\4_25_245.mp4","frontendoptimised2\downloads\Digha Nikaya by Bhante Hye Dhammavuddho Mahathera\4_25_245\4_25_245.en.srt","","12","COUNT ISFIXEDSIZE ISREADONLY ISSYNCHRONIZED LENGTH LONGLENGTH MP4 RANK SC SRT SYNCROOT TRN","1786962871237"
"DN 4.27.261","DN 4.27.261","DN","Digha Nikaya","4_27_261","RAW","85","False","False","True","False","False","False","True","True","False","False","False","","","https://suttacentral.net/dn4","Count IsFixedSize IsReadOnly IsSynchronized Length LongLength Rank SyncRoot","frontendoptimised2\downloads\Digha Nikaya by Bhante Hye Dhammavuddho Mahathera\4_27_261\4_27_261.json","frontendoptimised2\downloads\Digha Nikaya by Bhante Hye Dhammavuddho Mahathera\4_27_261\4_27_261.mp4","frontendoptimised2\downloads\Digha Nikaya by Bhante Hye Dhammavuddho Mahathera\4_27_261\4_27_261.en.srt","","12","COUNT ISFIXEDSIZE ISREADONLY ISSYNCHRONIZED LENGTH LONGLENGTH MP4 RANK SC SRT SYNCROOT TRN","1786962871331"
"DN 4.100","DN 4.100","DN","Digha Nikaya","4_100","RAW","85","False","False","True","False","False","False","True","True","False","False","False","","","https://suttacentral.net/dn4","Count IsFixedSize IsReadOnly IsSynchronized Length LongLength Rank SyncRoot","frontendoptimised2\downloads\Digha Nikaya by Bhante Hye Dhammavuddho Mahathera\4_100\4_100.json","frontendoptimised2\downloads\Digha Nikaya by Bhante Hye Dhammavuddho Mahathera\4_100\4_100.mp4","frontendoptimised2\downloads\Digha Nikaya by Bhante Hye Dhammavuddho Mahathera\4_100\4_100.en.srt","","12","COUNT ISFIXEDSIZE ISREADONLY ISSYNCHRONIZED LENGTH LONGLENGTH MP4 RANK SC SRT SYNCROOT TRN","1786962870316"
"DN 4.170","DN 4.170","DN","Digha Nikaya","4_170","RAW","85","False","False","True","False","False","False","True","True","False","False","False","","","https://suttacentral.net/dn4","Count IsFixedSize IsReadOnly IsSynchronized Length LongLength Rank SyncRoot","frontendoptimised2\downloads\Digha Nikaya by Bhante Hye Dhammavuddho Mahathera\4_170\4_170.json","frontendoptimised2\downloads\Digha Nikaya by Bhante Hye Dhammavuddho Mahathera\4_170\4_170.mp4","frontendoptimised2\downloads\Digha Nikaya by Bhante Hye Dhammavuddho Mahathera\4_170\4_170.en.srt","","12","COUNT ISFIXEDSIZE ISREADONLY ISSYNCHRONIZED LENGTH LONGLENGTH MP4 RANK SC SRT SYNCROOT TRN","1786962870431"
"DN 4.180","DN 4.180","DN","Digha Nikaya","4_180","RAW","85","False","False","True","False","False","False","True","True","False","False","False","","","https://suttacentral.net/dn4","Count IsFixedSize IsReadOnly IsSynchronized Length LongLength Rank SyncRoot","frontendoptimised2\downloads\Digha Nikaya by Bhante Hye Dhammavuddho Mahathera\4_180\4_180.json","frontendoptimised2\downloads\Digha Nikaya by Bhante Hye Dhammavuddho Mahathera\4_180\4_180.mp4","frontendoptimised2\downloads\Digha Nikaya by Bhante Hye Dhammavuddho Mahathera\4_180\4_180.en.srt","","12","COUNT ISFIXEDSIZE ISREADONLY ISSYNCHRONIZED LENGTH LONGLENGTH MP4 RANK SC SRT SYNCROOT TRN","1786962870743"
"DN 5.1.1","Kūṭadanta Sutta","DN","Digha Nikaya","5_1_1","RAW","60","True","True","True","True","True","False","False","False","False","False","False","","","https://suttacentral.net/dn5","Count IsFixedSize IsReadOnly IsSynchronized Length LongLength Rank SyncRoot","frontendoptimised2\downloads\Digha Nikaya by Bhante Hye Dhammavuddho Mahathera\5_1_1\5_1_1.json","","","","14","COM COUNT ISFIXEDSIZE ISREADONLY ISSYNCHRONIZED KG LENGTH LONGLENGTH QZ RANK SC SYNCROOT TRN TXT","1786962872091"
"DN 6","DN 6","DN","Digha Nikaya","6","RAW","85","False","False","True","False","False","False","True","True","False","False","False","","","https://suttacentral.net/dn6","Count IsFixedSize IsReadOnly IsSynchronized Length LongLength Rank SyncRoot","Digha Nikaya by Bhante Hye Dhammavuddho Mahathera\6\6.json","Digha Nikaya by Bhante Hye Dhammavuddho Mahathera\6\6.mp4","Digha Nikaya by Bhante Hye Dhammavuddho Mahathera\6\6.en.srt","","12","COUNT ISFIXEDSIZE ISREADONLY ISSYNCHRONIZED LENGTH LONGLENGTH MP4 RANK SC SRT SYNCROOT TRN","1786962872379"
"DN 6.9","DN 6.9","DN","Digha Nikaya","6_9","RAW","85","False","False","True","False","False","False","True","True","False","False","False","","","https://suttacentral.net/dn6","Count IsFixedSize IsReadOnly IsSynchronized Length LongLength Rank SyncRoot","frontendoptimised2\downloads\Digha Nikaya by Bhante Hye Dhammavuddho Mahathera\6_9\6_9.json","frontendoptimised2\downloads\Digha Nikaya by Bhante Hye Dhammavuddho Mahathera\6_9\6_9.mp4","frontendoptimised2\downloads\Digha Nikaya by Bhante Hye Dhammavuddho Mahathera\6_9\6_9.en.srt","","12","COUNT ISFIXEDSIZE ISREADONLY ISSYNCHRONIZED LENGTH LONGLENGTH MP4 RANK SC SRT SYNCROOT TRN","1786962872518"
"DN 6.29","DN 6.29","DN","Digha Nikaya","6_29","RAW","85","False","False","True","False","False","False","True","True","False","False","False","","","https://suttacentral.net/dn6","Count IsFixedSize IsReadOnly IsSynchronized Length LongLength Rank SyncRoot","frontendoptimised2\downloads\Digha Nikaya by Bhante Hye Dhammavuddho Mahathera\6_29\6_29.json","frontendoptimised2\downloads\Digha Nikaya by Bhante Hye Dhammavuddho Mahathera\6_29\6_29.mp4","frontendoptimised2\downloads\Digha Nikaya by Bhante Hye Dhammavuddho Mahathera\6_29\6_29.en.srt","","12","COUNT ISFIXEDSIZE ISREADONLY ISSYNCHRONIZED LENGTH LONGLENGTH MP4 RANK SC SRT SYNCROOT TRN","1786962872428"
"DN 9","DN 9","DN","Digha Nikaya","9","RAW","85","False","False","True","False","False","False","True","True","False","False","False","","","https://suttacentral.net/dn9","Count IsFixedSize IsReadOnly IsSynchronized Length LongLength Rank SyncRoot","Digha Nikaya by Bhante Hye Dhammavuddho Mahathera\9\9.json","Digha Nikaya by Bhante Hye Dhammavuddho Mahathera\9\9.mp4","Digha Nikaya by Bhante Hye Dhammavuddho Mahathera\9\9.en.srt","","12","COUNT ISFIXEDSIZE ISREADONLY ISSYNCHRONIZED LENGTH LONGLENGTH MP4 RANK SC SRT SYNCROOT TRN","1786962872958"
"DN 11","DN 11","DN","Digha Nikaya","11","RAW","85","False","False","True","False","False","False","True","True","False","False","False","","","https://suttacentral.net/dn11","Count IsFixedSize IsReadOnly IsSynchronized Length LongLength Rank SyncRoot","Digha Nikaya by Bhante Hye Dhammavuddho Mahathera\11\11.json","Digha Nikaya by Bhante Hye Dhammavuddho Mahathera\11\11.mp4","Digha Nikaya by Bhante Hye Dhammavuddho Mahathera\11\11.en.srt","","12","COUNT ISFIXEDSIZE ISREADONLY ISSYNCHRONIZED LENGTH LONGLENGTH MP4 RANK SC SRT SYNCROOT TRN","1786962860632"
"DN 13","DN 13","DN","Digha Nikaya","13","RAW","85","False","False","True","False","False","False","True","True","False","False","False","","","https://suttacentral.net/dn13","Count IsFixedSize IsReadOnly IsSynchronized Length LongLength Rank SyncRoot","Digha Nikaya by Bhante Hye Dhammavuddho Mahathera\13\13.json","Digha Nikaya by Bhante Hye Dhammavuddho Mahathera\13\13.mp4","Digha Nikaya by Bhante Hye Dhammavuddho Mahathera\13\13.en.srt","","12","COUNT ISFIXEDSIZE ISREADONLY ISSYNCHRONIZED LENGTH LONGLENGTH MP4 RANK SC SRT SYNCROOT TRN","1786962860898"
"DN 13.7","DN 13.7","DN","Digha Nikaya","13_7","RAW","85","False","False","True","False","False","False","True","True","False","False","False","","","https://suttacentral.net/dn13","Count IsFixedSize IsReadOnly IsSynchronized Length LongLength Rank SyncRoot","frontendoptimised2\downloads\Digha Nikaya by Bhante Hye Dhammavuddho Mahathera\13_7\13_7.json","frontendoptimised2\downloads\Digha Nikaya by Bhante Hye Dhammavuddho Mahathera\13_7\13_7.mp4","frontendoptimised2\downloads\Digha Nikaya by Bhante Hye Dhammavuddho Mahathera\13_7\13_7.en.srt","","12","COUNT ISFIXEDSIZE ISREADONLY ISSYNCHRONIZED LENGTH LONGLENGTH MP4 RANK SC SRT SYNCROOT TRN","1786962860963"
"DN 14","DN 14","DN","Digha Nikaya","14","RAW","85","False","False","True","False","False","False","True","True","False","False","False","","","https://suttacentral.net/dn14","Count IsFixedSize IsReadOnly IsSynchronized Length LongLength Rank SyncRoot","Digha Nikaya by Bhante Hye Dhammavuddho Mahathera\14\14.json","Digha Nikaya by Bhante Hye Dhammavuddho Mahathera\14\14.mp4","Digha Nikaya by Bhante Hye Dhammavuddho Mahathera\14\14.en.srt","","12","COUNT ISFIXEDSIZE ISREADONLY ISSYNCHRONIZED LENGTH LONGLENGTH MP4 RANK SC SRT SYNCROOT TRN","1786962861373"
"DN 15","DN 15","DN","Digha Nikaya","15","RAW","85","False","False","True","False","False","False","True","True","False","False","False","","","https://suttacentral.net/dn15","Count IsFixedSize IsReadOnly IsSynchronized Length LongLength Rank SyncRoot","Digha Nikaya by Bhante Hye Dhammavuddho Mahathera\15\15.json","Digha Nikaya by Bhante Hye Dhammavuddho Mahathera\15\15.mp4","Digha Nikaya by Bhante Hye Dhammavuddho Mahathera\15\15.en.srt","","12","COUNT ISFIXEDSIZE ISREADONLY ISSYNCHRONIZED LENGTH LONGLENGTH MP4 RANK SC SRT SYNCROOT TRN","1786962861678"
"DN 16","DN 16","DN","Digha Nikaya","16","RAW","85","False","False","True","False","False","False","True","True","False","False","False","","","https://suttacentral.net/dn16","Count IsFixedSize IsReadOnly IsSynchronized Length LongLength Rank SyncRoot","Digha Nikaya by Bhante Hye Dhammavuddho Mahathera\16\16.json","Digha Nikaya by Bhante Hye Dhammavuddho Mahathera\16\16.mp4","Digha Nikaya by Bhante Hye Dhammavuddho Mahathera\16\16.en.srt","","12","COUNT ISFIXEDSIZE ISREADONLY ISSYNCHRONIZED LENGTH LONGLENGTH MP4 RANK SC SRT SYNCROOT TRN","1786962862071"
"DN 17","DN 17","DN","Digha Nikaya","17","RAW","85","False","False","True","False","False","False","True","True","False","False","False","","","https://suttacentral.net/dn17","Count IsFixedSize IsReadOnly IsSynchronized Length LongLength Rank SyncRoot","Digha Nikaya by Bhante Hye Dhammavuddho Mahathera\17\17.json","Digha Nikaya by Bhante Hye Dhammavuddho Mahathera\17\17.mp4","Digha Nikaya by Bhante Hye Dhammavuddho Mahathera\17\17.en.srt","","12","COUNT ISFIXEDSIZE ISREADONLY ISSYNCHRONIZED LENGTH LONGLENGTH MP4 RANK SC SRT SYNCROOT TRN","1786962862639"
"DN 19","DN 19","DN","Digha Nikaya","19","RAW","85","False","False","True","False","False","False","True","True","False","False","False","","","https://suttacentral.net/dn19","Count IsFixedSize IsReadOnly IsSynchronized Length LongLength Rank SyncRoot","Digha Nikaya by Bhante Hye Dhammavuddho Mahathera\19\19.json","Digha Nikaya by Bhante Hye Dhammavuddho Mahathera\19\19.mp4","Digha Nikaya by Bhante Hye Dhammavuddho Mahathera\19\19.en.srt","","12","COUNT ISFIXEDSIZE ISREADONLY ISSYNCHRONIZED LENGTH LONGLENGTH MP4 RANK SC SRT SYNCROOT TRN","1786962863027"
"DN 21","DN 21","DN","Digha Nikaya","21","RAW","85","False","False","True","False","False","False","True","True","False","False","False","","","https://suttacentral.net/dn21","Count IsFixedSize IsReadOnly IsSynchronized Length LongLength Rank SyncRoot","Digha Nikaya by Bhante Hye Dhammavuddho Mahathera\21\21.json","Digha Nikaya by Bhante Hye Dhammavuddho Mahathera\21\21.mp4","Digha Nikaya by Bhante Hye Dhammavuddho Mahathera\21\21.en.srt","","12","COUNT ISFIXEDSIZE ISREADONLY ISSYNCHRONIZED LENGTH LONGLENGTH MP4 RANK SC SRT SYNCROOT TRN","1786962864592"
"DN 22","DN 22","DN","Digha Nikaya","22","RAW","85","False","False","True","False","False","False","True","True","False","False","False","","","https://suttacentral.net/dn22","Count IsFixedSize IsReadOnly IsSynchronized Length LongLength Rank SyncRoot","Digha Nikaya by Bhante Hye Dhammavuddho Mahathera\22\22.json","Digha Nikaya by Bhante Hye Dhammavuddho Mahathera\22\22.mp4","Digha Nikaya by Bhante Hye Dhammavuddho Mahathera\22\22.en.srt","","12","COUNT ISFIXEDSIZE ISREADONLY ISSYNCHRONIZED LENGTH LONGLENGTH MP4 RANK SC SRT SYNCROOT TRN","1786962865110"
"DN 23","DN 23","DN","Digha Nikaya","23","RAW","85","False","False","True","False","False","False","True","True","False","False","False","","","https://suttacentral.net/dn23","Count IsFixedSize IsReadOnly IsSynchronized Length LongLength Rank SyncRoot","Digha Nikaya by Bhante Hye Dhammavuddho Mahathera\23\23.json","Digha Nikaya by Bhante Hye Dhammavuddho Mahathera\23\23.mp4","Digha Nikaya by Bhante Hye Dhammavuddho Mahathera\23\23.en.srt","","12","COUNT ISFIXEDSIZE ISREADONLY ISSYNCHRONIZED LENGTH LONGLENGTH MP4 RANK SC SRT SYNCROOT TRN","1786962865524"
"DN 24","DN 24","DN","Digha Nikaya","24","RAW","85","False","False","True","False","False","False","True","True","False","False","False","","","https://suttacentral.net/dn24","Count IsFixedSize IsReadOnly IsSynchronized Length LongLength Rank SyncRoot","Digha Nikaya by Bhante Hye Dhammavuddho Mahathera\24\24.json","Digha Nikaya by Bhante Hye Dhammavuddho Mahathera\24\24.mp4","Digha Nikaya by Bhante Hye Dhammavuddho Mahathera\24\24.en.srt","","12","COUNT ISFIXEDSIZE ISREADONLY ISSYNCHRONIZED LENGTH LONGLENGTH MP4 RANK SC SRT SYNCROOT TRN","1786962865935"
"DN 25","DN 25","DN","Digha Nikaya","25","RAW","85","False","False","True","False","False","False","True","True","False","False","False","","","https://suttacentral.net/dn25","Count IsFixedSize IsReadOnly IsSynchronized Length LongLength Rank SyncRoot","Digha Nikaya by Bhante Hye Dhammavuddho Mahathera\25\25.json","Digha Nikaya by Bhante Hye Dhammavuddho Mahathera\25\25.mp4","Digha Nikaya by Bhante Hye Dhammavuddho Mahathera\25\25.en.srt","","12","COUNT ISFIXEDSIZE ISREADONLY ISSYNCHRONIZED LENGTH LONGLENGTH MP4 RANK SC SRT SYNCROOT TRN","1786962866344"
"DN 27","DN 27","DN","Digha Nikaya","27","RAW","85","False","False","True","False","False","False","True","True","False","False","False","","","https://suttacentral.net/dn27","Count IsFixedSize IsReadOnly IsSynchronized Length LongLength Rank SyncRoot","Digha Nikaya by Bhante Hye Dhammavuddho Mahathera\27\27.json","Digha Nikaya by Bhante Hye Dhammavuddho Mahathera\27\27.mp4","Digha Nikaya by Bhante Hye Dhammavuddho Mahathera\27\27.en.srt","","12","COUNT ISFIXEDSIZE ISREADONLY ISSYNCHRONIZED LENGTH LONGLENGTH MP4 RANK SC SRT SYNCROOT TRN","1786962866702"
"DN 29","DN 29","DN","Digha Nikaya","29","RAW","85","False","False","True","False","False","False","True","True","False","False","False","","","https://suttacentral.net/dn29","Count IsFixedSize IsReadOnly IsSynchronized Length LongLength Rank SyncRoot","Digha Nikaya by Bhante Hye Dhammavuddho Mahathera\29\29.json","Digha Nikaya by Bhante Hye Dhammavuddho Mahathera\29\29.mp4","Digha Nikaya by Bhante Hye Dhammavuddho Mahathera\29\29.en.srt","","12","COUNT ISFIXEDSIZE ISREADONLY ISSYNCHRONIZED LENGTH LONGLENGTH MP4 RANK SC SRT SYNCROOT TRN","1786962867000"
"DN 30","DN 30","DN","Digha Nikaya","30","RAW","85","False","False","True","False","False","False","True","True","False","False","False","","","https://suttacentral.net/dn30","Count IsFixedSize IsReadOnly IsSynchronized Length LongLength Rank SyncRoot","Digha Nikaya by Bhante Hye Dhammavuddho Mahathera\30\30.json","Digha Nikaya by Bhante Hye Dhammavuddho Mahathera\30\30.mp4","Digha Nikaya by Bhante Hye Dhammavuddho Mahathera\30\30.en.srt","","12","COUNT ISFIXEDSIZE ISREADONLY ISSYNCHRONIZED LENGTH LONGLENGTH MP4 RANK SC SRT SYNCROOT TRN","1786962868960"
"DN 31","DN 31","DN","Digha Nikaya","31","RAW","85","False","False","True","False","False","False","True","True","False","False","False","","","https://suttacentral.net/dn31","Count IsFixedSize IsReadOnly IsSynchronized Length LongLength Rank SyncRoot","Digha Nikaya by Bhante Hye Dhammavuddho Mahathera\31\31.json","Digha Nikaya by Bhante Hye Dhammavuddho Mahathera\31\31.mp4","Digha Nikaya by Bhante Hye Dhammavuddho Mahathera\31\31.en.srt","","12","COUNT ISFIXEDSIZE ISREADONLY ISSYNCHRONIZED LENGTH LONGLENGTH MP4 RANK SC SRT SYNCROOT TRN","1786962869261"
"DN 33","DN 33","DN","Digha Nikaya","33","RAW","85","False","False","True","False","False","False","True","True","False","False","False","","","https://suttacentral.net/dn33","Count IsFixedSize IsReadOnly IsSynchronized Length LongLength Rank SyncRoot","Digha Nikaya by Bhante Hye Dhammavuddho Mahathera\33\33.json","Digha Nikaya by Bhante Hye Dhammavuddho Mahathera\33\33.mp4","Digha Nikaya by Bhante Hye Dhammavuddho Mahathera\33\33.en.srt","","12","COUNT ISFIXEDSIZE ISREADONLY ISSYNCHRONIZED LENGTH LONGLENGTH MP4 RANK SC SRT SYNCROOT TRN","1786962869636"
"DN 34","DN 34","DN","Digha Nikaya","34","RAW","85","False","False","True","False","False","False","True","True","False","False","False","","","https://suttacentral.net/dn34","Count IsFixedSize IsReadOnly IsSynchronized Length LongLength Rank SyncRoot","Digha Nikaya by Bhante Hye Dhammavuddho Mahathera\34\34.json","Digha Nikaya by Bhante Hye Dhammavuddho Mahathera\34\34.mp4","Digha Nikaya by Bhante Hye Dhammavuddho Mahathera\34\34.en.srt","","12","COUNT ISFIXEDSIZE ISREADONLY ISSYNCHRONIZED LENGTH LONGLENGTH MP4 RANK SC SRT SYNCROOT TRN","1786962869853"
"DN 99.9","DN 99.9","DN","Digha Nikaya","99_9","RAW","85","False","False","True","False","False","False","True","True","False","False","False","","","https://suttacentral.net/dn99","Count IsFixedSize IsReadOnly IsSynchronized Length LongLength Rank SyncRoot","frontendoptimised2\downloads\Digha Nikaya by Bhante Hye Dhammavuddho Mahathera\99_9\99_9.json","frontendoptimised2\downloads\Digha Nikaya by Bhante Hye Dhammavuddho Mahathera\99_9\99_9.mp4","frontendoptimised2\downloads\Digha Nikaya by Bhante Hye Dhammavuddho Mahathera\99_9\99_9.en.srt","","12","COUNT ISFIXEDSIZE ISREADONLY ISSYNCHRONIZED LENGTH LONGLENGTH MP4 RANK SC SRT SYNCROOT TRN","1786962873172"
"DN 99.99","DN 99.99","DN","Digha Nikaya","99_99","RAW","85","False","False","True","False","False","False","True","True","False","False","False","","","https://suttacentral.net/dn99","Count IsFixedSize IsReadOnly IsSynchronized Length LongLength Rank SyncRoot","frontendoptimised2\downloads\Digha Nikaya by Bhante Hye Dhammavuddho Mahathera\99_99\99_99.json","frontendoptimised2\downloads\Digha Nikaya by Bhante Hye Dhammavuddho Mahathera\99_99\99_99.mp4","frontendoptimised2\downloads\Digha Nikaya by Bhante Hye Dhammavuddho Mahathera\99_99\99_99.en.srt","","12","COUNT ISFIXEDSIZE ISREADONLY ISSYNCHRONIZED LENGTH LONGLENGTH MP4 RANK SC SRT SYNCROOT TRN","1786962873269"
"KN 1","Crossing the Flood & Emancipation","KN","Khuddaka Nikaya","1","RAW","60","False","False","False","False","False","False","False","False","False","False","False","","","","Count IsFixedSize IsReadOnly IsSynchronized Length LongLength Rank SyncRoot","Khuddaka Nikaya by Bhante Dhammavuddho Hye Mahathera\1\1.json","","","","8","COUNT ISFIXEDSIZE ISREADONLY ISSYNCHRONIZED LENGTH LONGLENGTH RANK SYNCROOT","1786962873280"
"KN 1.1","Abandoning Greed","KN","Khuddaka Nikaya","1_1","RAW","85","True","True","False","False","False","False","True","True","False","True","False","","","https://suttacentral.net/iti1","en","frontendoptimised2\downloads\Khuddaka Nikaya by Bhante Dhammavuddho Hye Mahathera\1_1\1_1.json","frontendoptimised2\downloads\Khuddaka Nikaya by Bhante Dhammavuddho Hye Mahathera\1_1\1_1.mp4","frontendoptimised2\downloads\Khuddaka Nikaya by Bhante Dhammavuddho Hye Mahathera\1_1\1_1.en.srt","","6","COM EN MP4 SC SRT TXT","1786120314692"
"KN 1.2","KN 1.2","KN","Khuddaka Nikaya","1_2","RAW","85","False","False","True","False","False","False","True","True","False","False","False","","","https://suttacentral.net/kn1.2","Count IsFixedSize IsReadOnly IsSynchronized Length LongLength Rank SyncRoot","frontendoptimised2\downloads\Khuddaka Nikaya by Bhante Dhammavuddho Hye Mahathera\1_2\1_2.json","frontendoptimised2\downloads\Khuddaka Nikaya by Bhante Dhammavuddho Hye Mahathera\1_2\1_2.mp4","frontendoptimised2\downloads\Khuddaka Nikaya by Bhante Dhammavuddho Hye Mahathera\1_2\1_2.en.srt","","12","COUNT ISFIXEDSIZE ISREADONLY ISSYNCHRONIZED LENGTH LONGLENGTH MP4 RANK SC SRT SYNCROOT TRN","1786962873708"
"KN 1.3","KN 1.3","KN","Khuddaka Nikaya","1_3","RAW","85","False","False","True","False","False","False","True","True","False","False","False","","","https://suttacentral.net/kn1.3","Count IsFixedSize IsReadOnly IsSynchronized Length LongLength Rank SyncRoot","frontendoptimised2\downloads\Khuddaka Nikaya by Bhante Dhammavuddho Hye Mahathera\1_3\1_3.json","frontendoptimised2\downloads\Khuddaka Nikaya by Bhante Dhammavuddho Hye Mahathera\1_3\1_3.mp4","frontendoptimised2\downloads\Khuddaka Nikaya by Bhante Dhammavuddho Hye Mahathera\1_3\1_3.en.srt","","12","COUNT ISFIXEDSIZE ISREADONLY ISSYNCHRONIZED LENGTH LONGLENGTH MP4 RANK SC SRT SYNCROOT TRN","1786962873752"
"KN 1.4","KN 1.4","KN","Khuddaka Nikaya","1_4","RAW","85","False","False","True","False","False","False","True","True","False","False","False","","","https://suttacentral.net/kn1.4","Count IsFixedSize IsReadOnly IsSynchronized Length LongLength Rank SyncRoot","frontendoptimised2\downloads\Khuddaka Nikaya by Bhante Dhammavuddho Hye Mahathera\1_4\1_4.json","frontendoptimised2\downloads\Khuddaka Nikaya by Bhante Dhammavuddho Hye Mahathera\1_4\1_4.mp4","frontendoptimised2\downloads\Khuddaka Nikaya by Bhante Dhammavuddho Hye Mahathera\1_4\1_4.en.srt","","12","COUNT ISFIXEDSIZE ISREADONLY ISSYNCHRONIZED LENGTH LONGLENGTH MP4 RANK SC SRT SYNCROOT TRN","1786962873849"
"KN 1.5","KN 1.5","KN","Khuddaka Nikaya","1_5","RAW","85","False","False","True","False","False","False","True","True","False","False","False","","","https://suttacentral.net/kn1.5","Count IsFixedSize IsReadOnly IsSynchronized Length LongLength Rank SyncRoot","frontendoptimised2\downloads\Khuddaka Nikaya by Bhante Dhammavuddho Hye Mahathera\1_5\1_5.json","frontendoptimised2\downloads\Khuddaka Nikaya by Bhante Dhammavuddho Hye Mahathera\1_5\1_5.mp4","frontendoptimised2\downloads\Khuddaka Nikaya by Bhante Dhammavuddho Hye Mahathera\1_5\1_5.en.srt","","12","COUNT ISFIXEDSIZE ISREADONLY ISSYNCHRONIZED LENGTH LONGLENGTH MP4 RANK SC SRT SYNCROOT TRN","1786962873962"
"KN 1.6","Byasana Sutta","KN","Khuddaka Nikaya","1_6","RAW","85","False","False","True","False","False","False","True","True","False","False","False","","","https://suttacentral.net/kn1.6","Count IsFixedSize IsReadOnly IsSynchronized Length LongLength Rank SyncRoot","frontendoptimised2\downloads\Khuddaka Nikaya by Bhante Dhammavuddho Hye Mahathera\1_6\1_6.json","frontendoptimised2\downloads\Khuddaka Nikaya by Bhante Dhammavuddho Hye Mahathera\1_6\1_6.mp4","frontendoptimised2\downloads\Khuddaka Nikaya by Bhante Dhammavuddho Hye Mahathera\1_6\1_6.en.srt","","12","COUNT ISFIXEDSIZE ISREADONLY ISSYNCHRONIZED LENGTH LONGLENGTH MP4 RANK SC SRT SYNCROOT TRN","1786962874033"
"KN 1.7","KN 1.7","KN","Khuddaka Nikaya","1_7","RAW","85","False","False","True","False","False","False","True","True","False","False","False","","","https://suttacentral.net/kn1.7","Count IsFixedSize IsReadOnly IsSynchronized Length LongLength Rank SyncRoot","frontendoptimised2\downloads\Khuddaka Nikaya by Bhante Dhammavuddho Hye Mahathera\1_7\1_7.json","frontendoptimised2\downloads\Khuddaka Nikaya by Bhante Dhammavuddho Hye Mahathera\1_7\1_7.mp4","frontendoptimised2\downloads\Khuddaka Nikaya by Bhante Dhammavuddho Hye Mahathera\1_7\1_7.en.srt","","12","COUNT ISFIXEDSIZE ISREADONLY ISSYNCHRONIZED LENGTH LONGLENGTH MP4 RANK SC SRT SYNCROOT TRN","1786962874094"
"KN 1.8","KN 1.8","KN","Khuddaka Nikaya","1_8","RAW","85","False","False","True","False","False","False","True","True","False","False","False","","","https://suttacentral.net/kn1.8","Count IsFixedSize IsReadOnly IsSynchronized Length LongLength Rank SyncRoot","frontendoptimised2\downloads\Khuddaka Nikaya by Bhante Dhammavuddho Hye Mahathera\1_8\1_8.json","frontendoptimised2\downloads\Khuddaka Nikaya by Bhante Dhammavuddho Hye Mahathera\1_8\1_8.mp4","frontendoptimised2\downloads\Khuddaka Nikaya by Bhante Dhammavuddho Hye Mahathera\1_8\1_8.en.srt","","12","COUNT ISFIXEDSIZE ISREADONLY ISSYNCHRONIZED LENGTH LONGLENGTH MP4 RANK SC SRT SYNCROOT TRN","1786962874230"
"KN 1.9","KN 1.9","KN","Khuddaka Nikaya","1_9","RAW","85","False","False","True","False","False","False","True","True","False","False","False","","","https://suttacentral.net/kn1.9","Count IsFixedSize IsReadOnly IsSynchronized Length LongLength Rank SyncRoot","frontendoptimised2\downloads\Khuddaka Nikaya by Bhante Dhammavuddho Hye Mahathera\1_9\1_9.json","frontendoptimised2\downloads\Khuddaka Nikaya by Bhante Dhammavuddho Hye Mahathera\1_9\1_9.mp4","frontendoptimised2\downloads\Khuddaka Nikaya by Bhante Dhammavuddho Hye Mahathera\1_9\1_9.en.srt","","12","COUNT ISFIXEDSIZE ISREADONLY ISSYNCHRONIZED LENGTH LONGLENGTH MP4 RANK SC SRT SYNCROOT TRN","1786962874280"
"KN 1.10","KN 1.10","KN","Khuddaka Nikaya","1_10","RAW","85","False","False","True","False","False","False","True","True","False","False","False","","","https://suttacentral.net/kn1.10","Count IsFixedSize IsReadOnly IsSynchronized Length LongLength Rank SyncRoot","frontendoptimised2\downloads\Khuddaka Nikaya by Bhante Dhammavuddho Hye Mahathera\1_10\1_10.json","frontendoptimised2\downloads\Khuddaka Nikaya by Bhante Dhammavuddho Hye Mahathera\1_10\1_10.mp4","frontendoptimised2\downloads\Khuddaka Nikaya by Bhante Dhammavuddho Hye Mahathera\1_10\1_10.en.srt","","12","COUNT ISFIXEDSIZE ISREADONLY ISSYNCHRONIZED LENGTH LONGLENGTH MP4 RANK SC SRT SYNCROOT TRN","1786962873381"
"KN 1.11","KN 1.11","KN","Khuddaka Nikaya","1_11","RAW","85","False","False","True","False","False","False","True","True","False","False","False","","","https://suttacentral.net/kn1.11","Count IsFixedSize IsReadOnly IsSynchronized Length LongLength Rank SyncRoot","frontendoptimised2\downloads\Khuddaka Nikaya by Bhante Dhammavuddho Hye Mahathera\1_11\1_11.json","frontendoptimised2\downloads\Khuddaka Nikaya by Bhante Dhammavuddho Hye Mahathera\1_11\1_11.mp4","frontendoptimised2\downloads\Khuddaka Nikaya by Bhante Dhammavuddho Hye Mahathera\1_11\1_11.en.srt","","12","COUNT ISFIXEDSIZE ISREADONLY ISSYNCHRONIZED LENGTH LONGLENGTH MP4 RANK SC SRT SYNCROOT TRN","1786962873542"
"KN 1.12","KN 1.12","KN","Khuddaka Nikaya","1_12","RAW","85","False","False","True","False","False","False","True","True","False","False","False","","","https://suttacentral.net/kn1.12","Count IsFixedSize IsReadOnly IsSynchronized Length LongLength Rank SyncRoot","frontendoptimised2\downloads\Khuddaka Nikaya by Bhante Dhammavuddho Hye Mahathera\1_12\1_12.json","frontendoptimised2\downloads\Khuddaka Nikaya by Bhante Dhammavuddho Hye Mahathera\1_12\1_12.mp4","frontendoptimised2\downloads\Khuddaka Nikaya by Bhante Dhammavuddho Hye Mahathera\1_12\1_12.en.srt","","12","COUNT ISFIXEDSIZE ISREADONLY ISSYNCHRONIZED LENGTH LONGLENGTH MP4 RANK SC SRT SYNCROOT TRN","1786962873603"
"KN 2","KN 2","KN","Khuddaka Nikaya","2","RAW","60","False","False","False","False","False","False","False","False","False","False","False","","","","Count IsFixedSize IsReadOnly IsSynchronized Length LongLength Rank SyncRoot","Khuddaka Nikaya by Bhante Dhammavuddho Hye Mahathera\2\2.json","","","","8","COUNT ISFIXEDSIZE ISREADONLY ISSYNCHRONIZED LENGTH LONGLENGTH RANK SYNCROOT","1786962874429"
"KN 2.1","KN 2.1","KN","Khuddaka Nikaya","2_1","RAW","85","False","False","True","False","False","False","True","True","False","False","False","","","https://suttacentral.net/kn2.1","Count IsFixedSize IsReadOnly IsSynchronized Length LongLength Rank SyncRoot","frontendoptimised2\downloads\Khuddaka Nikaya by Bhante Dhammavuddho Hye Mahathera\2_1\2_1.json","frontendoptimised2\downloads\Khuddaka Nikaya by Bhante Dhammavuddho Hye Mahathera\2_1\2_1.mp4","frontendoptimised2\downloads\Khuddaka Nikaya by Bhante Dhammavuddho Hye Mahathera\2_1\2_1.en.srt","","12","COUNT ISFIXEDSIZE ISREADONLY ISSYNCHRONIZED LENGTH LONGLENGTH MP4 RANK SC SRT SYNCROOT TRN","1786962874494"
"KN 2.2","KN 2.2","KN","Khuddaka Nikaya","2_2","RAW","85","False","False","True","False","False","False","True","True","False","False","False","","","https://suttacentral.net/kn2.2","Count IsFixedSize IsReadOnly IsSynchronized Length LongLength Rank SyncRoot","frontendoptimised2\downloads\Khuddaka Nikaya by Bhante Dhammavuddho Hye Mahathera\2_2\2_2.json","frontendoptimised2\downloads\Khuddaka Nikaya by Bhante Dhammavuddho Hye Mahathera\2_2\2_2.mp4","frontendoptimised2\downloads\Khuddaka Nikaya by Bhante Dhammavuddho Hye Mahathera\2_2\2_2.en.srt","","12","COUNT ISFIXEDSIZE ISREADONLY ISSYNCHRONIZED LENGTH LONGLENGTH MP4 RANK SC SRT SYNCROOT TRN","1786962874714"
"KN 2.3","KN 2.3","KN","Khuddaka Nikaya","2_3","RAW","85","False","False","True","False","False","False","True","True","False","False","False","","","https://suttacentral.net/kn2.3","Count IsFixedSize IsReadOnly IsSynchronized Length LongLength Rank SyncRoot","frontendoptimised2\downloads\Khuddaka Nikaya by Bhante Dhammavuddho Hye Mahathera\2_3\2_3.json","frontendoptimised2\downloads\Khuddaka Nikaya by Bhante Dhammavuddho Hye Mahathera\2_3\2_3.mp4","frontendoptimised2\downloads\Khuddaka Nikaya by Bhante Dhammavuddho Hye Mahathera\2_3\2_3.en.srt","","12","COUNT ISFIXEDSIZE ISREADONLY ISSYNCHRONIZED LENGTH LONGLENGTH MP4 RANK SC SRT SYNCROOT TRN","1786962874757"
"KN 2.4","KN 2.4","KN","Khuddaka Nikaya","2_4","RAW","85","False","False","True","False","False","False","True","True","False","False","False","","","https://suttacentral.net/kn2.4","Count IsFixedSize IsReadOnly IsSynchronized Length LongLength Rank SyncRoot","frontendoptimised2\downloads\Khuddaka Nikaya by Bhante Dhammavuddho Hye Mahathera\2_4\2_4.json","frontendoptimised2\downloads\Khuddaka Nikaya by Bhante Dhammavuddho Hye Mahathera\2_4\2_4.mp4","frontendoptimised2\downloads\Khuddaka Nikaya by Bhante Dhammavuddho Hye Mahathera\2_4\2_4.en.srt","","12","COUNT ISFIXEDSIZE ISREADONLY ISSYNCHRONIZED LENGTH LONGLENGTH MP4 RANK SC SRT SYNCROOT TRN","1786962874833"
"KN 2.5","KN 2.5","KN","Khuddaka Nikaya","2_5","RAW","85","False","False","True","False","False","False","True","True","False","False","False","","","https://suttacentral.net/kn2.5","Count IsFixedSize IsReadOnly IsSynchronized Length LongLength Rank SyncRoot","frontendoptimised2\downloads\Khuddaka Nikaya by Bhante Dhammavuddho Hye Mahathera\2_5\2_5.json","frontendoptimised2\downloads\Khuddaka Nikaya by Bhante Dhammavuddho Hye Mahathera\2_5\2_5.mp4","frontendoptimised2\downloads\Khuddaka Nikaya by Bhante Dhammavuddho Hye Mahathera\2_5\2_5.en.srt","","12","COUNT ISFIXEDSIZE ISREADONLY ISSYNCHRONIZED LENGTH LONGLENGTH MP4 RANK SC SRT SYNCROOT TRN","1786962874896"
"KN 2.6","KN 2.6","KN","Khuddaka Nikaya","2_6","RAW","85","False","False","True","False","False","False","True","True","False","False","False","","","https://suttacentral.net/kn2.6","Count IsFixedSize IsReadOnly IsSynchronized Length LongLength Rank SyncRoot","frontendoptimised2\downloads\Khuddaka Nikaya by Bhante Dhammavuddho Hye Mahathera\2_6\2_6.json","frontendoptimised2\downloads\Khuddaka Nikaya by Bhante Dhammavuddho Hye Mahathera\2_6\2_6.mp4","frontendoptimised2\downloads\Khuddaka Nikaya by Bhante Dhammavuddho Hye Mahathera\2_6\2_6.en.srt","","12","COUNT ISFIXEDSIZE ISREADONLY ISSYNCHRONIZED LENGTH LONGLENGTH MP4 RANK SC SRT SYNCROOT TRN","1786962875026"
"KN 2.10","KN 2.10","KN","Khuddaka Nikaya","2_10","RAW","85","False","False","True","False","False","False","True","True","False","False","False","","","https://suttacentral.net/kn2.10","Count IsFixedSize IsReadOnly IsSynchronized Length LongLength Rank SyncRoot","frontendoptimised2\downloads\Khuddaka Nikaya by Bhante Dhammavuddho Hye Mahathera\2_10\2_10.json","frontendoptimised2\downloads\Khuddaka Nikaya by Bhante Dhammavuddho Hye Mahathera\2_10\2_10.mp4","frontendoptimised2\downloads\Khuddaka Nikaya by Bhante Dhammavuddho Hye Mahathera\2_10\2_10.en.srt","","12","COUNT ISFIXEDSIZE ISREADONLY ISSYNCHRONIZED LENGTH LONGLENGTH MP4 RANK SC SRT SYNCROOT TRN","1786962874541"
"KN 2.11","KN 2.11","KN","Khuddaka Nikaya","2_11","RAW","85","False","False","True","False","False","False","True","True","False","False","False","","","https://suttacentral.net/kn2.11","Count IsFixedSize IsReadOnly IsSynchronized Length LongLength Rank SyncRoot","frontendoptimised2\downloads\Khuddaka Nikaya by Bhante Dhammavuddho Hye Mahathera\2_11\2_11.json","frontendoptimised2\downloads\Khuddaka Nikaya by Bhante Dhammavuddho Hye Mahathera\2_11\2_11.mp4","frontendoptimised2\downloads\Khuddaka Nikaya by Bhante Dhammavuddho Hye Mahathera\2_11\2_11.en.srt","","12","COUNT ISFIXEDSIZE ISREADONLY ISSYNCHRONIZED LENGTH LONGLENGTH MP4 RANK SC SRT SYNCROOT TRN","1786962874634"
"KN 3","KN 3","KN","Khuddaka Nikaya","3","RAW","60","False","False","False","False","False","False","False","False","False","False","False","","","","Count IsFixedSize IsReadOnly IsSynchronized Length LongLength Rank SyncRoot","Khuddaka Nikaya by Bhante Dhammavuddho Hye Mahathera\3\3.json","","","","8","COUNT ISFIXEDSIZE ISREADONLY ISSYNCHRONIZED LENGTH LONGLENGTH RANK SYNCROOT","1786962875209"
"KN 3.1","KN 3.1","KN","Khuddaka Nikaya","3_1","RAW","85","False","False","True","False","False","False","True","True","False","False","False","","","https://suttacentral.net/kn3.1","Count IsFixedSize IsReadOnly IsSynchronized Length LongLength Rank SyncRoot","frontendoptimised2\downloads\Khuddaka Nikaya by Bhante Dhammavuddho Hye Mahathera\3_1\3_1.json","frontendoptimised2\downloads\Khuddaka Nikaya by Bhante Dhammavuddho Hye Mahathera\3_1\3_1.mp4","frontendoptimised2\downloads\Khuddaka Nikaya by Bhante Dhammavuddho Hye Mahathera\3_1\3_1.en.srt","","12","COUNT ISFIXEDSIZE ISREADONLY ISSYNCHRONIZED LENGTH LONGLENGTH MP4 RANK SC SRT SYNCROOT TRN","1786962875284"
"KN 3.2","KN 3.2","KN","Khuddaka Nikaya","3_2","RAW","85","False","False","True","False","False","False","True","True","False","False","False","","","https://suttacentral.net/kn3.2","Count IsFixedSize IsReadOnly IsSynchronized Length LongLength Rank SyncRoot","frontendoptimised2\downloads\Khuddaka Nikaya by Bhante Dhammavuddho Hye Mahathera\3_2\3_2.json","frontendoptimised2\downloads\Khuddaka Nikaya by Bhante Dhammavuddho Hye Mahathera\3_2\3_2.mp4","frontendoptimised2\downloads\Khuddaka Nikaya by Bhante Dhammavuddho Hye Mahathera\3_2\3_2.en.srt","","12","COUNT ISFIXEDSIZE ISREADONLY ISSYNCHRONIZED LENGTH LONGLENGTH MP4 RANK SC SRT SYNCROOT TRN","1786962875551"
"KN 3.2.2","KN 3.2.2","KN","Khuddaka Nikaya","3_2_2","RAW","85","False","False","True","False","False","False","True","True","False","False","False","","","https://suttacentral.net/kn3.2.2","Count IsFixedSize IsReadOnly IsSynchronized Length LongLength Rank SyncRoot","frontendoptimised2\downloads\Khuddaka Nikaya by Bhante Dhammavuddho Hye Mahathera\3_2_2\3_2_2.json","frontendoptimised2\downloads\Khuddaka Nikaya by Bhante Dhammavuddho Hye Mahathera\3_2_2\3_2_2.mp4","frontendoptimised2\downloads\Khuddaka Nikaya by Bhante Dhammavuddho Hye Mahathera\3_2_2\3_2_2.en.srt","","12","COUNT ISFIXEDSIZE ISREADONLY ISSYNCHRONIZED LENGTH LONGLENGTH MP4 RANK SC SRT SYNCROOT TRN","1786962875592"
"KN 3.3","KN 3.3","KN","Khuddaka Nikaya","3_3","RAW","85","False","False","True","False","False","False","True","True","False","False","False","","","https://suttacentral.net/kn3.3","Count IsFixedSize IsReadOnly IsSynchronized Length LongLength Rank SyncRoot","frontendoptimised2\downloads\Khuddaka Nikaya by Bhante Dhammavuddho Hye Mahathera\3_3\3_3.json","frontendoptimised2\downloads\Khuddaka Nikaya by Bhante Dhammavuddho Hye Mahathera\3_3\3_3.mp4","frontendoptimised2\downloads\Khuddaka Nikaya by Bhante Dhammavuddho Hye Mahathera\3_3\3_3.en.srt","","12","COUNT ISFIXEDSIZE ISREADONLY ISSYNCHRONIZED LENGTH LONGLENGTH MP4 RANK SC SRT SYNCROOT TRN","1786962875728"
"KN 3.4","KN 3.4","KN","Khuddaka Nikaya","3_4","RAW","85","False","False","True","False","False","False","True","True","False","False","False","","","https://suttacentral.net/kn3.4","Count IsFixedSize IsReadOnly IsSynchronized Length LongLength Rank SyncRoot","frontendoptimised2\downloads\Khuddaka Nikaya by Bhante Dhammavuddho Hye Mahathera\3_4\3_4.json","frontendoptimised2\downloads\Khuddaka Nikaya by Bhante Dhammavuddho Hye Mahathera\3_4\3_4.mp4","frontendoptimised2\downloads\Khuddaka Nikaya by Bhante Dhammavuddho Hye Mahathera\3_4\3_4.en.srt","","12","COUNT ISFIXEDSIZE ISREADONLY ISSYNCHRONIZED LENGTH LONGLENGTH MP4 RANK SC SRT SYNCROOT TRN","1786962876104"
"KN 3.6","KN 3.6","KN","Khuddaka Nikaya","3_6","RAW","85","False","False","True","False","False","False","True","True","False","False","False","","","https://suttacentral.net/kn3.6","Count IsFixedSize IsReadOnly IsSynchronized Length LongLength Rank SyncRoot","frontendoptimised2\downloads\Khuddaka Nikaya by Bhante Dhammavuddho Hye Mahathera\3_6\3_6.json","frontendoptimised2\downloads\Khuddaka Nikaya by Bhante Dhammavuddho Hye Mahathera\3_6\3_6.mp4","frontendoptimised2\downloads\Khuddaka Nikaya by Bhante Dhammavuddho Hye Mahathera\3_6\3_6.en.srt","","12","COUNT ISFIXEDSIZE ISREADONLY ISSYNCHRONIZED LENGTH LONGLENGTH MP4 RANK SC SRT SYNCROOT TRN","1786962876252"
"KN 3.7","KN 3.7","KN","Khuddaka Nikaya","3_7","RAW","85","False","False","True","False","False","False","True","True","False","False","False","","","https://suttacentral.net/kn3.7","Count IsFixedSize IsReadOnly IsSynchronized Length LongLength Rank SyncRoot","frontendoptimised2\downloads\Khuddaka Nikaya by Bhante Dhammavuddho Hye Mahathera\3_7\3_7.json","frontendoptimised2\downloads\Khuddaka Nikaya by Bhante Dhammavuddho Hye Mahathera\3_7\3_7.mp4","frontendoptimised2\downloads\Khuddaka Nikaya by Bhante Dhammavuddho Hye Mahathera\3_7\3_7.en.srt","","12","COUNT ISFIXEDSIZE ISREADONLY ISSYNCHRONIZED LENGTH LONGLENGTH MP4 RANK SC SRT SYNCROOT TRN","1786962876327"
"KN 3.8","KN 3.8","KN","Khuddaka Nikaya","3_8","RAW","85","False","False","True","False","False","False","True","True","False","False","False","","","https://suttacentral.net/kn3.8","Count IsFixedSize IsReadOnly IsSynchronized Length LongLength Rank SyncRoot","frontendoptimised2\downloads\Khuddaka Nikaya by Bhante Dhammavuddho Hye Mahathera\3_8\3_8.json","frontendoptimised2\downloads\Khuddaka Nikaya by Bhante Dhammavuddho Hye Mahathera\3_8\3_8.mp4","frontendoptimised2\downloads\Khuddaka Nikaya by Bhante Dhammavuddho Hye Mahathera\3_8\3_8.en.srt","","12","COUNT ISFIXEDSIZE ISREADONLY ISSYNCHRONIZED LENGTH LONGLENGTH MP4 RANK SC SRT SYNCROOT TRN","1786962876405"
"KN 3.11","KN 3.11","KN","Khuddaka Nikaya","3_11","RAW","85","False","False","True","False","False","False","True","True","False","False","False","","","https://suttacentral.net/kn3.11","Count IsFixedSize IsReadOnly IsSynchronized Length LongLength Rank SyncRoot","frontendoptimised2\downloads\Khuddaka Nikaya by Bhante Dhammavuddho Hye Mahathera\3_11\3_11.json","frontendoptimised2\downloads\Khuddaka Nikaya by Bhante Dhammavuddho Hye Mahathera\3_11\3_11.mp4","frontendoptimised2\downloads\Khuddaka Nikaya by Bhante Dhammavuddho Hye Mahathera\3_11\3_11.en.srt","","12","COUNT ISFIXEDSIZE ISREADONLY ISSYNCHRONIZED LENGTH LONGLENGTH MP4 RANK SC SRT SYNCROOT TRN","1786962875353"
"KN 3.12","KN 3.12","KN","Khuddaka Nikaya","3_12","RAW","85","False","False","True","False","False","False","True","True","False","False","False","","","https://suttacentral.net/kn3.12","Count IsFixedSize IsReadOnly IsSynchronized Length LongLength Rank SyncRoot","frontendoptimised2\downloads\Khuddaka Nikaya by Bhante Dhammavuddho Hye Mahathera\3_12\3_12.json","frontendoptimised2\downloads\Khuddaka Nikaya by Bhante Dhammavuddho Hye Mahathera\3_12\3_12.mp4","frontendoptimised2\downloads\Khuddaka Nikaya by Bhante Dhammavuddho Hye Mahathera\3_12\3_12.en.srt","","12","COUNT ISFIXEDSIZE ISREADONLY ISSYNCHRONIZED LENGTH LONGLENGTH MP4 RANK SC SRT SYNCROOT TRN","1786962875457"
"KN 3.28","KN 3.28","KN","Khuddaka Nikaya","3_28","RAW","85","False","False","True","False","False","False","True","True","False","False","False","","","https://suttacentral.net/kn3.28","Count IsFixedSize IsReadOnly IsSynchronized Length LongLength Rank SyncRoot","frontendoptimised2\downloads\Khuddaka Nikaya by Bhante Dhammavuddho Hye Mahathera\3_28\3_28.json","frontendoptimised2\downloads\Khuddaka Nikaya by Bhante Dhammavuddho Hye Mahathera\3_28\3_28.mp4","frontendoptimised2\downloads\Khuddaka Nikaya by Bhante Dhammavuddho Hye Mahathera\3_28\3_28.en.srt","","12","COUNT ISFIXEDSIZE ISREADONLY ISSYNCHRONIZED LENGTH LONGLENGTH MP4 RANK SC SRT SYNCROOT TRN","1786962875637"
"KN 3.29","KN 3.29","KN","Khuddaka Nikaya","3_29","RAW","85","False","False","True","False","False","False","True","True","False","False","False","","","https://suttacentral.net/kn3.29","Count IsFixedSize IsReadOnly IsSynchronized Length LongLength Rank SyncRoot","frontendoptimised2\downloads\Khuddaka Nikaya by Bhante Dhammavuddho Hye Mahathera\3_29\3_29.json","frontendoptimised2\downloads\Khuddaka Nikaya by Bhante Dhammavuddho Hye Mahathera\3_29\3_29.mp4","frontendoptimised2\downloads\Khuddaka Nikaya by Bhante Dhammavuddho Hye Mahathera\3_29\3_29.en.srt","","12","COUNT ISFIXEDSIZE ISREADONLY ISSYNCHRONIZED LENGTH LONGLENGTH MP4 RANK SC SRT SYNCROOT TRN","1786962875671"
"KN 3.30","KN 3.30","KN","Khuddaka Nikaya","3_30","RAW","85","False","False","True","False","False","False","True","True","False","False","False","","","https://suttacentral.net/kn3.30","Count IsFixedSize IsReadOnly IsSynchronized Length LongLength Rank SyncRoot","frontendoptimised2\downloads\Khuddaka Nikaya by Bhante Dhammavuddho Hye Mahathera\3_30\3_30.json","frontendoptimised2\downloads\Khuddaka Nikaya by Bhante Dhammavuddho Hye Mahathera\3_30\3_30.mp4","frontendoptimised2\downloads\Khuddaka Nikaya by Bhante Dhammavuddho Hye Mahathera\3_30\3_30.en.srt","","12","COUNT ISFIXEDSIZE ISREADONLY ISSYNCHRONIZED LENGTH LONGLENGTH MP4 RANK SC SRT SYNCROOT TRN","1786962875765"
"KN 3.31","KN 3.31","KN","Khuddaka Nikaya","3_31","RAW","85","False","False","True","False","False","False","True","True","False","False","False","","","https://suttacentral.net/kn3.31","Count IsFixedSize IsReadOnly IsSynchronized Length LongLength Rank SyncRoot","frontendoptimised2\downloads\Khuddaka Nikaya by Bhante Dhammavuddho Hye Mahathera\3_31\3_31.json","frontendoptimised2\downloads\Khuddaka Nikaya by Bhante Dhammavuddho Hye Mahathera\3_31\3_31.mp4","frontendoptimised2\downloads\Khuddaka Nikaya by Bhante Dhammavuddho Hye Mahathera\3_31\3_31.en.srt","","12","COUNT ISFIXEDSIZE ISREADONLY ISSYNCHRONIZED LENGTH LONGLENGTH MP4 RANK SC SRT SYNCROOT TRN","1786962875800"
"KN 3.32","KN 3.32","KN","Khuddaka Nikaya","3_32","RAW","85","False","False","True","False","False","False","True","True","False","False","False","","","https://suttacentral.net/kn3.32","Count IsFixedSize IsReadOnly IsSynchronized Length LongLength Rank SyncRoot","frontendoptimised2\downloads\Khuddaka Nikaya by Bhante Dhammavuddho Hye Mahathera\3_32\3_32.json","frontendoptimised2\downloads\Khuddaka Nikaya by Bhante Dhammavuddho Hye Mahathera\3_32\3_32.mp4","frontendoptimised2\downloads\Khuddaka Nikaya by Bhante Dhammavuddho Hye Mahathera\3_32\3_32.en.srt","","12","COUNT ISFIXEDSIZE ISREADONLY ISSYNCHRONIZED LENGTH LONGLENGTH MP4 RANK SC SRT SYNCROOT TRN","1786962875838"
"KN 3.33","KN 3.33","KN","Khuddaka Nikaya","3_33","RAW","85","False","False","True","False","False","False","True","True","False","False","False","","","https://suttacentral.net/kn3.33","Count IsFixedSize IsReadOnly IsSynchronized Length LongLength Rank SyncRoot","frontendoptimised2\downloads\Khuddaka Nikaya by Bhante Dhammavuddho Hye Mahathera\3_33\3_33.json","frontendoptimised2\downloads\Khuddaka Nikaya by Bhante Dhammavuddho Hye Mahathera\3_33\3_33.mp4","frontendoptimised2\downloads\Khuddaka Nikaya by Bhante Dhammavuddho Hye Mahathera\3_33\3_33.en.srt","","12","COUNT ISFIXEDSIZE ISREADONLY ISSYNCHRONIZED LENGTH LONGLENGTH MP4 RANK SC SRT SYNCROOT TRN","1786962875887"
"KN 3.34","KN 3.34","KN","Khuddaka Nikaya","3_34","RAW","85","False","False","True","False","False","False","True","True","False","False","False","","","https://suttacentral.net/kn3.34","Count IsFixedSize IsReadOnly IsSynchronized Length LongLength Rank SyncRoot","frontendoptimised2\downloads\Khuddaka Nikaya by Bhante Dhammavuddho Hye Mahathera\3_34\3_34.json","frontendoptimised2\downloads\Khuddaka Nikaya by Bhante Dhammavuddho Hye Mahathera\3_34\3_34.mp4","frontendoptimised2\downloads\Khuddaka Nikaya by Bhante Dhammavuddho Hye Mahathera\3_34\3_34.en.srt","","12","COUNT ISFIXEDSIZE ISREADONLY ISSYNCHRONIZED LENGTH LONGLENGTH MP4 RANK SC SRT SYNCROOT TRN","1786962876020"
"KN 3.40","KN 3.40","KN","Khuddaka Nikaya","3_40","RAW","85","False","False","True","False","False","False","True","True","False","False","False","","","https://suttacentral.net/kn3.40","Count IsFixedSize IsReadOnly IsSynchronized Length LongLength Rank SyncRoot","frontendoptimised2\downloads\Khuddaka Nikaya by Bhante Dhammavuddho Hye Mahathera\3_40\3_40.json","frontendoptimised2\downloads\Khuddaka Nikaya by Bhante Dhammavuddho Hye Mahathera\3_40\3_40.mp4","frontendoptimised2\downloads\Khuddaka Nikaya by Bhante Dhammavuddho Hye Mahathera\3_40\3_40.en.srt","","12","COUNT ISFIXEDSIZE ISREADONLY ISSYNCHRONIZED LENGTH LONGLENGTH MP4 RANK SC SRT SYNCROOT TRN","1786962876179"
"KN 4","KN 4","KN","Khuddaka Nikaya","4","RAW","60","False","False","False","False","False","False","False","False","False","False","False","","","","Count IsFixedSize IsReadOnly IsSynchronized Length LongLength Rank SyncRoot","Khuddaka Nikaya by Bhante Dhammavuddho Hye Mahathera\4\4.json","","","","8","COUNT ISFIXEDSIZE ISREADONLY ISSYNCHRONIZED LENGTH LONGLENGTH RANK SYNCROOT","1786962876491"
"KN 4.1","KN 4.1","KN","Khuddaka Nikaya","4_1","RAW","85","False","False","True","False","False","False","True","True","False","False","False","","","https://suttacentral.net/kn4.1","Count IsFixedSize IsReadOnly IsSynchronized Length LongLength Rank SyncRoot","frontendoptimised2\downloads\Khuddaka Nikaya by Bhante Dhammavuddho Hye Mahathera\4_1\4_1.json","frontendoptimised2\downloads\Khuddaka Nikaya by Bhante Dhammavuddho Hye Mahathera\4_1\4_1.mp4","frontendoptimised2\downloads\Khuddaka Nikaya by Bhante Dhammavuddho Hye Mahathera\4_1\4_1.en.srt","","12","COUNT ISFIXEDSIZE ISREADONLY ISSYNCHRONIZED LENGTH LONGLENGTH MP4 RANK SC SRT SYNCROOT TRN","1786962876651"
"KN 4.2","KN 4.2","KN","Khuddaka Nikaya","4_2","RAW","85","False","False","True","False","False","False","True","True","False","False","False","","","https://suttacentral.net/kn4.2","Count IsFixedSize IsReadOnly IsSynchronized Length LongLength Rank SyncRoot","frontendoptimised2\downloads\Khuddaka Nikaya by Bhante Dhammavuddho Hye Mahathera\4_2\4_2.json","frontendoptimised2\downloads\Khuddaka Nikaya by Bhante Dhammavuddho Hye Mahathera\4_2\4_2.mp4","frontendoptimised2\downloads\Khuddaka Nikaya by Bhante Dhammavuddho Hye Mahathera\4_2\4_2.en.srt","","12","COUNT ISFIXEDSIZE ISREADONLY ISSYNCHRONIZED LENGTH LONGLENGTH MP4 RANK SC SRT SYNCROOT TRN","1786962876764"
"KN 4.3","KN 4.3","KN","Khuddaka Nikaya","4_3","RAW","85","False","False","True","False","False","False","True","True","False","False","False","","","https://suttacentral.net/kn4.3","Count IsFixedSize IsReadOnly IsSynchronized Length LongLength Rank SyncRoot","frontendoptimised2\downloads\Khuddaka Nikaya by Bhante Dhammavuddho Hye Mahathera\4_3\4_3.json","frontendoptimised2\downloads\Khuddaka Nikaya by Bhante Dhammavuddho Hye Mahathera\4_3\4_3.mp4","frontendoptimised2\downloads\Khuddaka Nikaya by Bhante Dhammavuddho Hye Mahathera\4_3\4_3.en.srt","","12","COUNT ISFIXEDSIZE ISREADONLY ISSYNCHRONIZED LENGTH LONGLENGTH MP4 RANK SC SRT SYNCROOT TRN","1786962876797"
"KN 4.4","KN 4.4","KN","Khuddaka Nikaya","4_4","RAW","85","False","False","True","False","False","False","True","True","False","False","False","","","https://suttacentral.net/kn4.4","Count IsFixedSize IsReadOnly IsSynchronized Length LongLength Rank SyncRoot","frontendoptimised2\downloads\Khuddaka Nikaya by Bhante Dhammavuddho Hye Mahathera\4_4\4_4.json","frontendoptimised2\downloads\Khuddaka Nikaya by Bhante Dhammavuddho Hye Mahathera\4_4\4_4.mp4","frontendoptimised2\downloads\Khuddaka Nikaya by Bhante Dhammavuddho Hye Mahathera\4_4\4_4.en.srt","","12","COUNT ISFIXEDSIZE ISREADONLY ISSYNCHRONIZED LENGTH LONGLENGTH MP4 RANK SC SRT SYNCROOT TRN","1786962876835"
"KN 4.5","KN 4.5","KN","Khuddaka Nikaya","4_5","RAW","85","False","False","True","False","False","False","True","True","False","False","False","","","https://suttacentral.net/kn4.5","Count IsFixedSize IsReadOnly IsSynchronized Length LongLength Rank SyncRoot","frontendoptimised2\downloads\Khuddaka Nikaya by Bhante Dhammavuddho Hye Mahathera\4_5\4_5.json","frontendoptimised2\downloads\Khuddaka Nikaya by Bhante Dhammavuddho Hye Mahathera\4_5\4_5.mp4","frontendoptimised2\downloads\Khuddaka Nikaya by Bhante Dhammavuddho Hye Mahathera\4_5\4_5.en.srt","","12","COUNT ISFIXEDSIZE ISREADONLY ISSYNCHRONIZED LENGTH LONGLENGTH MP4 RANK SC SRT SYNCROOT TRN","1786962876980"
"KN 4.1801","KN 4.1801","KN","Khuddaka Nikaya","4_1801","RAW","85","False","False","True","False","False","False","True","True","False","False","False","","","https://suttacentral.net/kn4.1801","Count IsFixedSize IsReadOnly IsSynchronized Length LongLength Rank SyncRoot","frontendoptimised2\downloads\Khuddaka Nikaya by Bhante Dhammavuddho Hye Mahathera\4_1801\4_1801.json","frontendoptimised2\downloads\Khuddaka Nikaya by Bhante Dhammavuddho Hye Mahathera\4_1801\4_1801.mp4","frontendoptimised2\downloads\Khuddaka Nikaya by Bhante Dhammavuddho Hye Mahathera\4_1801\4_1801.en.srt","","12","COUNT ISFIXEDSIZE ISREADONLY ISSYNCHRONIZED LENGTH LONGLENGTH MP4 RANK SC SRT SYNCROOT TRN","1786962876721"
"KN 5","KN 5","KN","Khuddaka Nikaya","5","RAW","60","False","False","False","False","False","False","False","False","False","False","False","","","","Count IsFixedSize IsReadOnly IsSynchronized Length LongLength Rank SyncRoot","Khuddaka Nikaya by Bhante Dhammavuddho Hye Mahathera\5\5.json","","","","8","COUNT ISFIXEDSIZE ISREADONLY ISSYNCHRONIZED LENGTH LONGLENGTH RANK SYNCROOT","1786962877013"
"KN 5.1.1","Uraga Sutta","KN","Khuddaka Nikaya","5_1_1","RAW","60","True","True","True","True","True","False","False","False","False","False","False","","","https://suttacentral.net/kn5.1","Count IsFixedSize IsReadOnly IsSynchronized Length LongLength Rank SyncRoot","frontendoptimised2\downloads\Khuddaka Nikaya by Bhante Dhammavuddho Hye Mahathera\5_1_1\5_1_1.json","","","","14","COM COUNT ISFIXEDSIZE ISREADONLY ISSYNCHRONIZED KG LENGTH LONGLENGTH QZ RANK SC SYNCROOT TRN TXT","1786962877024"
"KN 5.2","KN 5.2","KN","Khuddaka Nikaya","5_2","RAW","85","False","False","True","False","False","False","True","True","False","False","False","","","https://suttacentral.net/kn5.2","Count IsFixedSize IsReadOnly IsSynchronized Length LongLength Rank SyncRoot","frontendoptimised2\downloads\Khuddaka Nikaya by Bhante Dhammavuddho Hye Mahathera\5_2\5_2.json","frontendoptimised2\downloads\Khuddaka Nikaya by Bhante Dhammavuddho Hye Mahathera\5_2\5_2.mp4","frontendoptimised2\downloads\Khuddaka Nikaya by Bhante Dhammavuddho Hye Mahathera\5_2\5_2.en.srt","","12","COUNT ISFIXEDSIZE ISREADONLY ISSYNCHRONIZED LENGTH LONGLENGTH MP4 RANK SC SRT SYNCROOT TRN","1786962877060"
"KN 5.3","KN 5.3","KN","Khuddaka Nikaya","5_3","RAW","85","False","False","True","False","False","False","True","True","False","False","False","","","https://suttacentral.net/kn5.3","Count IsFixedSize IsReadOnly IsSynchronized Length LongLength Rank SyncRoot","frontendoptimised2\downloads\Khuddaka Nikaya by Bhante Dhammavuddho Hye Mahathera\5_3\5_3.json","frontendoptimised2\downloads\Khuddaka Nikaya by Bhante Dhammavuddho Hye Mahathera\5_3\5_3.mp4","frontendoptimised2\downloads\Khuddaka Nikaya by Bhante Dhammavuddho Hye Mahathera\5_3\5_3.en.srt","","12","COUNT ISFIXEDSIZE ISREADONLY ISSYNCHRONIZED LENGTH LONGLENGTH MP4 RANK SC SRT SYNCROOT TRN","1786962877118"
"KN 5.4","KN 5.4","KN","Khuddaka Nikaya","5_4","RAW","85","False","False","True","False","False","False","True","True","False","False","False","","","https://suttacentral.net/kn5.4","Count IsFixedSize IsReadOnly IsSynchronized Length LongLength Rank SyncRoot","frontendoptimised2\downloads\Khuddaka Nikaya by Bhante Dhammavuddho Hye Mahathera\5_4\5_4.json","frontendoptimised2\downloads\Khuddaka Nikaya by Bhante Dhammavuddho Hye Mahathera\5_4\5_4.mp4","frontendoptimised2\downloads\Khuddaka Nikaya by Bhante Dhammavuddho Hye Mahathera\5_4\5_4.en.srt","","12","COUNT ISFIXEDSIZE ISREADONLY ISSYNCHRONIZED LENGTH LONGLENGTH MP4 RANK SC SRT SYNCROOT TRN","1786962877153"
"KN 5.5","KN 5.5","KN","Khuddaka Nikaya","5_5","RAW","85","False","False","True","False","False","False","True","True","False","False","False","","","https://suttacentral.net/kn5.5","Count IsFixedSize IsReadOnly IsSynchronized Length LongLength Rank SyncRoot","frontendoptimised2\downloads\Khuddaka Nikaya by Bhante Dhammavuddho Hye Mahathera\5_5\5_5.json","frontendoptimised2\downloads\Khuddaka Nikaya by Bhante Dhammavuddho Hye Mahathera\5_5\5_5.mp4","frontendoptimised2\downloads\Khuddaka Nikaya by Bhante Dhammavuddho Hye Mahathera\5_5\5_5.en.srt","","12","COUNT ISFIXEDSIZE ISREADONLY ISSYNCHRONIZED LENGTH LONGLENGTH MP4 RANK SC SRT SYNCROOT TRN","1786962877224"
"KN 5.6","KN 5.6","KN","Khuddaka Nikaya","5_6","RAW","85","False","False","True","False","False","False","True","True","False","False","False","","","https://suttacentral.net/kn5.6","Count IsFixedSize IsReadOnly IsSynchronized Length LongLength Rank SyncRoot","frontendoptimised2\downloads\Khuddaka Nikaya by Bhante Dhammavuddho Hye Mahathera\5_6\5_6.json","frontendoptimised2\downloads\Khuddaka Nikaya by Bhante Dhammavuddho Hye Mahathera\5_6\5_6.mp4","frontendoptimised2\downloads\Khuddaka Nikaya by Bhante Dhammavuddho Hye Mahathera\5_6\5_6.en.srt","","12","COUNT ISFIXEDSIZE ISREADONLY ISSYNCHRONIZED LENGTH LONGLENGTH MP4 RANK SC SRT SYNCROOT TRN","1786962877278"
"KN 5.7","KN 5.7","KN","Khuddaka Nikaya","5_7","RAW","85","False","False","True","False","False","False","True","True","False","False","False","","","https://suttacentral.net/kn5.7","Count IsFixedSize IsReadOnly IsSynchronized Length LongLength Rank SyncRoot","frontendoptimised2\downloads\Khuddaka Nikaya by Bhante Dhammavuddho Hye Mahathera\5_7\5_7.json","frontendoptimised2\downloads\Khuddaka Nikaya by Bhante Dhammavuddho Hye Mahathera\5_7\5_7.mp4","frontendoptimised2\downloads\Khuddaka Nikaya by Bhante Dhammavuddho Hye Mahathera\5_7\5_7.en.srt","","12","COUNT ISFIXEDSIZE ISREADONLY ISSYNCHRONIZED LENGTH LONGLENGTH MP4 RANK SC SRT SYNCROOT TRN","1786962877316"
"KN 5.8","KN 5.8","KN","Khuddaka Nikaya","5_8","RAW","85","False","False","True","False","False","False","True","True","False","False","False","","","https://suttacentral.net/kn5.8","Count IsFixedSize IsReadOnly IsSynchronized Length LongLength Rank SyncRoot","frontendoptimised2\downloads\Khuddaka Nikaya by Bhante Dhammavuddho Hye Mahathera\5_8\5_8.json","frontendoptimised2\downloads\Khuddaka Nikaya by Bhante Dhammavuddho Hye Mahathera\5_8\5_8.mp4","frontendoptimised2\downloads\Khuddaka Nikaya by Bhante Dhammavuddho Hye Mahathera\5_8\5_8.en.srt","","12","COUNT ISFIXEDSIZE ISREADONLY ISSYNCHRONIZED LENGTH LONGLENGTH MP4 RANK SC SRT SYNCROOT TRN","1786962877352"
"KN 5.9","KN 5.9","KN","Khuddaka Nikaya","5_9","RAW","85","False","False","True","False","False","False","True","True","False","False","False","","","https://suttacentral.net/kn5.9","Count IsFixedSize IsReadOnly IsSynchronized Length LongLength Rank SyncRoot","frontendoptimised2\downloads\Khuddaka Nikaya by Bhante Dhammavuddho Hye Mahathera\5_9\5_9.json","frontendoptimised2\downloads\Khuddaka Nikaya by Bhante Dhammavuddho Hye Mahathera\5_9\5_9.mp4","frontendoptimised2\downloads\Khuddaka Nikaya by Bhante Dhammavuddho Hye Mahathera\5_9\5_9.en.srt","","12","COUNT ISFIXEDSIZE ISREADONLY ISSYNCHRONIZED LENGTH LONGLENGTH MP4 RANK SC SRT SYNCROOT TRN","1786962877385"
"KN 6","KN 6","KN","Khuddaka Nikaya","6","RAW","60","False","False","False","False","False","False","False","False","False","False","False","","","","Count IsFixedSize IsReadOnly IsSynchronized Length LongLength Rank SyncRoot","Khuddaka Nikaya by Bhante Dhammavuddho Hye Mahathera\6\6.json","","","","8","COUNT ISFIXEDSIZE ISREADONLY ISSYNCHRONIZED LENGTH LONGLENGTH RANK SYNCROOT","1786962877400"
"KN 6.2","KN 6.2","KN","Khuddaka Nikaya","6_2","RAW","85","False","False","True","False","False","False","True","True","False","False","False","","","https://suttacentral.net/kn6.2","Count IsFixedSize IsReadOnly IsSynchronized Length LongLength Rank SyncRoot","frontendoptimised2\downloads\Khuddaka Nikaya by Bhante Dhammavuddho Hye Mahathera\6_2\6_2.json","frontendoptimised2\downloads\Khuddaka Nikaya by Bhante Dhammavuddho Hye Mahathera\6_2\6_2.mp4","frontendoptimised2\downloads\Khuddaka Nikaya by Bhante Dhammavuddho Hye Mahathera\6_2\6_2.en.srt","","12","COUNT ISFIXEDSIZE ISREADONLY ISSYNCHRONIZED LENGTH LONGLENGTH MP4 RANK SC SRT SYNCROOT TRN","1786962877541"
"KN 6.43","KN 6.43","KN","Khuddaka Nikaya","6_43","RAW","85","False","False","True","False","False","False","True","True","False","False","False","","","https://suttacentral.net/kn6.43","Count IsFixedSize IsReadOnly IsSynchronized Length LongLength Rank SyncRoot","frontendoptimised2\downloads\Khuddaka Nikaya by Bhante Dhammavuddho Hye Mahathera\6_43\6_43.json","frontendoptimised2\downloads\Khuddaka Nikaya by Bhante Dhammavuddho Hye Mahathera\6_43\6_43.mp4","frontendoptimised2\downloads\Khuddaka Nikaya by Bhante Dhammavuddho Hye Mahathera\6_43\6_43.en.srt","","12","COUNT ISFIXEDSIZE ISREADONLY ISSYNCHRONIZED LENGTH LONGLENGTH MP4 RANK SC SRT SYNCROOT TRN","1786962877634"
"KN 7","KN 7","KN","Khuddaka Nikaya","7","RAW","60","False","False","False","False","False","False","False","False","False","False","False","","","","Count IsFixedSize IsReadOnly IsSynchronized Length LongLength Rank SyncRoot","Khuddaka Nikaya by Bhante Dhammavuddho Hye Mahathera\7\7.json","","","","8","COUNT ISFIXEDSIZE ISREADONLY ISSYNCHRONIZED LENGTH LONGLENGTH RANK SYNCROOT","1786962877657"
"KN 7.1","KN 7.1","KN","Khuddaka Nikaya","7_1","RAW","85","False","False","True","False","False","False","True","True","False","False","False","","","https://suttacentral.net/kn7.1","Count IsFixedSize IsReadOnly IsSynchronized Length LongLength Rank SyncRoot","frontendoptimised2\downloads\Khuddaka Nikaya by Bhante Dhammavuddho Hye Mahathera\7_1\7_1.json","frontendoptimised2\downloads\Khuddaka Nikaya by Bhante Dhammavuddho Hye Mahathera\7_1\7_1.mp4","frontendoptimised2\downloads\Khuddaka Nikaya by Bhante Dhammavuddho Hye Mahathera\7_1\7_1.en.srt","","12","COUNT ISFIXEDSIZE ISREADONLY ISSYNCHRONIZED LENGTH LONGLENGTH MP4 RANK SC SRT SYNCROOT TRN","1786962877731"
"KN 8","KN 8","KN","Khuddaka Nikaya","8","RAW","60","False","False","False","False","False","False","False","False","False","False","False","","","","Count IsFixedSize IsReadOnly IsSynchronized Length LongLength Rank SyncRoot","Khuddaka Nikaya by Bhante Dhammavuddho Hye Mahathera\8\8.json","","","","8","COUNT ISFIXEDSIZE ISREADONLY ISSYNCHRONIZED LENGTH LONGLENGTH RANK SYNCROOT","1786962877738"
"KN 8.1","KN 8.1","KN","Khuddaka Nikaya","8_1","RAW","85","False","False","True","False","False","False","True","True","False","False","False","","","https://suttacentral.net/kn8.1","Count IsFixedSize IsReadOnly IsSynchronized Length LongLength Rank SyncRoot","frontendoptimised2\downloads\Khuddaka Nikaya by Bhante Dhammavuddho Hye Mahathera\8_1\8_1.json","frontendoptimised2\downloads\Khuddaka Nikaya by Bhante Dhammavuddho Hye Mahathera\8_1\8_1.mp4","frontendoptimised2\downloads\Khuddaka Nikaya by Bhante Dhammavuddho Hye Mahathera\8_1\8_1.en.srt","","12","COUNT ISFIXEDSIZE ISREADONLY ISSYNCHRONIZED LENGTH LONGLENGTH MP4 RANK SC SRT SYNCROOT TRN","1786962877777"
"KN 8.2","KN 8.2","KN","Khuddaka Nikaya","8_2","RAW","85","False","False","True","False","False","False","True","True","False","False","False","","","https://suttacentral.net/kn8.2","Count IsFixedSize IsReadOnly IsSynchronized Length LongLength Rank SyncRoot","frontendoptimised2\downloads\Khuddaka Nikaya by Bhante Dhammavuddho Hye Mahathera\8_2\8_2.json","frontendoptimised2\downloads\Khuddaka Nikaya by Bhante Dhammavuddho Hye Mahathera\8_2\8_2.mp4","frontendoptimised2\downloads\Khuddaka Nikaya by Bhante Dhammavuddho Hye Mahathera\8_2\8_2.en.srt","","12","COUNT ISFIXEDSIZE ISREADONLY ISSYNCHRONIZED LENGTH LONGLENGTH MP4 RANK SC SRT SYNCROOT TRN","1786962877848"
"KN 8.3","KN 8.3","KN","Khuddaka Nikaya","8_3","RAW","85","False","False","True","False","False","False","True","True","False","False","False","","","https://suttacentral.net/kn8.3","Count IsFixedSize IsReadOnly IsSynchronized Length LongLength Rank SyncRoot","frontendoptimised2\downloads\Khuddaka Nikaya by Bhante Dhammavuddho Hye Mahathera\8_3\8_3.json","frontendoptimised2\downloads\Khuddaka Nikaya by Bhante Dhammavuddho Hye Mahathera\8_3\8_3.mp4","frontendoptimised2\downloads\Khuddaka Nikaya by Bhante Dhammavuddho Hye Mahathera\8_3\8_3.en.srt","","12","COUNT ISFIXEDSIZE ISREADONLY ISSYNCHRONIZED LENGTH LONGLENGTH MP4 RANK SC SRT SYNCROOT TRN","1786962878081"
"KN 25.1","KN 25.1","KN","Khuddaka Nikaya","25_1","RAW","85","False","False","True","False","False","False","True","True","False","False","False","","","https://suttacentral.net/kn25.1","Count IsFixedSize IsReadOnly IsSynchronized Length LongLength Rank SyncRoot","frontendoptimised2\downloads\Khuddaka Nikaya by Bhante Dhammavuddho Hye Mahathera\25_1\25_1.json","frontendoptimised2\downloads\Khuddaka Nikaya by Bhante Dhammavuddho Hye Mahathera\25_1\25_1.mp4","frontendoptimised2\downloads\Khuddaka Nikaya by Bhante Dhammavuddho Hye Mahathera\25_1\25_1.en.srt","","12","COUNT ISFIXEDSIZE ISREADONLY ISSYNCHRONIZED LENGTH LONGLENGTH MP4 RANK SC SRT SYNCROOT TRN","1786962875173"
"KN 33","KN 33","KN","Khuddaka Nikaya","33","RAW","60","False","False","False","False","False","False","False","False","False","False","False","","","","Count IsFixedSize IsReadOnly IsSynchronized Length LongLength Rank SyncRoot","Khuddaka Nikaya by Bhante Dhammavuddho Hye Mahathera\33\33.json","","","","8","COUNT ISFIXEDSIZE ISREADONLY ISSYNCHRONIZED LENGTH LONGLENGTH RANK SYNCROOT","1786962876411"
"KN 44","KN 44","KN","Khuddaka Nikaya","44","RAW","60","False","False","False","False","False","False","False","False","False","False","False","","","","Count IsFixedSize IsReadOnly IsSynchronized Length LongLength Rank SyncRoot","Khuddaka Nikaya by Bhante Dhammavuddho Hye Mahathera\44\44.json","","","","8","COUNT ISFIXEDSIZE ISREADONLY ISSYNCHRONIZED LENGTH LONGLENGTH RANK SYNCROOT","1786962876991"
"KN 68","KN 68","KN","Khuddaka Nikaya","68","RAW","60","False","False","False","False","False","False","False","False","False","False","False","","","","Count IsFixedSize IsReadOnly IsSynchronized Length LongLength Rank SyncRoot","Khuddaka Nikaya by Bhante Dhammavuddho Hye Mahathera\68\68.json","","","","8","COUNT ISFIXEDSIZE ISREADONLY ISSYNCHRONIZED LENGTH LONGLENGTH RANK SYNCROOT","1786962877647"
"KN 99.99","KN 99.99","KN","Khuddaka Nikaya","99_99","RAW","85","False","False","True","False","False","False","True","True","False","False","False","","","https://suttacentral.net/kn99.99","Count IsFixedSize IsReadOnly IsSynchronized Length LongLength Rank SyncRoot","frontendoptimised2\downloads\Khuddaka Nikaya by Bhante Dhammavuddho Hye Mahathera\99_99\99_99.json","frontendoptimised2\downloads\Khuddaka Nikaya by Bhante Dhammavuddho Hye Mahathera\99_99\99_99.mp4","frontendoptimised2\downloads\Khuddaka Nikaya by Bhante Dhammavuddho Hye Mahathera\99_99\99_99.en.srt","","12","COUNT ISFIXEDSIZE ISREADONLY ISSYNCHRONIZED LENGTH LONGLENGTH MP4 RANK SC SRT SYNCROOT TRN","1786962878161"
"KN 100","KN 100","KN","Khuddaka Nikaya","100","RAW","60","False","False","False","False","False","False","False","False","False","False","False","","","","Count IsFixedSize IsReadOnly IsSynchronized Length LongLength Rank SyncRoot","Khuddaka Nikaya by Bhante Dhammavuddho Hye Mahathera\100\100.json","","","","8","COUNT ISFIXEDSIZE ISREADONLY ISSYNCHRONIZED LENGTH LONGLENGTH RANK SYNCROOT","1786962874286"
"KN 102","KN 102","KN","Khuddaka Nikaya","102","RAW","60","False","False","False","False","False","False","False","False","False","False","False","","","","Count IsFixedSize IsReadOnly IsSynchronized Length LongLength Rank SyncRoot","Khuddaka Nikaya by Bhante Dhammavuddho Hye Mahathera\102\102.json","","","","8","COUNT ISFIXEDSIZE ISREADONLY ISSYNCHRONIZED LENGTH LONGLENGTH RANK SYNCROOT","1786962874303"
"KN 121","KN 121","KN","Khuddaka Nikaya","121","RAW","60","False","False","False","False","False","False","False","False","False","False","False","","","","Count IsFixedSize IsReadOnly IsSynchronized Length LongLength Rank SyncRoot","Khuddaka Nikaya by Bhante Dhammavuddho Hye Mahathera\121\121.json","","","","8","COUNT ISFIXEDSIZE ISREADONLY ISSYNCHRONIZED LENGTH LONGLENGTH RANK SYNCROOT","1786962874333"
"KN 129","KN 129","KN","Khuddaka Nikaya","129","RAW","60","False","False","False","False","False","False","False","False","False","False","False","","","","Count IsFixedSize IsReadOnly IsSynchronized Length LongLength Rank SyncRoot","Khuddaka Nikaya by Bhante Dhammavuddho Hye Mahathera\129\129.json","","","","8","COUNT ISFIXEDSIZE ISREADONLY ISSYNCHRONIZED LENGTH LONGLENGTH RANK SYNCROOT","1786962874347"
"KN 179","KN 179","KN","Khuddaka Nikaya","179","RAW","60","False","False","False","False","False","False","False","False","False","False","False","","","","Count IsFixedSize IsReadOnly IsSynchronized Length LongLength Rank SyncRoot","Khuddaka Nikaya by Bhante Dhammavuddho Hye Mahathera\179\179.json","","","","8","COUNT ISFIXEDSIZE ISREADONLY ISSYNCHRONIZED LENGTH LONGLENGTH RANK SYNCROOT","1786962874376"
"KN 197","KN 197","KN","Khuddaka Nikaya","197","RAW","60","False","False","False","False","False","False","False","False","False","False","False","","","","Count IsFixedSize IsReadOnly IsSynchronized Length LongLength Rank SyncRoot","Khuddaka Nikaya by Bhante Dhammavuddho Hye Mahathera\197\197.json","","","","8","COUNT ISFIXEDSIZE ISREADONLY ISSYNCHRONIZED LENGTH LONGLENGTH RANK SYNCROOT","1786962874408"
"KN 219","KN 219","KN","Khuddaka Nikaya","219","RAW","60","False","False","False","False","False","False","False","False","False","False","False","","","","Count IsFixedSize IsReadOnly IsSynchronized Length LongLength Rank SyncRoot","Khuddaka Nikaya by Bhante Dhammavuddho Hye Mahathera\219\219.json","","","","8","COUNT ISFIXEDSIZE ISREADONLY ISSYNCHRONIZED LENGTH LONGLENGTH RANK SYNCROOT","1786962875032"
"KN 224","KN 224","KN","Khuddaka Nikaya","224","RAW","60","False","False","False","False","False","False","False","False","False","False","False","","","","Count IsFixedSize IsReadOnly IsSynchronized Length LongLength Rank SyncRoot","Khuddaka Nikaya by Bhante Dhammavuddho Hye Mahathera\224\224.json","","","","8","COUNT ISFIXEDSIZE ISREADONLY ISSYNCHRONIZED LENGTH LONGLENGTH RANK SYNCROOT","1786962875042"
"KN 235","KN 235","KN","Khuddaka Nikaya","235","RAW","60","False","False","False","False","False","False","False","False","False","False","False","","","","Count IsFixedSize IsReadOnly IsSynchronized Length LongLength Rank SyncRoot","Khuddaka Nikaya by Bhante Dhammavuddho Hye Mahathera\235\235.json","","","","8","COUNT ISFIXEDSIZE ISREADONLY ISSYNCHRONIZED LENGTH LONGLENGTH RANK SYNCROOT","1786962875050"
"KN 267","KN 267","KN","Khuddaka Nikaya","267","RAW","60","False","False","False","False","False","False","False","False","False","False","False","","","","Count IsFixedSize IsReadOnly IsSynchronized Length LongLength Rank SyncRoot","Khuddaka Nikaya by Bhante Dhammavuddho Hye Mahathera\267\267.json","","","","8","COUNT ISFIXEDSIZE ISREADONLY ISSYNCHRONIZED LENGTH LONGLENGTH RANK SYNCROOT","1786962875180"
"KN 273","KN 273","KN","Khuddaka Nikaya","273","RAW","60","False","False","False","False","False","False","False","False","False","False","False","","","","Count IsFixedSize IsReadOnly IsSynchronized Length LongLength Rank SyncRoot","Khuddaka Nikaya by Bhante Dhammavuddho Hye Mahathera\273\273.json","","","","8","COUNT ISFIXEDSIZE ISREADONLY ISSYNCHRONIZED LENGTH LONGLENGTH RANK SYNCROOT","1786962875189"
"KN 290","KN 290","KN","Khuddaka Nikaya","290","RAW","60","False","False","False","False","False","False","False","False","False","False","False","","","","Count IsFixedSize IsReadOnly IsSynchronized Length LongLength Rank SyncRoot","Khuddaka Nikaya by Bhante Dhammavuddho Hye Mahathera\290\290.json","","","","8","COUNT ISFIXEDSIZE ISREADONLY ISSYNCHRONIZED LENGTH LONGLENGTH RANK SYNCROOT","1786962875198"
"KN 334","KN 334","KN","Khuddaka Nikaya","334","RAW","60","False","False","False","False","False","False","False","False","False","False","False","","","","Count IsFixedSize IsReadOnly IsSynchronized Length LongLength Rank SyncRoot","Khuddaka Nikaya by Bhante Dhammavuddho Hye Mahathera\334\334.json","","","","8","COUNT ISFIXEDSIZE ISREADONLY ISSYNCHRONIZED LENGTH LONGLENGTH RANK SYNCROOT","1786962876417"
"KN 375","KN 375","KN","Khuddaka Nikaya","375","RAW","60","False","False","False","False","False","False","False","False","False","False","False","","","","Count IsFixedSize IsReadOnly IsSynchronized Length LongLength Rank SyncRoot","Khuddaka Nikaya by Bhante Dhammavuddho Hye Mahathera\375\375.json","","","","8","COUNT ISFIXEDSIZE ISREADONLY ISSYNCHRONIZED LENGTH LONGLENGTH RANK SYNCROOT","1786962876449"
"KN 383","KN 383","KN","Khuddaka Nikaya","383","RAW","60","False","False","False","False","False","False","False","False","False","False","False","","","","Count IsFixedSize IsReadOnly IsSynchronized Length LongLength Rank SyncRoot","Khuddaka Nikaya by Bhante Dhammavuddho Hye Mahathera\383\383.json","","","","8","COUNT ISFIXEDSIZE ISREADONLY ISSYNCHRONIZED LENGTH LONGLENGTH RANK SYNCROOT","1786962876471"
"KN 459","KN 459","KN","Khuddaka Nikaya","459","RAW","60","False","False","False","False","False","False","False","False","False","False","False","","","","Count IsFixedSize IsReadOnly IsSynchronized Length LongLength Rank SyncRoot","Khuddaka Nikaya by Bhante Dhammavuddho Hye Mahathera\459\459.json","","","","8","COUNT ISFIXEDSIZE ISREADONLY ISSYNCHRONIZED LENGTH LONGLENGTH RANK SYNCROOT","1786962876996"
"KN 487","KN 487","KN","Khuddaka Nikaya","487","RAW","60","False","False","False","False","False","False","False","False","False","False","False","","","","Count IsFixedSize IsReadOnly IsSynchronized Length LongLength Rank SyncRoot","Khuddaka Nikaya by Bhante Dhammavuddho Hye Mahathera\487\487.json","","","","8","COUNT ISFIXEDSIZE ISREADONLY ISSYNCHRONIZED LENGTH LONGLENGTH RANK SYNCROOT","1786962877004"
"KN 597","KN 597","KN","Khuddaka Nikaya","597","RAW","60","False","False","False","False","False","False","False","False","False","False","False","","","","Count IsFixedSize IsReadOnly IsSynchronized Length LongLength Rank SyncRoot","Khuddaka Nikaya by Bhante Dhammavuddho Hye Mahathera\597\597.json","","","","8","COUNT ISFIXEDSIZE ISREADONLY ISSYNCHRONIZED LENGTH LONGLENGTH RANK SYNCROOT","1786962877389"
"KN 673","KN 673","KN","Khuddaka Nikaya","673","RAW","60","False","False","False","False","False","False","False","False","False","False","False","","","","Count IsFixedSize IsReadOnly IsSynchronized Length LongLength Rank SyncRoot","Khuddaka Nikaya by Bhante Dhammavuddho Hye Mahathera\673\673.json","","","","8","COUNT ISFIXEDSIZE ISREADONLY ISSYNCHRONIZED LENGTH LONGLENGTH RANK SYNCROOT","1786962877639"
"KN 818","KN 818","KN","Khuddaka Nikaya","818","RAW","60","False","False","False","False","False","False","False","False","False","False","False","","","","Count IsFixedSize IsReadOnly IsSynchronized Length LongLength Rank SyncRoot","Khuddaka Nikaya by Bhante Dhammavuddho Hye Mahathera\818\818.json","","","","8","COUNT ISFIXEDSIZE ISREADONLY ISSYNCHRONIZED LENGTH LONGLENGTH RANK SYNCROOT","1786962878085"
"KN 892","KN 892","KN","Khuddaka Nikaya","892","RAW","60","False","False","False","False","False","False","False","False","False","False","False","","","","Count IsFixedSize IsReadOnly IsSynchronized Length LongLength Rank SyncRoot","Khuddaka Nikaya by Bhante Dhammavuddho Hye Mahathera\892\892.json","","","","8","COUNT ISFIXEDSIZE ISREADONLY ISSYNCHRONIZED LENGTH LONGLENGTH RANK SYNCROOT","1786962878092"
"KN 1018","KN 1018","KN","Khuddaka Nikaya","1018","RAW","60","False","False","False","False","False","False","False","False","False","False","False","","","","Count IsFixedSize IsReadOnly IsSynchronized Length LongLength Rank SyncRoot","Khuddaka Nikaya by Bhante Dhammavuddho Hye Mahathera\1018\1018.json","","","","8","COUNT ISFIXEDSIZE ISREADONLY ISSYNCHRONIZED LENGTH LONGLENGTH RANK SYNCROOT","1786962874295"
"KN 1091","KN 1091","KN","Khuddaka Nikaya","1091","RAW","60","False","False","False","False","False","False","False","False","False","False","False","","","","Count IsFixedSize IsReadOnly IsSynchronized Length LongLength Rank SyncRoot","Khuddaka Nikaya by Bhante Dhammavuddho Hye Mahathera\1091\1091.json","","","","8","COUNT ISFIXEDSIZE ISREADONLY ISSYNCHRONIZED LENGTH LONGLENGTH RANK SYNCROOT","1786962874311"
"KN 1209","KN 1209","KN","Khuddaka Nikaya","1209","RAW","60","False","False","False","False","False","False","False","False","False","False","False","","","","Count IsFixedSize IsReadOnly IsSynchronized Length LongLength Rank SyncRoot","Khuddaka Nikaya by Bhante Dhammavuddho Hye Mahathera\1209\1209.json","","","","8","COUNT ISFIXEDSIZE ISREADONLY ISSYNCHRONIZED LENGTH LONGLENGTH RANK SYNCROOT","1786962874319"
"KN Dhammapada Q&A","","KN","Khuddaka Nikaya","Dhammapada Q&A","RAW","85","True","True","False","False","False","False","True","True","False","True","False","","","","en","frontendoptimised2\downloads\Khuddaka Nikaya by Bhante Dhammavuddho Hye Mahathera\Dhammapada Q&A.en\Dhammapada Q&A.en.json","frontendoptimised2\downloads\Khuddaka Nikaya by Bhante Dhammavuddho Hye Mahathera\Dhammapada Q&A\Khuddaka Nikaya Dhammapada Q&A.mp4","frontendoptimised2\downloads\Khuddaka Nikaya by Bhante Dhammavuddho Hye Mahathera\Dhammapada Q&A.en\Khuddaka Nikaya Dhammapada Q&A.en.srt","","5","COM EN MP4 SRT TXT","1786120317009"
"KN Dhammapada Verses 1- 32","","KN","Khuddaka Nikaya","Dhammapada Verses 1- 32","RAW","85","True","True","False","False","False","False","True","True","False","True","False","","","","en","frontendoptimised2\downloads\Khuddaka Nikaya by Bhante Dhammavuddho Hye Mahathera\Dhammapada Verses 1- 32.en\Dhammapada Verses 1- 32.en.json","frontendoptimised2\downloads\Khuddaka Nikaya by Bhante Dhammavuddho Hye Mahathera\Dhammapada Verses 1- 32\Khuddaka Nikaya Dhammapada Verses 1- 32.mp4","frontendoptimised2\downloads\Khuddaka Nikaya by Bhante Dhammavuddho Hye Mahathera\Dhammapada Verses 1- 32.en\Khuddaka Nikaya Dhammapada Verses 1- 32.en.srt","","5","COM EN MP4 SRT TXT","1786120317092"
"KN Dhammapada Verses 33-43","","KN","Khuddaka Nikaya","Dhammapada Verses 33-43","RAW","85","True","True","False","False","False","False","True","True","False","True","False","","","","en","frontendoptimised2\downloads\Khuddaka Nikaya by Bhante Dhammavuddho Hye Mahathera\Dhammapada Verses 33-43.en\Dhammapada Verses 33-43.en.json","frontendoptimised2\downloads\Khuddaka Nikaya by Bhante Dhammavuddho Hye Mahathera\Dhammapada Verses 33-43\Khuddaka Nikaya Dhammapada Verses 33-43.mp4","frontendoptimised2\downloads\Khuddaka Nikaya by Bhante Dhammavuddho Hye Mahathera\Dhammapada Verses 33-43.en\Khuddaka Nikaya Dhammapada Verses 33-43.en.srt","","5","COM EN MP4 SRT TXT","1786120317764"
"KN Dhammapada Verses 44-99","","KN","Khuddaka Nikaya","Dhammapada Verses 44-99","RAW","85","True","True","False","False","False","False","True","True","False","True","False","","","","en","frontendoptimised2\downloads\Khuddaka Nikaya by Bhante Dhammavuddho Hye Mahathera\Dhammapada Verses 44-99.en\Dhammapada Verses 44-99.en.json","frontendoptimised2\downloads\Khuddaka Nikaya by Bhante Dhammavuddho Hye Mahathera\Dhammapada Verses 44-99\Khuddaka Nikaya Dhammapada Verses 44-99.mp4","frontendoptimised2\downloads\Khuddaka Nikaya by Bhante Dhammavuddho Hye Mahathera\Dhammapada Verses 44-99.en\Khuddaka Nikaya Dhammapada Verses 44-99.en.srt","","5","COM EN MP4 SRT TXT","1786120318025"
"KN Dhammapada Verses 100-128","","KN","Khuddaka Nikaya","Dhammapada Verses 100-128","RAW","85","True","True","False","False","False","False","True","True","False","True","False","","","","en","frontendoptimised2\downloads\Khuddaka Nikaya by Bhante Dhammavuddho Hye Mahathera\Dhammapada Verses 100-128.en\Dhammapada Verses 100-128.en.json","frontendoptimised2\downloads\Khuddaka Nikaya by Bhante Dhammavuddho Hye Mahathera\Dhammapada Verses 100-128\Khuddaka Nikaya Dhammapada Verses 100-128.mp4","frontendoptimised2\downloads\Khuddaka Nikaya by Bhante Dhammavuddho Hye Mahathera\Dhammapada Verses 100-128.en\Khuddaka Nikaya Dhammapada Verses 100-128.en.srt","","5","COM EN MP4 SRT TXT","1786120317165"
"KN Dhammapada Verses 129 - 178","","KN","Khuddaka Nikaya","Dhammapada Verses 129 - 178","RAW","85","True","True","False","False","False","False","True","True","False","True","False","","","","en","frontendoptimised2\downloads\Khuddaka Nikaya by Bhante Dhammavuddho Hye Mahathera\Dhammapada Verses 129 - 178.en\Dhammapada Verses 129 - 178.en.json","frontendoptimised2\downloads\Khuddaka Nikaya by Bhante Dhammavuddho Hye Mahathera\Dhammapada Verses 129 - 178\Khuddaka Nikaya Dhammapada Verses 129 - 178.mp4","frontendoptimised2\downloads\Khuddaka Nikaya by Bhante Dhammavuddho Hye Mahathera\Dhammapada Verses 129 - 178.en\Khuddaka Nikaya Dhammapada Verses 129 - 178.en.srt","","5","COM EN MP4 SRT TXT","1786120317241"
"KN Dhammapada Verses 179-196","","KN","Khuddaka Nikaya","Dhammapada Verses 179-196","RAW","85","True","True","False","False","False","False","True","True","False","True","False","","","","en","frontendoptimised2\downloads\Khuddaka Nikaya by Bhante Dhammavuddho Hye Mahathera\Dhammapada Verses 179-196.en\Dhammapada Verses 179-196.en.json","frontendoptimised2\downloads\Khuddaka Nikaya by Bhante Dhammavuddho Hye Mahathera\Dhammapada Verses 179-196\Khuddaka Nikaya Dhammapada Verses 179-196.mp4","frontendoptimised2\downloads\Khuddaka Nikaya by Bhante Dhammavuddho Hye Mahathera\Dhammapada Verses 179-196.en\Khuddaka Nikaya Dhammapada Verses 179-196.en.srt","","5","COM EN MP4 SRT TXT","1786120317318"
"KN Dhammapada Verses 197-234","","KN","Khuddaka Nikaya","Dhammapada Verses 197-234","RAW","85","True","True","False","False","False","False","True","True","False","True","False","","","","en","frontendoptimised2\downloads\Khuddaka Nikaya by Bhante Dhammavuddho Hye Mahathera\Dhammapada Verses 197-234.en\Dhammapada Verses 197-234.en.json","frontendoptimised2\downloads\Khuddaka Nikaya by Bhante Dhammavuddho Hye Mahathera\Dhammapada Verses 197-234\Khuddaka Nikaya Dhammapada Verses 197-234.mp4","frontendoptimised2\downloads\Khuddaka Nikaya by Bhante Dhammavuddho Hye Mahathera\Dhammapada Verses 197-234.en\Khuddaka Nikaya Dhammapada Verses 197-234.en.srt","","5","COM EN MP4 SRT TXT","1786120317403"
"KN Dhammapada Verses 235-272","","KN","Khuddaka Nikaya","Dhammapada Verses 235-272","RAW","85","True","True","False","False","False","False","True","True","False","True","False","","","","en","frontendoptimised2\downloads\Khuddaka Nikaya by Bhante Dhammavuddho Hye Mahathera\Dhammapada Verses 235-272.en\Dhammapada Verses 235-272.en.json","frontendoptimised2\downloads\Khuddaka Nikaya by Bhante Dhammavuddho Hye Mahathera\Dhammapada Verses 235-272\Khuddaka Nikaya Dhammapada Verses 235-272.mp4","frontendoptimised2\downloads\Khuddaka Nikaya by Bhante Dhammavuddho Hye Mahathera\Dhammapada Verses 235-272.en\Khuddaka Nikaya Dhammapada Verses 235-272.en.srt","","5","COM EN MP4 SRT TXT","1786120317510"
"KN Dhammapada Verses 273-289","","KN","Khuddaka Nikaya","Dhammapada Verses 273-289","RAW","85","True","True","False","False","False","False","True","True","False","True","False","","","","en","frontendoptimised2\downloads\Khuddaka Nikaya by Bhante Dhammavuddho Hye Mahathera\Dhammapada Verses 273-289.en\Dhammapada Verses 273-289.en.json","frontendoptimised2\downloads\Khuddaka Nikaya by Bhante Dhammavuddho Hye Mahathera\Dhammapada Verses 273-289\Khuddaka Nikaya Dhammapada Verses 273-289.mp4","frontendoptimised2\downloads\Khuddaka Nikaya by Bhante Dhammavuddho Hye Mahathera\Dhammapada Verses 273-289.en\Khuddaka Nikaya Dhammapada Verses 273-289.en.srt","","5","COM EN MP4 SRT TXT","1786120317611"
"KN Dhammapada Verses 290-333","","KN","Khuddaka Nikaya","Dhammapada Verses 290-333","RAW","85","True","True","False","False","False","False","True","True","False","True","False","","","","en","frontendoptimised2\downloads\Khuddaka Nikaya by Bhante Dhammavuddho Hye Mahathera\Dhammapada Verses 290-333.en\Dhammapada Verses 290-333.en.json","frontendoptimised2\downloads\Khuddaka Nikaya by Bhante Dhammavuddho Hye Mahathera\Dhammapada Verses 290-333\Khuddaka Nikaya Dhammapada Verses 290-333.mp4","frontendoptimised2\downloads\Khuddaka Nikaya by Bhante Dhammavuddho Hye Mahathera\Dhammapada Verses 290-333.en\Khuddaka Nikaya Dhammapada Verses 290-333.en.srt","","5","COM EN MP4 SRT TXT","1786120317695"
"KN Dhammapada Verses 334-382","","KN","Khuddaka Nikaya","Dhammapada Verses 334-382","RAW","85","True","True","False","False","False","False","True","True","False","True","False","","","","en","frontendoptimised2\downloads\Khuddaka Nikaya by Bhante Dhammavuddho Hye Mahathera\Dhammapada Verses 334-382.en\Dhammapada Verses 334-382.en.json","frontendoptimised2\downloads\Khuddaka Nikaya by Bhante Dhammavuddho Hye Mahathera\Dhammapada Verses 334-382\Khuddaka Nikaya Dhammapada Verses 334-382.mp4","frontendoptimised2\downloads\Khuddaka Nikaya by Bhante Dhammavuddho Hye Mahathera\Dhammapada Verses 334-382.en\Khuddaka Nikaya Dhammapada Verses 334-382.en.srt","","5","COM EN MP4 SRT TXT","1786120317857"
"KN Dhammapada Verses 383-423","","KN","Khuddaka Nikaya","Dhammapada Verses 383-423","RAW","85","True","True","False","False","False","False","True","True","False","True","False","","","","en","frontendoptimised2\downloads\Khuddaka Nikaya by Bhante Dhammavuddho Hye Mahathera\Dhammapada Verses 383-423.en\Dhammapada Verses 383-423.en.json","frontendoptimised2\downloads\Khuddaka Nikaya by Bhante Dhammavuddho Hye Mahathera\Dhammapada Verses 383-423\Khuddaka Nikaya Dhammapada Verses 383-423.mp4","frontendoptimised2\downloads\Khuddaka Nikaya by Bhante Dhammavuddho Hye Mahathera\Dhammapada Verses 383-423.en\Khuddaka Nikaya Dhammapada Verses 383-423.en.srt","","5","COM EN MP4 SRT TXT","1786120317922"
"KN Introduction","","KN","Khuddaka Nikaya","Introduction","RAW","85","True","True","False","False","False","False","True","True","False","True","False","","","","en","frontendoptimised2\downloads\Khuddaka Nikaya by Bhante Dhammavuddho Hye Mahathera\Introduction.en\Introduction.en.json","frontendoptimised2\downloads\Khuddaka Nikaya by Bhante Dhammavuddho Hye Mahathera\Introduction\Khuddaka Nikaya Introduction.mp4","frontendoptimised2\downloads\Khuddaka Nikaya by Bhante Dhammavuddho Hye Mahathera\Introduction.en\Khuddaka Nikaya Introduction.en.srt","","5","COM EN MP4 SRT TXT","1786120318101"
"KN Itivuttaka Chapter 1","","KN","Khuddaka Nikaya","Itivuttaka Chapter 1","RAW","85","True","True","False","False","False","False","True","True","False","True","False","","","","en","frontendoptimised2\downloads\Khuddaka Nikaya by Bhante Dhammavuddho Hye Mahathera\Itivuttaka Chapter 1.en\Itivuttaka Chapter 1.en.json","frontendoptimised2\downloads\Khuddaka Nikaya by Bhante Dhammavuddho Hye Mahathera\Itivuttaka Chapter 1\Khuddaka Nikaya Itivuttaka Chapter 1.mp4","frontendoptimised2\downloads\Khuddaka Nikaya by Bhante Dhammavuddho Hye Mahathera\Itivuttaka Chapter 1.en\Khuddaka Nikaya Itivuttaka Chapter 1.en.srt","","5","COM EN MP4 SRT TXT","1786120318332"
"KN Itivuttaka Chapter 2","","KN","Khuddaka Nikaya","Itivuttaka Chapter 2","RAW","85","True","True","False","False","False","False","True","True","False","True","False","","","","en","frontendoptimised2\downloads\Khuddaka Nikaya by Bhante Dhammavuddho Hye Mahathera\Itivuttaka Chapter 2.en\Itivuttaka Chapter 2.en.json","frontendoptimised2\downloads\Khuddaka Nikaya by Bhante Dhammavuddho Hye Mahathera\Itivuttaka Chapter 2\Khuddaka Nikaya Itivuttaka Chapter 2.mp4","frontendoptimised2\downloads\Khuddaka Nikaya by Bhante Dhammavuddho Hye Mahathera\Itivuttaka Chapter 2.en\Khuddaka Nikaya Itivuttaka Chapter 2.en.srt","","5","COM EN MP4 SRT TXT","1786120318550"
"KN Itivuttaka Chapter 3 (3.1-3.27)","","KN","Khuddaka Nikaya","Itivuttaka Chapter 3 (3.1-3.27)","RAW","85","True","True","False","False","False","False","True","True","False","True","False","","","","en","frontendoptimised2\downloads\Khuddaka Nikaya by Bhante Dhammavuddho Hye Mahathera\Itivuttaka Chapter 3 (3.1-3.27).en\Itivuttaka Chapter 3 (3.1-3.27).en.json","frontendoptimised2\downloads\Khuddaka Nikaya by Bhante Dhammavuddho Hye Mahathera\Itivuttaka Chapter 3 (3.1-3.27)\Khuddaka Nikaya Itivuttaka Chapter 3 (3.1-3.27).mp4","frontendoptimised2\downloads\Khuddaka Nikaya by Bhante Dhammavuddho Hye Mahathera\Itivuttaka Chapter 3 (3.1-3.27).en\Khuddaka Nikaya Itivuttaka Chapter 3 (3.1-3.27).en.srt","","5","COM EN MP4 SRT TXT","1786120318917"
"KN Itivuttaka Chapter 3 (3.28 - 3.40)","","KN","Khuddaka Nikaya","Itivuttaka Chapter 3 (3.28 - 3.40)","RAW","85","True","True","False","False","False","False","True","True","False","True","False","","","","en","frontendoptimised2\downloads\Khuddaka Nikaya by Bhante Dhammavuddho Hye Mahathera\Itivuttaka Chapter 3 (3.28 - 3.40).en\Itivuttaka Chapter 3 (3.28 - 3.40).en.json","frontendoptimised2\downloads\Khuddaka Nikaya by Bhante Dhammavuddho Hye Mahathera\Itivuttaka Chapter 3 (3.28 - 3.40)\Khuddaka Nikaya Itivuttaka Chapter 3 (3.28 - 3.40).mp4","frontendoptimised2\downloads\Khuddaka Nikaya by Bhante Dhammavuddho Hye Mahathera\Itivuttaka Chapter 3 (3.28 - 3.40).en\Khuddaka Nikaya Itivuttaka Chapter 3 (3.28 - 3.40).en.srt","","5","COM EN MP4 SRT TXT","1786120319279"
"KN Itivuttaka Chapter 3 (3.41 - 3.50)","","KN","Khuddaka Nikaya","Itivuttaka Chapter 3 (3.41 - 3.50)","RAW","85","True","True","False","False","False","False","True","True","False","True","False","","","","en","frontendoptimised2\downloads\Khuddaka Nikaya by Bhante Dhammavuddho Hye Mahathera\Itivuttaka Chapter 3 (3.41 - 3.50).en\Itivuttaka Chapter 3 (3.41 - 3.50).en.json","frontendoptimised2\downloads\Khuddaka Nikaya by Bhante Dhammavuddho Hye Mahathera\Itivuttaka Chapter 3 (3.41 - 3.50)\Khuddaka Nikaya Itivuttaka Chapter 3 (3.41 - 3.50).mp4","frontendoptimised2\downloads\Khuddaka Nikaya by Bhante Dhammavuddho Hye Mahathera\Itivuttaka Chapter 3 (3.41 - 3.50).en\Khuddaka Nikaya Itivuttaka Chapter 3 (3.41 - 3.50).en.srt","","5","COM EN MP4 SRT TXT","1786120319632"
"KN Itivuttaka Chapter 4","","KN","Khuddaka Nikaya","Itivuttaka Chapter 4","RAW","85","True","True","False","False","False","False","True","True","False","True","False","","","","en","frontendoptimised2\downloads\Khuddaka Nikaya by Bhante Dhammavuddho Hye Mahathera\Itivuttaka Chapter 4.en\Itivuttaka Chapter 4.en.json","frontendoptimised2\downloads\Khuddaka Nikaya by Bhante Dhammavuddho Hye Mahathera\Itivuttaka Chapter 4\Khuddaka Nikaya Itivuttaka Chapter 4.mp4","frontendoptimised2\downloads\Khuddaka Nikaya by Bhante Dhammavuddho Hye Mahathera\Itivuttaka Chapter 4.en\Khuddaka Nikaya Itivuttaka Chapter 4.en.srt","","5","COM EN MP4 SRT TXT","1786120319846"
"KN Sutta Nipata Chapter 1 (Part A)","","KN","Khuddaka Nikaya","Sutta Nipata Chapter 1 (Part A)","RAW","85","True","True","False","False","False","False","True","True","False","True","False","","","","en","frontendoptimised2\downloads\Khuddaka Nikaya by Bhante Dhammavuddho Hye Mahathera\Sutta Nipata Chapter 1 (Part A).en\Sutta Nipata Chapter 1 (Part A).en.json","frontendoptimised2\downloads\Khuddaka Nikaya by Bhante Dhammavuddho Hye Mahathera\Sutta Nipata Chapter 1 (Part A)\Khuddaka Nikaya Sutta Nipata Chapter 1 (Part A).mp4","frontendoptimised2\downloads\Khuddaka Nikaya by Bhante Dhammavuddho Hye Mahathera\Sutta Nipata Chapter 1 (Part A).en\Khuddaka Nikaya Sutta Nipata Chapter 1 (Part A).en.srt","","5","COM EN MP4 SRT TXT","1786120320004"
"KN Sutta Nipata Chapter 1 (Part B)","","KN","Khuddaka Nikaya","Sutta Nipata Chapter 1 (Part B)","RAW","85","True","True","False","False","False","False","True","True","False","True","False","","","","en","frontendoptimised2\downloads\Khuddaka Nikaya by Bhante Dhammavuddho Hye Mahathera\Sutta Nipata Chapter 1 (Part B).en\Sutta Nipata Chapter 1 (Part B).en.json","frontendoptimised2\downloads\Khuddaka Nikaya by Bhante Dhammavuddho Hye Mahathera\Sutta Nipata Chapter 1 (Part B)\Khuddaka Nikaya Sutta Nipata Chapter 1 (Part B).mp4","frontendoptimised2\downloads\Khuddaka Nikaya by Bhante Dhammavuddho Hye Mahathera\Sutta Nipata Chapter 1 (Part B).en\Khuddaka Nikaya Sutta Nipata Chapter 1 (Part B).en.srt","","5","COM EN MP4 SRT TXT","1786120320201"
"KN Sutta Nipata Chapter 2 (Part A)","","KN","Khuddaka Nikaya","Sutta Nipata Chapter 2 (Part A)","RAW","85","True","True","False","False","False","False","True","True","False","True","False","","","","en","frontendoptimised2\downloads\Khuddaka Nikaya by Bhante Dhammavuddho Hye Mahathera\Sutta Nipata Chapter 2 (Part A).en\Sutta Nipata Chapter 2 (Part A).en.json","frontendoptimised2\downloads\Khuddaka Nikaya by Bhante Dhammavuddho Hye Mahathera\Sutta Nipata Chapter 2 (Part A)\Khuddaka Nikaya Sutta Nipata Chapter 2 (Part A).mp4","frontendoptimised2\downloads\Khuddaka Nikaya by Bhante Dhammavuddho Hye Mahathera\Sutta Nipata Chapter 2 (Part A).en\Khuddaka Nikaya Sutta Nipata Chapter 2 (Part A).en.srt","","5","COM EN MP4 SRT TXT","1786120320331"
"KN Sutta Nipata Chapter 2 (Part B)","","KN","Khuddaka Nikaya","Sutta Nipata Chapter 2 (Part B)","RAW","85","True","True","False","False","False","False","True","True","False","True","False","","","","en","frontendoptimised2\downloads\Khuddaka Nikaya by Bhante Dhammavuddho Hye Mahathera\Sutta Nipata Chapter 2 (Part B).en\Sutta Nipata Chapter 2 (Part B).en.json","frontendoptimised2\downloads\Khuddaka Nikaya by Bhante Dhammavuddho Hye Mahathera\Sutta Nipata Chapter 2 (Part B)\Khuddaka Nikaya Sutta Nipata Chapter 2 (Part B).mp4","frontendoptimised2\downloads\Khuddaka Nikaya by Bhante Dhammavuddho Hye Mahathera\Sutta Nipata Chapter 2 (Part B).en\Khuddaka Nikaya Sutta Nipata Chapter 2 (Part B).en.srt","","5","COM EN MP4 SRT TXT","1786120320408"
"KN Sutta Nipata Chapter 3 (3.1 - 3.5)","","KN","Khuddaka Nikaya","Sutta Nipata Chapter 3 (3.1 - 3.5)","RAW","85","True","True","False","False","False","False","True","True","False","True","False","","","","en","frontendoptimised2\downloads\Khuddaka Nikaya by Bhante Dhammavuddho Hye Mahathera\Sutta Nipata Chapter 3 (3.1 - 3.5).en\Sutta Nipata Chapter 3 (3.1 - 3.5).en.json","frontendoptimised2\downloads\Khuddaka Nikaya by Bhante Dhammavuddho Hye Mahathera\Sutta Nipata Chapter 3 (3.1 - 3.5)\Khuddaka Nikaya Sutta Nipata Chapter 3 (3.1 - 3.5).mp4","frontendoptimised2\downloads\Khuddaka Nikaya by Bhante Dhammavuddho Hye Mahathera\Sutta Nipata Chapter 3 (3.1 - 3.5).en\Khuddaka Nikaya Sutta Nipata Chapter 3 (3.1 - 3.5).en.srt","","5","COM EN MP4 SRT TXT","1786120320480"
"KN Sutta Nipata Chapter 3 (3.6 - 3.8)","","KN","Khuddaka Nikaya","Sutta Nipata Chapter 3 (3.6 - 3.8)","RAW","85","True","True","False","False","False","False","True","True","False","True","False","","","","en","frontendoptimised2\downloads\Khuddaka Nikaya by Bhante Dhammavuddho Hye Mahathera\Sutta Nipata Chapter 3 (3.6 - 3.8).en\Sutta Nipata Chapter 3 (3.6 - 3.8).en.json","frontendoptimised2\downloads\Khuddaka Nikaya by Bhante Dhammavuddho Hye Mahathera\Sutta Nipata Chapter 3 (3.6 - 3.8)\Khuddaka Nikaya Sutta Nipata Chapter 3 (3.6 - 3.8).mp4","frontendoptimised2\downloads\Khuddaka Nikaya by Bhante Dhammavuddho Hye Mahathera\Sutta Nipata Chapter 3 (3.6 - 3.8).en\Khuddaka Nikaya Sutta Nipata Chapter 3 (3.6 - 3.8).en.srt","","5","COM EN MP4 SRT TXT","1786120320628"
"KN Sutta Nipata Chapter 3 (3.9 - 3.10)","","KN","Khuddaka Nikaya","Sutta Nipata Chapter 3 (3.9 - 3.10)","RAW","85","True","True","False","False","False","False","True","True","False","True","False","","","","en","frontendoptimised2\downloads\Khuddaka Nikaya by Bhante Dhammavuddho Hye Mahathera\Sutta Nipata Chapter 3 (3.9 - 3.10).en\Sutta Nipata Chapter 3 (3.9 - 3.10).en.json","frontendoptimised2\downloads\Khuddaka Nikaya by Bhante Dhammavuddho Hye Mahathera\Sutta Nipata Chapter 3 (3.9 - 3.10)\Khuddaka Nikaya Sutta Nipata Chapter 3 (3.9 - 3.10).mp4","frontendoptimised2\downloads\Khuddaka Nikaya by Bhante Dhammavuddho Hye Mahathera\Sutta Nipata Chapter 3 (3.9 - 3.10).en\Khuddaka Nikaya Sutta Nipata Chapter 3 (3.9 - 3.10).en.srt","","5","COM EN MP4 SRT TXT","1786120320696"
"KN Sutta Nipata Chapter 3 (3.11 - 3.12)","","KN","Khuddaka Nikaya","Sutta Nipata Chapter 3 (3.11 - 3.12)","RAW","85","True","True","False","False","False","False","True","True","False","True","False","","","","en","frontendoptimised2\downloads\Khuddaka Nikaya by Bhante Dhammavuddho Hye Mahathera\Sutta Nipata Chapter 3 (3.11 - 3.12).en\Sutta Nipata Chapter 3 (3.11 - 3.12).en.json","frontendoptimised2\downloads\Khuddaka Nikaya by Bhante Dhammavuddho Hye Mahathera\Sutta Nipata Chapter 3 (3.11 - 3.12)\Khuddaka Nikaya Sutta Nipata Chapter 3 (3.11 - 3.12).mp4","frontendoptimised2\downloads\Khuddaka Nikaya by Bhante Dhammavuddho Hye Mahathera\Sutta Nipata Chapter 3 (3.11 - 3.12).en\Khuddaka Nikaya Sutta Nipata Chapter 3 (3.11 - 3.12).en.srt","","5","COM EN MP4 SRT TXT","1786120320551"
"KN Sutta Nipata Chapter 4 (Part A)","","KN","Khuddaka Nikaya","Sutta Nipata Chapter 4 (Part A)","RAW","85","True","True","False","False","False","False","True","True","False","True","False","","","","en","frontendoptimised2\downloads\Khuddaka Nikaya by Bhante Dhammavuddho Hye Mahathera\Sutta Nipata Chapter 4 (Part A).en\Sutta Nipata Chapter 4 (Part A).en.json","frontendoptimised2\downloads\Khuddaka Nikaya by Bhante Dhammavuddho Hye Mahathera\Sutta Nipata Chapter 4 (Part A)\Khuddaka Nikaya Sutta Nipata Chapter 4 (Part A).mp4","frontendoptimised2\downloads\Khuddaka Nikaya by Bhante Dhammavuddho Hye Mahathera\Sutta Nipata Chapter 4 (Part A).en\Khuddaka Nikaya Sutta Nipata Chapter 4 (Part A).en.srt","","5","COM EN MP4 SRT TXT","1786120320764"
"KN Sutta Nipata Chapter 4 (Part B)","","KN","Khuddaka Nikaya","Sutta Nipata Chapter 4 (Part B)","RAW","85","True","True","False","False","False","False","True","True","False","True","False","","","","en","frontendoptimised2\downloads\Khuddaka Nikaya by Bhante Dhammavuddho Hye Mahathera\Sutta Nipata Chapter 4 (Part B).en\Sutta Nipata Chapter 4 (Part B).en.json","frontendoptimised2\downloads\Khuddaka Nikaya by Bhante Dhammavuddho Hye Mahathera\Sutta Nipata Chapter 4 (Part B)\Khuddaka Nikaya Sutta Nipata Chapter 4 (Part B).mp4","frontendoptimised2\downloads\Khuddaka Nikaya by Bhante Dhammavuddho Hye Mahathera\Sutta Nipata Chapter 4 (Part B).en\Khuddaka Nikaya Sutta Nipata Chapter 4 (Part B).en.srt","","5","COM EN MP4 SRT TXT","1786120320837"
"KN Sutta Nipata Chapter 5 (Part A)","","KN","Khuddaka Nikaya","Sutta Nipata Chapter 5 (Part A)","RAW","85","True","True","False","False","False","False","True","True","False","True","False","","","","en","frontendoptimised2\downloads\Khuddaka Nikaya by Bhante Dhammavuddho Hye Mahathera\Sutta Nipata Chapter 5 (Part A).en\Sutta Nipata Chapter 5 (Part A).en.json","frontendoptimised2\downloads\Khuddaka Nikaya by Bhante Dhammavuddho Hye Mahathera\Sutta Nipata Chapter 5 (Part A)\Khuddaka Nikaya Sutta Nipata Chapter 5 (Part A).mp4","frontendoptimised2\downloads\Khuddaka Nikaya by Bhante Dhammavuddho Hye Mahathera\Sutta Nipata Chapter 5 (Part A).en\Khuddaka Nikaya Sutta Nipata Chapter 5 (Part A).en.srt","","5","COM EN MP4 SRT TXT","1786120320910"
"KN Theragatha Verses 1-67","","KN","Khuddaka Nikaya","Theragatha Verses 1-67","RAW","85","True","True","False","False","False","False","True","True","False","True","False","","","","en","frontendoptimised2\downloads\Khuddaka Nikaya by Bhante Dhammavuddho Hye Mahathera\Theragatha Verses 1-67.en\Theragatha Verses 1-67.en.json","frontendoptimised2\downloads\Khuddaka Nikaya by Bhante Dhammavuddho Hye Mahathera\Theragatha Verses 1-67\Khuddaka Nikaya Theragatha Verses 1-67.mp4","frontendoptimised2\downloads\Khuddaka Nikaya by Bhante Dhammavuddho Hye Mahathera\Theragatha Verses 1-67.en\Khuddaka Nikaya Theragatha Verses 1-67.en.srt","","5","COM EN MP4 SRT TXT","1786120320985"
"KN Theragatha Verses 68-120","","KN","Khuddaka Nikaya","Theragatha Verses 68-120","RAW","85","True","True","False","False","False","False","True","True","False","True","False","","","","en","frontendoptimised2\downloads\Khuddaka Nikaya by Bhante Dhammavuddho Hye Mahathera\Theragatha Verses 68-120.en\Theragatha Verses 68-120.en.json","frontendoptimised2\downloads\Khuddaka Nikaya by Bhante Dhammavuddho Hye Mahathera\Theragatha Verses 68-120\Khuddaka Nikaya Theragatha Verses 68-120.mp4","frontendoptimised2\downloads\Khuddaka Nikaya by Bhante Dhammavuddho Hye Mahathera\Theragatha Verses 68-120.en\Khuddaka Nikaya Theragatha Verses 68-120.en.srt","","5","COM EN MP4 SRT TXT","1786120321780"
"KN Theragatha Verses 121-218","","KN","Khuddaka Nikaya","Theragatha Verses 121-218","RAW","85","True","True","False","False","False","False","True","True","False","True","False","","","","en","frontendoptimised2\downloads\Khuddaka Nikaya by Bhante Dhammavuddho Hye Mahathera\Theragatha Verses 121-218.en\Theragatha Verses 121-218.en.json","frontendoptimised2\downloads\Khuddaka Nikaya by Bhante Dhammavuddho Hye Mahathera\Theragatha Verses 121-218\Khuddaka Nikaya Theragatha Verses 121-218.mp4","frontendoptimised2\downloads\Khuddaka Nikaya by Bhante Dhammavuddho Hye Mahathera\Theragatha Verses 121-218.en\Khuddaka Nikaya Theragatha Verses 121-218.en.srt","","5","COM EN MP4 SRT TXT","1786120321280"
"KN Theragatha Verses 219-266","","KN","Khuddaka Nikaya","Theragatha Verses 219-266","RAW","85","True","True","False","False","False","False","True","True","False","True","False","","","","en","frontendoptimised2\downloads\Khuddaka Nikaya by Bhante Dhammavuddho Hye Mahathera\Theragatha Verses 219-266.en\Theragatha Verses 219-266.en.json","frontendoptimised2\downloads\Khuddaka Nikaya by Bhante Dhammavuddho Hye Mahathera\Theragatha Verses 219-266\Khuddaka Nikaya Theragatha Verses 219-266.mp4","frontendoptimised2\downloads\Khuddaka Nikaya by Bhante Dhammavuddho Hye Mahathera\Theragatha Verses 219-266.en\Khuddaka Nikaya Theragatha Verses 219-266.en.srt","","5","COM EN MP4 SRT TXT","1786120321345"
"KN Theragatha Verses 267-374","","KN","Khuddaka Nikaya","Theragatha Verses 267-374","RAW","85","True","True","False","False","False","False","True","True","False","True","False","","","","en","frontendoptimised2\downloads\Khuddaka Nikaya by Bhante Dhammavuddho Hye Mahathera\Theragatha Verses 267-374.en\Theragatha Verses 267-374.en.json","frontendoptimised2\downloads\Khuddaka Nikaya by Bhante Dhammavuddho Hye Mahathera\Theragatha Verses 267-374\Khuddaka Nikaya Theragatha Verses 267-374.mp4","frontendoptimised2\downloads\Khuddaka Nikaya by Bhante Dhammavuddho Hye Mahathera\Theragatha Verses 267-374.en\Khuddaka Nikaya Theragatha Verses 267-374.en.srt","","5","COM EN MP4 SRT TXT","1786120321414"
"KN Theragatha Verses 375-458","","KN","Khuddaka Nikaya","Theragatha Verses 375-458","RAW","85","True","True","False","False","False","False","True","True","False","True","False","","","","en","frontendoptimised2\downloads\Khuddaka Nikaya by Bhante Dhammavuddho Hye Mahathera\Theragatha Verses 375-458.en\Theragatha Verses 375-458.en.json","frontendoptimised2\downloads\Khuddaka Nikaya by Bhante Dhammavuddho Hye Mahathera\Theragatha Verses 375-458\Khuddaka Nikaya Theragatha Verses 375-458.mp4","frontendoptimised2\downloads\Khuddaka Nikaya by Bhante Dhammavuddho Hye Mahathera\Theragatha Verses 375-458.en\Khuddaka Nikaya Theragatha Verses 375-458.en.srt","","5","COM EN MP4 SRT TXT","1786120321486"
"KN Theragatha Verses 459-596","","KN","Khuddaka Nikaya","Theragatha Verses 459-596","RAW","85","True","True","False","False","False","False","True","True","False","True","False","","","","en","frontendoptimised2\downloads\Khuddaka Nikaya by Bhante Dhammavuddho Hye Mahathera\Theragatha Verses 459-596.en\Theragatha Verses 459-596.en.json","frontendoptimised2\downloads\Khuddaka Nikaya by Bhante Dhammavuddho Hye Mahathera\Theragatha Verses 459-596\Khuddaka Nikaya Theragatha Verses 459-596.mp4","frontendoptimised2\downloads\Khuddaka Nikaya by Bhante Dhammavuddho Hye Mahathera\Theragatha Verses 459-596.en\Khuddaka Nikaya Theragatha Verses 459-596.en.srt","","5","COM EN MP4 SRT TXT","1786120321565"
"KN Theragatha Verses 597-672","","KN","Khuddaka Nikaya","Theragatha Verses 597-672","RAW","85","True","True","False","False","False","False","True","True","False","True","False","","","","en","frontendoptimised2\downloads\Khuddaka Nikaya by Bhante Dhammavuddho Hye Mahathera\Theragatha Verses 597-672.en\Theragatha Verses 597-672.en.json","frontendoptimised2\downloads\Khuddaka Nikaya by Bhante Dhammavuddho Hye Mahathera\Theragatha Verses 597-672\Khuddaka Nikaya Theragatha Verses 597-672.mp4","frontendoptimised2\downloads\Khuddaka Nikaya by Bhante Dhammavuddho Hye Mahathera\Theragatha Verses 597-672.en\Khuddaka Nikaya Theragatha Verses 597-672.en.srt","","5","COM EN MP4 SRT TXT","1786120321641"
"KN Theragatha Verses 673-817","","KN","Khuddaka Nikaya","Theragatha Verses 673-817","RAW","85","True","True","False","False","False","False","True","True","False","True","False","","","","en","frontendoptimised2\downloads\Khuddaka Nikaya by Bhante Dhammavuddho Hye Mahathera\Theragatha Verses 673-817.en\Theragatha Verses 673-817.en.json","frontendoptimised2\downloads\Khuddaka Nikaya by Bhante Dhammavuddho Hye Mahathera\Theragatha Verses 673-817\Khuddaka Nikaya Theragatha Verses 673-817.mp4","frontendoptimised2\downloads\Khuddaka Nikaya by Bhante Dhammavuddho Hye Mahathera\Theragatha Verses 673-817.en\Khuddaka Nikaya Theragatha Verses 673-817.en.srt","","5","COM EN MP4 SRT TXT","1786120321710"
"KN Theragatha Verses 818-891","","KN","Khuddaka Nikaya","Theragatha Verses 818-891","RAW","85","True","True","False","False","False","False","True","True","False","True","False","","","","en","frontendoptimised2\downloads\Khuddaka Nikaya by Bhante Dhammavuddho Hye Mahathera\Theragatha Verses 818-891.en\Theragatha Verses 818-891.en.json","frontendoptimised2\downloads\Khuddaka Nikaya by Bhante Dhammavuddho Hye Mahathera\Theragatha Verses 818-891\Khuddaka Nikaya Theragatha Verses 818-891.mp4","frontendoptimised2\downloads\Khuddaka Nikaya by Bhante Dhammavuddho Hye Mahathera\Theragatha Verses 818-891.en\Khuddaka Nikaya Theragatha Verses 818-891.en.srt","","5","COM EN MP4 SRT TXT","1786120321855"
"KN Theragatha Verses 892-1017","","KN","Khuddaka Nikaya","Theragatha Verses 892-1017","RAW","85","True","True","False","False","False","False","True","True","False","True","False","","","","en","frontendoptimised2\downloads\Khuddaka Nikaya by Bhante Dhammavuddho Hye Mahathera\Theragatha Verses 892-1017.en\Theragatha Verses 892-1017.en.json","frontendoptimised2\downloads\Khuddaka Nikaya by Bhante Dhammavuddho Hye Mahathera\Theragatha Verses 892-1017\Khuddaka Nikaya Theragatha Verses 892-1017.mp4","frontendoptimised2\downloads\Khuddaka Nikaya by Bhante Dhammavuddho Hye Mahathera\Theragatha Verses 892-1017.en\Khuddaka Nikaya Theragatha Verses 892-1017.en.srt","","5","COM EN MP4 SRT TXT","1786120321932"
"KN Theragatha Verses 1018-1090","","KN","Khuddaka Nikaya","Theragatha Verses 1018-1090","RAW","85","True","True","False","False","False","False","True","True","False","True","False","","","","en","frontendoptimised2\downloads\Khuddaka Nikaya by Bhante Dhammavuddho Hye Mahathera\Theragatha Verses 1018-1090.en\Theragatha Verses 1018-1090.en.json","frontendoptimised2\downloads\Khuddaka Nikaya by Bhante Dhammavuddho Hye Mahathera\Theragatha Verses 1018-1090\Khuddaka Nikaya Theragatha Verses 1018-1090.mp4","frontendoptimised2\downloads\Khuddaka Nikaya by Bhante Dhammavuddho Hye Mahathera\Theragatha Verses 1018-1090.en\Khuddaka Nikaya Theragatha Verses 1018-1090.en.srt","","5","COM EN MP4 SRT TXT","1786120321054"
"KN Theragatha Verses 1091-1208","","KN","Khuddaka Nikaya","Theragatha Verses 1091-1208","RAW","85","True","True","False","False","False","False","True","True","False","True","False","","","","en","frontendoptimised2\downloads\Khuddaka Nikaya by Bhante Dhammavuddho Hye Mahathera\Theragatha Verses 1091-1208.en\Theragatha Verses 1091-1208.en.json","frontendoptimised2\downloads\Khuddaka Nikaya by Bhante Dhammavuddho Hye Mahathera\Theragatha Verses 1091-1208\Khuddaka Nikaya Theragatha Verses 1091-1208.mp4","frontendoptimised2\downloads\Khuddaka Nikaya by Bhante Dhammavuddho Hye Mahathera\Theragatha Verses 1091-1208.en\Khuddaka Nikaya Theragatha Verses 1091-1208.en.srt","","5","COM EN MP4 SRT TXT","1786120321143"
"KN Theragatha Verses 1209-1279","","KN","Khuddaka Nikaya","Theragatha Verses 1209-1279","RAW","85","True","True","False","False","False","False","True","True","False","True","False","","","","en","frontendoptimised2\downloads\Khuddaka Nikaya by Bhante Dhammavuddho Hye Mahathera\Theragatha Verses 1209-1279.en\Theragatha Verses 1209-1279.en.json","frontendoptimised2\downloads\Khuddaka Nikaya by Bhante Dhammavuddho Hye Mahathera\Theragatha Verses 1209-1279\Khuddaka Nikaya Theragatha Verses 1209-1279.mp4","frontendoptimised2\downloads\Khuddaka Nikaya by Bhante Dhammavuddho Hye Mahathera\Theragatha Verses 1209-1279.en\Khuddaka Nikaya Theragatha Verses 1209-1279.en.srt","","5","COM EN MP4 SRT TXT","1786120321210"
"KN Therigatha Verses 1-101","","KN","Khuddaka Nikaya","Therigatha Verses 1-101","RAW","85","True","True","False","False","False","False","True","True","False","True","False","","","","en","frontendoptimised2\downloads\Khuddaka Nikaya by Bhante Dhammavuddho Hye Mahathera\Therigatha Verses 1-101.en\Therigatha Verses 1-101.en.json","frontendoptimised2\downloads\Khuddaka Nikaya by Bhante Dhammavuddho Hye Mahathera\Therigatha Verses 1-101\Khuddaka Nikaya Therigatha Verses 1-101.mp4","frontendoptimised2\downloads\Khuddaka Nikaya by Bhante Dhammavuddho Hye Mahathera\Therigatha Verses 1-101.en\Khuddaka Nikaya Therigatha Verses 1-101.en.srt","","5","COM EN MP4 SRT TXT","1786120321999"
"KN Therigatha Verses 102-212","","KN","Khuddaka Nikaya","Therigatha Verses 102-212","RAW","85","True","True","False","False","False","False","True","True","False","True","False","","","","en","frontendoptimised2\downloads\Khuddaka Nikaya by Bhante Dhammavuddho Hye Mahathera\Therigatha Verses 102-212.en\Therigatha Verses 102-212.en.json","frontendoptimised2\downloads\Khuddaka Nikaya by Bhante Dhammavuddho Hye Mahathera\Therigatha Verses 102-212\Khuddaka Nikaya Therigatha Verses 102-212.mp4","frontendoptimised2\downloads\Khuddaka Nikaya by Bhante Dhammavuddho Hye Mahathera\Therigatha Verses 102-212.en\Khuddaka Nikaya Therigatha Verses 102-212.en.srt","","5","COM EN MP4 SRT TXT","1786120322066"
"KN Therigatha Verses 224-365","","KN","Khuddaka Nikaya","Therigatha Verses 224-365","RAW","85","True","True","False","False","False","False","True","True","False","True","False","","","","en","frontendoptimised2\downloads\Khuddaka Nikaya by Bhante Dhammavuddho Hye Mahathera\Therigatha Verses 224-365.en\Therigatha Verses 224-365.en.json","frontendoptimised2\downloads\Khuddaka Nikaya by Bhante Dhammavuddho Hye Mahathera\Therigatha Verses 224-365\Khuddaka Nikaya Therigatha Verses 224-365.mp4","frontendoptimised2\downloads\Khuddaka Nikaya by Bhante Dhammavuddho Hye Mahathera\Therigatha Verses 224-365.en\Khuddaka Nikaya Therigatha Verses 224-365.en.srt","","5","COM EN MP4 SRT TXT","1786120322139"
"KN Therigatha Verses 487-522","","KN","Khuddaka Nikaya","Therigatha Verses 487-522","RAW","85","True","True","False","False","False","False","True","True","False","True","False","","","","en","frontendoptimised2\downloads\Khuddaka Nikaya by Bhante Dhammavuddho Hye Mahathera\Therigatha Verses 487-522.en\Therigatha Verses 487-522.en.json","frontendoptimised2\downloads\Khuddaka Nikaya by Bhante Dhammavuddho Hye Mahathera\Therigatha Verses 487-522\Khuddaka Nikaya Therigatha Verses 487-522.mp4","frontendoptimised2\downloads\Khuddaka Nikaya by Bhante Dhammavuddho Hye Mahathera\Therigatha Verses 487-522.en\Khuddaka Nikaya Therigatha Verses 487-522.en.srt","","5","COM EN MP4 SRT TXT","1786120322202"
"KN Udana Chapter 1","","KN","Khuddaka Nikaya","Udana Chapter 1","RAW","85","True","True","False","False","False","False","True","True","False","True","False","","","","en","frontendoptimised2\downloads\Khuddaka Nikaya by Bhante Dhammavuddho Hye Mahathera\Udana Chapter 1.en\Udana Chapter 1.en.json","frontendoptimised2\downloads\Khuddaka Nikaya by Bhante Dhammavuddho Hye Mahathera\Udana Chapter 1\KN Udana Chapter 1.mp4","frontendoptimised2\downloads\Khuddaka Nikaya by Bhante Dhammavuddho Hye Mahathera\Udana Chapter 1.en\KN Udana Chapter 1.en.srt","","5","COM EN MP4 SRT TXT","1786120322278"
"KN Udana Chapter 2","","KN","Khuddaka Nikaya","Udana Chapter 2","RAW","85","True","True","False","False","False","False","True","True","False","True","False","","","","en","frontendoptimised2\downloads\Khuddaka Nikaya by Bhante Dhammavuddho Hye Mahathera\Udana Chapter 2.en\Udana Chapter 2.en.json","frontendoptimised2\downloads\Khuddaka Nikaya by Bhante Dhammavuddho Hye Mahathera\Udana Chapter 2\Khuddaka Nikaya Udana Chapter 2.mp4","frontendoptimised2\downloads\Khuddaka Nikaya by Bhante Dhammavuddho Hye Mahathera\Udana Chapter 2.en\Khuddaka Nikaya Udana Chapter 2.en.srt","","5","COM EN MP4 SRT TXT","1786120322354"
"KN Udana Chapter 3","","KN","Khuddaka Nikaya","Udana Chapter 3","RAW","85","True","True","False","False","False","False","True","True","False","True","False","","","","en","frontendoptimised2\downloads\Khuddaka Nikaya by Bhante Dhammavuddho Hye Mahathera\Udana Chapter 3.en\Udana Chapter 3.en.json","frontendoptimised2\downloads\Khuddaka Nikaya by Bhante Dhammavuddho Hye Mahathera\Udana Chapter 3\Khuddaka Nikaya Udana Chapter 3.mp4","frontendoptimised2\downloads\Khuddaka Nikaya by Bhante Dhammavuddho Hye Mahathera\Udana Chapter 3.en\Khuddaka Nikaya Udana Chapter 3.en.srt","","5","COM EN MP4 SRT TXT","1786120322428"
"KN Udana Chapter 4","","KN","Khuddaka Nikaya","Udana Chapter 4","RAW","85","True","True","False","False","False","False","True","True","False","True","False","","","","en","frontendoptimised2\downloads\Khuddaka Nikaya by Bhante Dhammavuddho Hye Mahathera\Udana Chapter 4.en\Udana Chapter 4.en.json","frontendoptimised2\downloads\Khuddaka Nikaya by Bhante Dhammavuddho Hye Mahathera\Udana Chapter 4\Khuddaka Nikaya Udana Chapter 4.mp4","frontendoptimised2\downloads\Khuddaka Nikaya by Bhante Dhammavuddho Hye Mahathera\Udana Chapter 4.en\Khuddaka Nikaya Udana Chapter 4.en.srt","","5","COM EN MP4 SRT TXT","1786120322506"
"KN Udana Chapter 5","","KN","Khuddaka Nikaya","Udana Chapter 5","RAW","85","True","True","False","False","False","False","True","True","False","True","False","","","","en","frontendoptimised2\downloads\Khuddaka Nikaya by Bhante Dhammavuddho Hye Mahathera\Udana Chapter 5.en\Udana Chapter 5.en.json","frontendoptimised2\downloads\Khuddaka Nikaya by Bhante Dhammavuddho Hye Mahathera\Udana Chapter 5\Khuddaka Nikaya Udana Chapter 5.mp4","frontendoptimised2\downloads\Khuddaka Nikaya by Bhante Dhammavuddho Hye Mahathera\Udana Chapter 5.en\Khuddaka Nikaya Udana Chapter 5.en.srt","","5","COM EN MP4 SRT TXT","1786120322582"
"KN Udana Chapter 6","","KN","Khuddaka Nikaya","Udana Chapter 6","RAW","85","True","True","False","False","False","False","True","True","False","True","False","","","","en","frontendoptimised2\downloads\Khuddaka Nikaya by Bhante Dhammavuddho Hye Mahathera\Udana Chapter 6.en\Udana Chapter 6.en.json","frontendoptimised2\downloads\Khuddaka Nikaya by Bhante Dhammavuddho Hye Mahathera\Udana Chapter 6\Khuddaka Nikaya Udana Chapter 6.mp4","frontendoptimised2\downloads\Khuddaka Nikaya by Bhante Dhammavuddho Hye Mahathera\Udana Chapter 6.en\Khuddaka Nikaya Udana Chapter 6.en.srt","","5","COM EN MP4 SRT TXT","1786120322652"
"KN Udana Chapter 7","","KN","Khuddaka Nikaya","Udana Chapter 7","RAW","85","True","True","False","False","False","False","True","True","False","True","False","","","","en","frontendoptimised2\downloads\Khuddaka Nikaya by Bhante Dhammavuddho Hye Mahathera\Udana Chapter 7.en\Udana Chapter 7.en.json","frontendoptimised2\downloads\Khuddaka Nikaya by Bhante Dhammavuddho Hye Mahathera\Udana Chapter 7\Khuddaka Nikaya Udana Chapter 7.mp4","frontendoptimised2\downloads\Khuddaka Nikaya by Bhante Dhammavuddho Hye Mahathera\Udana Chapter 7.en\Khuddaka Nikaya Udana Chapter 7.en.srt","","5","COM EN MP4 SRT TXT","1786120322721"
"KN Udana Chapter 8","","KN","Khuddaka Nikaya","Udana Chapter 8","RAW","85","True","True","False","False","False","False","True","True","False","True","False","","","","en","frontendoptimised2\downloads\Khuddaka Nikaya by Bhante Dhammavuddho Hye Mahathera\Udana Chapter 8.en\Udana Chapter 8.en.json","frontendoptimised2\downloads\Khuddaka Nikaya by Bhante Dhammavuddho Hye Mahathera\Udana Chapter 8\Khuddaka Nikaya Udana Chapter 8.mp4","frontendoptimised2\downloads\Khuddaka Nikaya by Bhante Dhammavuddho Hye Mahathera\Udana Chapter 8.en\Khuddaka Nikaya Udana Chapter 8.en.srt","","5","COM EN MP4 SRT TXT","1786120322814"
